1412@s.s@Dota 2@s.s@141939@s.s@Asia Spring Invitational, Group Stage@s.s@0
1412@s.s@Dota 2@s.s@232304@s.s@Froggedtv League, Playoffs@s.s@0
1412@s.s@Dota 2@s.s@90367@s.s@Pushka League Div 2, Group Stage@s.s@0
1412@s.s@Dota 2@s.s@145161@s.s@Dspl, Group Stage@s.s@0
1412@s.s@Dota 2@s.s@176451@s.s@Cyber Cup Spring Series, Sea Group Stage@s.s@0
1412@s.s@Dota 2@s.s@266112@s.s@Esl Meisterschaft, Group Stage@s.s@0
1412@s.s@Dota 2@s.s@85539@s.s@Pushka League Div 1, Eu Closed Qualifier@s.s@0
1412@s.s@Dota 2@s.s@254595@s.s@Huya Legendary League, Sea Qualifier, Playoffs@s.s@0
1412@s.s@Dota 2@s.s@174910@s.s@Asia Spring Invitational, Playoffs@s.s@0
1412@s.s@Dota 2@s.s@174909@s.s@Dspl, Playoffs@s.s@0
1412@s.s@Dota 2@s.s@121627@s.s@Realms Collide, Playoffs@s.s@0
1412@s.s@Dota 2@s.s@207883@s.s@Huya Legendary League, Cn, Qualifier@s.s@0
1412@s.s@Dota 2@s.s@220092@s.s@Huya Legendary League, Cn, Qualifier, Playoffs@s.s@0
1412@s.s@Dota 2@s.s@174250@s.s@Parimatch League, Group Stage@s.s@0
1412@s.s@Dota 2@s.s@228726@s.s@Sea Dota Invitational, Playoffs@s.s@0
1412@s.s@Dota 2@s.s@118896@s.s@Red Star Cup, Season, Playoffs@s.s@0
1412@s.s@Dota 2@s.s@136092@s.s@Vulcan Champion League, Playoffs@s.s@0
1412@s.s@Dota 2@s.s@85443@s.s@Epic Prime League@s.s@0
1412@s.s@Dota 2@s.s@95116@s.s@Home Camp, Group Stage@s.s@0
1412@s.s@Dota 2@s.s@122512@s.s@Dota2 Beat Invitational, Playoffs@s.s@0
1412@s.s@Dota 2@s.s@265497@s.s@Huya Legendary League@s.s@0
1412@s.s@Dota 2@s.s@228456@s.s@Omg Cup, Playoffs@s.s@0
1412@s.s@Dota 2@s.s@218523@s.s@Liga Pro Gaming, Playoffs@s.s@0
1412@s.s@Dota 2@s.s@158391@s.s@Cyber Cup Spring Series, Eu Closed Qualifier@s.s@0
1412@s.s@Dota 2@s.s@166254@s.s@Pushka League Div 2, Playoffs@s.s@0
1412@s.s@Dota 2@s.s@202506@s.s@Gamers Without Borders@s.s@0
1412@s.s@Dota 2@s.s@85414@s.s@BTS Pro Series@s.s@0
1412@s.s@Dota 2@s.s@222444@s.s@China Development League, Playoffs@s.s@0
1412@s.s@Dota 2@s.s@123428@s.s@Vulcan Champion League, Group Stage@s.s@0
1412@s.s@Dota 2@s.s@124017@s.s@Esl Premiership Spring, Playoffs@s.s@0
1412@s.s@Dota 2@s.s@124018@s.s@Dota Pit Online - Cn, Group Stage@s.s@0
1412@s.s@Dota 2@s.s@85644@s.s@Oceanic Esports League, Group Stage@s.s@0
1412@s.s@Dota 2@s.s@88052@s.s@Sector: Mb, Playoffs@s.s@0
1412@s.s@Dota 2@s.s@149508@s.s@Dota Pit Online - Cn, Playoffs@s.s@0
1412@s.s@Dota 2@s.s@85441@s.s@China Development League, Group Stage@s.s@0
1412@s.s@Dota 2@s.s@181635@s.s@Cyber Cup Spring Series, Eu Playoffs@s.s@0
1412@s.s@Dota 2@s.s@85496@s.s@China Pro League@s.s@0
1412@s.s@Dota 2@s.s@252327@s.s@Vulkan Fights Series, Group Stage@s.s@0
1412@s.s@Dota 2@s.s@89195@s.s@Esl Premiership Spring, Group Stage@s.s@0
1412@s.s@Dota 2@s.s@119546@s.s@Hephaestus Cup, Season@s.s@0
1412@s.s@Dota 2@s.s@87003@s.s@Liga Pro Gaming, Group Stage@s.s@0
1412@s.s@Dota 2@s.s@187436@s.s@Dota Pit Online - Eu/Cis, Group Stage@s.s@0
1412@s.s@Dota 2@s.s@129295@s.s@Home Camp, Playoffs@s.s@0
1412@s.s@Dota 2@s.s@129294@s.s@Alaman Stayhome, Playoffs@s.s@0
1412@s.s@Dota 2@s.s@213472@s.s@Omg Cup, Group Stage@s.s@0
1412@s.s@Dota 2@s.s@205703@s.s@Sea Dota Invitational, Group Stage@s.s@0
1412@s.s@Dota 2@s.s@89189@s.s@Arena of Blood, Group Stage@s.s@0
1412@s.s@Dota 2@s.s@89178@s.s@Arena of Blood, Closed Qualifier@s.s@0
1412@s.s@Dota 2@s.s@89096@s.s@Pushka League Division 1@s.s@0
1412@s.s@Dota 2@s.s@113445@s.s@Isolation Cup, Closed Qualifier@s.s@0
1412@s.s@Dota 2@s.s@139967@s.s@Isolation Cup, Playoffs@s.s@0
1412@s.s@Dota 2@s.s@99328@s.s@Froggedtv League, Group Stage@s.s@0
1412@s.s@Dota 2@s.s@85428@s.s@Dpl-Cda Professional League, Qualifier@s.s@0
1412@s.s@Dota 2@s.s@186295@s.s@ESL ONE - Birmingham@s.s@0
1412@s.s@Dota 2@s.s@109872@s.s@Dpl-Cda Professional League@s.s@0
1412@s.s@Dota 2@s.s@139966@s.s@Sea Dota Invitational, Vietnam Qualifier@s.s@0
1412@s.s@Dota 2@s.s@261486@s.s@Oceanic Esports League, Playoffs@s.s@0
1412@s.s@Dota 2@s.s@87037@s.s@Reto Cifrut, Playoffs@s.s@0
1412@s.s@Dota 2@s.s@86204@s.s@Red Star Cup, Season, Group Stage@s.s@0
1412@s.s@Dota 2@s.s@86026@s.s@Ilusion Spring, Group Stage@s.s@0
1412@s.s@Dota 2@s.s@86012@s.s@Sigul Pro League, Playoffs@s.s@0
1412@s.s@Dota 2@s.s@196701@s.s@Cyber Cup Spring Series, Sea Playoffs@s.s@0
1412@s.s@Dota 2@s.s@221195@s.s@Dota Pit Online - Eu/Cis, Playoffs@s.s@0
1412@s.s@Dota 2@s.s@85474@s.s@Pushka League Div 1, Cis Closed Qualifier@s.s@0
1413@s.s@Football@s.s@86437@s.s@Fifa Pro Player Cup PS4@s.s@0
1413@s.s@Football@s.s@235051@s.s@Liga de Ascenso, Clausura@s.s@0
1413@s.s@Football@s.s@85417@s.s@Esports Battle - English Premier League@s.s@0
1413@s.s@Football@s.s@85422@s.s@Esoccer battle@s.s@0
1413@s.s@Football@s.s@236693@s.s@Czech Republic 1. Liga Srl@s.s@0
1413@s.s@Football@s.s@196723@s.s@Liga Pro 6X6@s.s@0
1413@s.s@Football@s.s@182497@s.s@Esports Battle - Night International Friendlies@s.s@0
1413@s.s@Football@s.s@197456@s.s@Serbia Cup@s.s@0
1413@s.s@Football@s.s@184438@s.s@Special@s.s@0
1413@s.s@Football@s.s@202072@s.s@ÖFB Cup@s.s@0
1413@s.s@Football@s.s@202143@s.s@1. Deild@s.s@0
1413@s.s@Football@s.s@202225@s.s@Premium Liiga@s.s@0
1413@s.s@Football@s.s@178667@s.s@Magyar Kupa@s.s@0
1413@s.s@Football@s.s@178340@s.s@Superliga@s.s@0
1413@s.s@Football@s.s@207483@s.s@FNL@s.s@0
1413@s.s@Football@s.s@207733@s.s@K3 League@s.s@0
1413@s.s@Football@s.s@208739@s.s@U19 Championship@s.s@0
1413@s.s@Football@s.s@183465@s.s@Superligaen@s.s@0
1413@s.s@Football@s.s@209852@s.s@Italian Cup Esports@s.s@0
1413@s.s@Football@s.s@209413@s.s@Europa League eSports@s.s@0
1413@s.s@Football@s.s@209388@s.s@Champions League eSports@s.s@0
1413@s.s@Football@s.s@211774@s.s@Copa Libertadores SRL@s.s@0
1413@s.s@Football@s.s@173514@s.s@Ekstraklasa@s.s@0
1413@s.s@Football@s.s@172765@s.s@U19 Svenska Spel Sodra, Women@s.s@0
1413@s.s@Football@s.s@192157@s.s@1. Liga@s.s@0
1413@s.s@Football@s.s@212074@s.s@Bundesliga Esports@s.s@0
1413@s.s@Football@s.s@188140@s.s@Supercombis@s.s@0
1413@s.s@Football@s.s@188034@s.s@Croatian Cup@s.s@0
1413@s.s@Football@s.s@193193@s.s@NB I@s.s@0
1413@s.s@Football@s.s@187001@s.s@Puchar Polski@s.s@0
1413@s.s@Football@s.s@89263@s.s@Primeira Liga 19/20@s.s@0
1413@s.s@Football@s.s@213845@s.s@DBU Pokalen@s.s@0
1413@s.s@Football@s.s@264196@s.s@Superettan@s.s@0
1413@s.s@Football@s.s@91677@s.s@Reserve League@s.s@0
1413@s.s@Football@s.s@213949@s.s@Primera Division, Clausura@s.s@0
1413@s.s@Football@s.s@214221@s.s@I Liga@s.s@0
1413@s.s@Football@s.s@166225@s.s@FA Cup@s.s@0
1413@s.s@Football@s.s@114697@s.s@K-League Classic@s.s@0
1413@s.s@Football@s.s@165734@s.s@GT Premier League@s.s@0
1413@s.s@Football@s.s@165573@s.s@GT Serie A@s.s@0
1413@s.s@Football@s.s@263546@s.s@First Professional League@s.s@0
1413@s.s@Football@s.s@95082@s.s@Vtoraya Liga@s.s@0
1413@s.s@Football@s.s@91598@s.s@Mulan Football League, Women@s.s@0
1413@s.s@Football@s.s@208462@s.s@1. HNL@s.s@0
1413@s.s@Football@s.s@89262@s.s@Serie A 19/20@s.s@0
1413@s.s@Football@s.s@165735@s.s@GT Bundesliga@s.s@0
1413@s.s@Football@s.s@263255@s.s@La Liga 2@s.s@0
1413@s.s@Football@s.s@165574@s.s@GT Turkey Super Lig@s.s@0
1413@s.s@Football@s.s@165258@s.s@U21 Club Friendly Games@s.s@0
1413@s.s@Football@s.s@263108@s.s@1. Deild, Women@s.s@0
1413@s.s@Football@s.s@215701@s.s@1st Division@s.s@0
1413@s.s@Football@s.s@266129@s.s@V-League@s.s@0
1413@s.s@Football@s.s@266094@s.s@DFB Pokal, Women@s.s@0
1413@s.s@Football@s.s@262671@s.s@U19 V-League@s.s@0
1413@s.s@Football@s.s@262320@s.s@La Liga@s.s@0
1413@s.s@Football@s.s@87034@s.s@Esports Battle - Champions League C@s.s@0
1413@s.s@Football@s.s@266319@s.s@V-League 2@s.s@0
1413@s.s@Football@s.s@103699@s.s@Alf Championship, Vysshaya Liga@s.s@0
1413@s.s@Football@s.s@265867@s.s@Coppa Italia@s.s@0
1413@s.s@Football@s.s@261035@s.s@U19 Championship, Women@s.s@0
1413@s.s@Football@s.s@87035@s.s@Cyber Copa America@s.s@0
1413@s.s@Football@s.s@260821@s.s@Esiliiga B@s.s@0
1413@s.s@Football@s.s@260708@s.s@National League@s.s@0
1413@s.s@Football@s.s@260707@s.s@First League@s.s@0
1413@s.s@Football@s.s@260706@s.s@1. ZFL, Women@s.s@0
1413@s.s@Football@s.s@160112@s.s@2nd Bundesliga@s.s@0
1413@s.s@Football@s.s@159920@s.s@Bundesliga@s.s@0
1413@s.s@Football@s.s@217472@s.s@Eliteserien@s.s@0
1413@s.s@Football@s.s@159591@s.s@Esports Battle - Night Euro 2020@s.s@0
1413@s.s@Football@s.s@88436@s.s@Primera Division, Clausura, Playoffs@s.s@0
1413@s.s@Football@s.s@108623@s.s@Cyber Leagues@s.s@0
1413@s.s@Football@s.s@90508@s.s@Netherlands Eredivisie SRL@s.s@0
1413@s.s@Football@s.s@258154@s.s@2. Liga@s.s@0
1413@s.s@Football@s.s@257943@s.s@Super Lig@s.s@0
1413@s.s@Football@s.s@90509@s.s@Portugal Primeira Liga SRL@s.s@0
1413@s.s@Football@s.s@257390@s.s@Meistriliiga Women@s.s@0
1413@s.s@Football@s.s@257389@s.s@Druga Liga Crne Gore@s.s@0
1413@s.s@Football@s.s@90389@s.s@Poland Ekstraklasa SRL@s.s@0
1413@s.s@Football@s.s@87002@s.s@France Cyber Stars League@s.s@0
1413@s.s@Football@s.s@96872@s.s@Alf Championship, First League@s.s@0
1413@s.s@Football@s.s@91873@s.s@Copa Libertadores@s.s@0
1413@s.s@Football@s.s@89509@s.s@Pervaya Liga@s.s@0
1413@s.s@Football@s.s@86516@s.s@Esports Battle - Night Champions League B@s.s@0
1413@s.s@Football@s.s@89308@s.s@UEFA Nations League C - Group 1@s.s@0
1413@s.s@Football@s.s@256544@s.s@Brest Region Cup@s.s@0
1413@s.s@Football@s.s@89309@s.s@UEFA Nations League A - Group 2@s.s@0
1413@s.s@Football@s.s@109011@s.s@Extra time-Belarus Amateur Cup@s.s@0
1413@s.s@Football@s.s@108593@s.s@Belarus Amateur Cup@s.s@0
1413@s.s@Football@s.s@154434@s.s@K-League Challenge@s.s@0
1413@s.s@Football@s.s@89316@s.s@European Championship 2020@s.s@0
1413@s.s@Football@s.s@89314@s.s@1st Division 2020@s.s@0
1413@s.s@Football@s.s@256379@s.s@Allsvenskan@s.s@0
1413@s.s@Football@s.s@89312@s.s@Allsvenskan 2020@s.s@0
1413@s.s@Football@s.s@154758@s.s@U19@s.s@0
1413@s.s@Football@s.s@86481@s.s@Greece Super League SRL@s.s@0
1413@s.s@Football@s.s@219787@s.s@League 1@s.s@0
1413@s.s@Football@s.s@89306@s.s@UEFA Nations League D - Group 2@s.s@0
1413@s.s@Football@s.s@89300@s.s@UEFA Nations League D - Group 1@s.s@0
1413@s.s@Football@s.s@89303@s.s@UEFA Nations League C - Group 4@s.s@0
1413@s.s@Football@s.s@89298@s.s@UEFA Nations League C - Group 3@s.s@0
1413@s.s@Football@s.s@89307@s.s@UEFA Nations League C - Group 2@s.s@0
1413@s.s@Football@s.s@89305@s.s@UEFA Nations League A - Group 1@s.s@0
1413@s.s@Football@s.s@89250@s.s@Superliga 19/20@s.s@0
1413@s.s@Football@s.s@255178@s.s@FA Cup @s.s@0
1413@s.s@Football@s.s@220536@s.s@Mogilev Cup@s.s@0
1413@s.s@Football@s.s@89238@s.s@Russian Cup 19/20@s.s@0
1413@s.s@Football@s.s@89246@s.s@Ligue 2 19/20@s.s@0
1413@s.s@Football@s.s@89247@s.s@Ligue 1 19/20@s.s@0
1413@s.s@Football@s.s@89286@s.s@LaLiga 2 19/20@s.s@0
1413@s.s@Football@s.s@89259@s.s@Coppa Italia 19/20@s.s@0
1413@s.s@Football@s.s@89267@s.s@Copa America, Zone South@s.s@0
1413@s.s@Football@s.s@89270@s.s@Copa America, Zone North@s.s@0
1413@s.s@Football@s.s@89297@s.s@Copa America 2020@s.s@0
1413@s.s@Football@s.s@89251@s.s@Uefa Champions League 19/20@s.s@0
1413@s.s@Football@s.s@89288@s.s@Serie B 19/20@s.s@0
1413@s.s@Football@s.s@254034@s.s@U19 Club Friendly Games@s.s@0
1413@s.s@Football@s.s@89274@s.s@1st Division 19/20@s.s@0
1413@s.s@Football@s.s@89271@s.s@Liga I 19/20@s.s@0
1413@s.s@Football@s.s@89268@s.s@Group B@s.s@0
1413@s.s@Football@s.s@89265@s.s@Especiales@s.s@0
1413@s.s@Football@s.s@89264@s.s@Group A@s.s@0
1413@s.s@Football@s.s@89249@s.s@Taca de Portugal 19/20@s.s@0
1413@s.s@Football@s.s@89248@s.s@JJB Sports Premiership 19/20@s.s@0
1413@s.s@Football@s.s@89245@s.s@National League 19/20@s.s@0
1413@s.s@Football@s.s@89244@s.s@1. HNL 19/20@s.s@0
1413@s.s@Football@s.s@89243@s.s@First Professional League 19/20@s.s@0
1413@s.s@Football@s.s@89242@s.s@First Division A 19/20@s.s@0
1413@s.s@Football@s.s@89241@s.s@Svenska Cup 19/20@s.s@0
1413@s.s@Football@s.s@89239@s.s@PrvaLiga 19/20@s.s@0
1413@s.s@Football@s.s@86468@s.s@Live Arena@s.s@0
1413@s.s@Football@s.s@123427@s.s@Vysshaya League, Women@s.s@0
1413@s.s@Football@s.s@89211@s.s@Premier League 19/20@s.s@0
1413@s.s@Football@s.s@89197@s.s@Esports Battle - Night Europa League@s.s@0
1413@s.s@Football@s.s@222597@s.s@K-League 1 Srl@s.s@0
1413@s.s@Football@s.s@222765@s.s@GT G-26 League@s.s@0
1413@s.s@Football@s.s@253056@s.s@A Lyga@s.s@0
1413@s.s@Football@s.s@89233@s.s@Premiership 19/20@s.s@0
1413@s.s@Football@s.s@89222@s.s@LaLiga 19/20@s.s@0
1413@s.s@Football@s.s@89212@s.s@FA Cup 19/20@s.s@0
1413@s.s@Football@s.s@89225@s.s@Eredivisie 19/20@s.s@0
1413@s.s@Football@s.s@89219@s.s@Ekstraklasa 19/20@s.s@0
1413@s.s@Football@s.s@89200@s.s@EFL Trophy 19/20@s.s@0
1413@s.s@Football@s.s@89229@s.s@Coupe de France 19/20@s.s@0
1413@s.s@Football@s.s@89231@s.s@Bundesliga 19/20@s.s@0
1413@s.s@Football@s.s@89215@s.s@A-League 19/20@s.s@0
1413@s.s@Football@s.s@89230@s.s@2nd Bundesliga 19/20@s.s@0
1413@s.s@Football@s.s@89186@s.s@Copa del Rey 19/20@s.s@0
1413@s.s@Football@s.s@89237@s.s@Superligaen 19/20@s.s@0
1413@s.s@Football@s.s@89234@s.s@Super Lig 19/20@s.s@0
1413@s.s@Football@s.s@89236@s.s@1. Liga 19/20@s.s@0
1413@s.s@Football@s.s@89235@s.s@2. Liga 19/20@s.s@0
1413@s.s@Football@s.s@89232@s.s@Season bets@s.s@0
1413@s.s@Football@s.s@89227@s.s@Super League 19/20@s.s@0
1413@s.s@Football@s.s@89226@s.s@Scottish Cup 19/20@s.s@0
1413@s.s@Football@s.s@89224@s.s@Eerste Divisie 19/20@s.s@0
1413@s.s@Football@s.s@89218@s.s@DFB Pokal 19/20@s.s@0
1413@s.s@Football@s.s@89216@s.s@DBU Pokalen 19/20@s.s@0
1413@s.s@Football@s.s@89214@s.s@NB I 19/20@s.s@0
1413@s.s@Football@s.s@89213@s.s@3rd Liga 19/20@s.s@0
1413@s.s@Football@s.s@252328@s.s@Bundesliga, Women@s.s@0
1413@s.s@Football@s.s@89205@s.s@Puchar Polski 19/20@s.s@0
1413@s.s@Football@s.s@89204@s.s@OFB Cup 19/20@s.s@0
1413@s.s@Football@s.s@89202@s.s@Beker van Belgie 19/20@s.s@0
1413@s.s@Football@s.s@89194@s.s@DFB Pokal@s.s@0
1413@s.s@Football@s.s@89190@s.s@U21 League@s.s@0
1413@s.s@Football@s.s@251154@s.s@Prva Liga@s.s@0
1413@s.s@Football@s.s@224721@s.s@3. Liga@s.s@0
1413@s.s@Football@s.s@250760@s.s@Super League@s.s@0
1413@s.s@Football@s.s@89181@s.s@Turkey Super Lig SRL@s.s@0
1413@s.s@Football@s.s@103452@s.s@Club Friendly Games, Women@s.s@0
1413@s.s@Football@s.s@249918@s.s@Euro Playoffs Srl@s.s@0
1413@s.s@Football@s.s@107662@s.s@Esports Battle - Italian Serie A@s.s@0
1413@s.s@Football@s.s@225889@s.s@II Liga@s.s@0
1413@s.s@Football@s.s@86853@s.s@Eliga Mx@s.s@0
1413@s.s@Football@s.s@88402@s.s@Esports Battle - Cis Cup@s.s@0
1413@s.s@Football@s.s@98262@s.s@Colombia - eLiga Dimayor@s.s@0
1413@s.s@Football@s.s@128779@s.s@Copa Uruguay Fufv@s.s@0
1413@s.s@Football@s.s@87367@s.s@Esports Battle - Night Champions League@s.s@0
1413@s.s@Football@s.s@87368@s.s@Cyber Champions League@s.s@0
1413@s.s@Football@s.s@87366@s.s@1 Division Fufv@s.s@0
1413@s.s@Football@s.s@248245@s.s@Esports Battle - Spain La Liga@s.s@0
1413@s.s@Football@s.s@96407@s.s@Youth League@s.s@0
1413@s.s@Football@s.s@212127@s.s@Premier League Esports @s.s@0
1413@s.s@Football@s.s@247423@s.s@U19 League@s.s@0
1413@s.s@Football@s.s@87239@s.s@UEFA Champions League SRL@s.s@0
1413@s.s@Football@s.s@226284@s.s@National League B@s.s@0
1413@s.s@Football@s.s@199400@s.s@Cup@s.s@0
1413@s.s@Football@s.s@90550@s.s@Austria Bundesliga SRL@s.s@0
1413@s.s@Football@s.s@119548@s.s@Club Friendly Games@s.s@0
1413@s.s@Football@s.s@86305@s.s@Esports Battle - Euro 2020@s.s@0
1413@s.s@Football@s.s@246970@s.s@Syrian League@s.s@0
1413@s.s@Football@s.s@98913@s.s@eLiga Dimayor 2020@s.s@0
1413@s.s@Football@s.s@87737@s.s@2 Division Fufv@s.s@0
1413@s.s@Football@s.s@87526@s.s@Cyber Europa League@s.s@0
1413@s.s@Football@s.s@87848@s.s@UEFA Nations League A - Group 3@s.s@0
1413@s.s@Football@s.s@87525@s.s@Germany Cyber Stars League@s.s@0
1413@s.s@Football@s.s@88125@s.s@3 Division Fufv@s.s@0
1413@s.s@Football@s.s@88124@s.s@Fifa Pro Player Cup XBOX@s.s@0
1413@s.s@Football@s.s@244985@s.s@Hungary NB I, Women@s.s@0
1413@s.s@Football@s.s@86251@s.s@Premier League SRL@s.s@0
1413@s.s@Football@s.s@85903@s.s@League Two 19/20@s.s@0
1413@s.s@Football@s.s@85902@s.s@League One 19/20@s.s@0
1413@s.s@Football@s.s@85771@s.s@Esports Battle - Europa League@s.s@0
1413@s.s@Football@s.s@85987@s.s@Bundesliga SRL@s.s@0
1413@s.s@Football@s.s@86041@s.s@Cyber World Cup@s.s@0
1413@s.s@Football@s.s@228528@s.s@Liga MX specials@s.s@0
1413@s.s@Football@s.s@86205@s.s@Esports Battle - Night English Premier League@s.s@0
1413@s.s@Football@s.s@86206@s.s@Serie A SRL@s.s@0
1413@s.s@Football@s.s@264422@s.s@Serie A@s.s@0
1413@s.s@Football@s.s@230402@s.s@II Liiga Louna/Lääs@s.s@0
1413@s.s@Football@s.s@230573@s.s@II Liiga Ida/Põhi@s.s@0
1413@s.s@Football@s.s@86181@s.s@LaLiga SRL@s.s@0
1413@s.s@Football@s.s@85968@s.s@Belarus Cup@s.s@0
1413@s.s@Football@s.s@85899@s.s@Epremier League Invitational@s.s@0
1413@s.s@Football@s.s@241931@s.s@1. CFL@s.s@0
1413@s.s@Football@s.s@86104@s.s@Esports Battle - International Friendlies@s.s@0
1413@s.s@Football@s.s@86043@s.s@Russia Premier League SRL@s.s@0
1413@s.s@Football@s.s@85901@s.s@Championship 19/20@s.s@0
1413@s.s@Football@s.s@85726@s.s@Esports Battle - Champions League@s.s@0
1413@s.s@Football@s.s@85426@s.s@Esports Battle - German Bundesliga@s.s@0
1413@s.s@Football@s.s@85727@s.s@Vysshaya Liga Dublery (Reserve L)@s.s@0
1413@s.s@Football@s.s@85663@s.s@Ligue 1 SRL@s.s@0
1413@s.s@Football@s.s@85429@s.s@Esports Battle - Nations League@s.s@0
1413@s.s@Football@s.s@231898@s.s@Alf Championship, Basic League@s.s@0
1413@s.s@Football@s.s@231899@s.s@Esiliiga@s.s@0
1413@s.s@Football@s.s@87549@s.s@Esports Battle - Nigth Europa League@s.s@0
1413@s.s@Football@s.s@89299@s.s@UEFA Nations League B - Group 4@s.s@0
1413@s.s@Football@s.s@89304@s.s@UEFA Nations League B - Group 2@s.s@0
1413@s.s@Football@s.s@89302@s.s@UEFA Nations League B - Group 1@s.s@0
1413@s.s@Football@s.s@85589@s.s@UEFA Nations League B - Group 3@s.s@0
1413@s.s@Football@s.s@89301@s.s@UEFA Nations League A - Group 4@s.s@0
1413@s.s@Football@s.s@135171@s.s@Amateur League@s.s@0
1413@s.s@Football@s.s@135705@s.s@Alf Championship, Second League@s.s@0
1413@s.s@Football@s.s@232305@s.s@Segunda Division@s.s@0
1413@s.s@Football@s.s@231900@s.s@Primeira Liga@s.s@0
1413@s.s@Football@s.s@85604@s.s@Italy Cyber Stars League@s.s@0
1413@s.s@Football@s.s@85477@s.s@Premier League@s.s@0
1413@s.s@Football@s.s@85538@s.s@England Cyber Stars League@s.s@0
1413@s.s@Football@s.s@85454@s.s@Esports Battle - Champions League B@s.s@0
1413@s.s@Football@s.s@85446@s.s@Vysshaya Liga@s.s@0
1413@s.s@Football@s.s@85435@s.s@Primera Division@s.s@0
1413@s.s@Football@s.s@85437@s.s@Spain Cyber Stars League@s.s@0
1413@s.s@Football@s.s@234296@s.s@Faxafloamot. Women@s.s@0
1413@s.s@Football@s.s@238696@s.s@1. SNL@s.s@0
1413@s.s@Football@s.s@238564@s.s@Esports Battle - FA Cup@s.s@0
1413@s.s@Football@s.s@85541@s.s@Yokary Liga@s.s@0
1413@s.s@Football@s.s@85455@s.s@Cyberleague Pro Series RPL@s.s@0
1413@s.s@Football@s.s@85436@s.s@U20 Liga Primera Juvenil@s.s@0
1413@s.s@Football@s.s@85434@s.s@Tajik League@s.s@0
1413@s.s@Football@s.s@234987@s.s@Extra time@s.s@0
1413@s.s@Football@s.s@85423@s.s@FIFA / Esoccer Liga Pro@s.s@0
1416@s.s@Tennis@s.s@242004@s.s@Gst Matchplay, Women@s.s@0
1416@s.s@Tennis@s.s@121201@s.s@Exhibition Tennis Point Exhibition Series Men Singles@s.s@0
1416@s.s@Tennis@s.s@194893@s.s@Exo-Tennis Atlanta Men Singles@s.s@0
1416@s.s@Tennis@s.s@244590@s.s@Czech Presidential Cup, Women@s.s@0
1416@s.s@Tennis@s.s@241930@s.s@Gst Matchplay@s.s@0
1416@s.s@Tennis@s.s@244525@s.s@Czech Presidential Cup@s.s@0
1416@s.s@Tennis@s.s@265330@s.s@Baltic Tennis League@s.s@0
1416@s.s@Tennis@s.s@264788@s.s@West Coast Pro Series Women@s.s@0
1416@s.s@Tennis@s.s@140454@s.s@SRL Madrid, Spain Women@s.s@0
1416@s.s@Tennis@s.s@218624@s.s@Exo Tennis Germany Men Singles@s.s@0
1416@s.s@Tennis@s.s@219107@s.s@Exo-Tennis Atlanta@s.s@0
1416@s.s@Tennis@s.s@104134@s.s@Rusia, Amateur League@s.s@0
1416@s.s@Tennis@s.s@89296@s.s@2020 Wimbledon Men Singles@s.s@0
1416@s.s@Tennis@s.s@219416@s.s@UTR Pro Match Series Women@s.s@0
1416@s.s@Tennis@s.s@154949@s.s@Utc Pro Match Series@s.s@0
1416@s.s@Tennis@s.s@89295@s.s@2020 Wimbledon@s.s@0
1416@s.s@Tennis@s.s@140455@s.s@SRL Madrid, Spain@s.s@0
1416@s.s@Tennis@s.s@89310@s.s@2020 US Open@s.s@0
1416@s.s@Tennis@s.s@89315@s.s@Australian Open Men Singles 2021@s.s@0
1416@s.s@Tennis@s.s@230211@s.s@SK Soccer Kup@s.s@0
1416@s.s@Tennis@s.s@86959@s.s@Daily Challenge Tour@s.s@0
1416@s.s@Tennis@s.s@120271@s.s@SRL Munich, Germany@s.s@0
1416@s.s@Tennis@s.s@264421@s.s@West Coast Pro Series@s.s@0
1416@s.s@Tennis@s.s@167932@s.s@US Pro Tennis Series, Women@s.s@0
1416@s.s@Tennis@s.s@213473@s.s@Exo-Tennis Atlanta, Women@s.s@0
1416@s.s@Tennis@s.s@148793@s.s@Smash Cup@s.s@0
1416@s.s@Tennis@s.s@85440@s.s@Australian Open Women Singles 2021@s.s@0
1416@s.s@Tennis@s.s@213239@s.s@Exo-Tennis Atlanta Women Singles@s.s@0
1416@s.s@Tennis@s.s@263905@s.s@East Coast Pro Series@s.s@0
1416@s.s@Tennis@s.s@89221@s.s@2020 French Open@s.s@0
1416@s.s@Tennis@s.s@195455@s.s@Russia Daily Premier Tour, Women@s.s@0
1416@s.s@Tennis@s.s@89311@s.s@US Open 2020@s.s@0
1416@s.s@Tennis@s.s@88301@s.s@Daily Premier Tour@s.s@0
1416@s.s@Tennis@s.s@151003@s.s@Marbello Series Exhibition@s.s@0
1416@s.s@Tennis@s.s@86769@s.s@Exhibition Games@s.s@0
1416@s.s@Tennis@s.s@248432@s.s@Daily Premier Tour, Mixed@s.s@0
1416@s.s@Tennis@s.s@86414@s.s@Russia Liga PRO@s.s@0
1416@s.s@Tennis@s.s@156182@s.s@Davis Cup@s.s@0
1416@s.s@Tennis@s.s@126353@s.s@Russia Masters, Women@s.s@0
1416@s.s@Tennis@s.s@263558@s.s@US Pro Tennis Series@s.s@0
1416@s.s@Tennis@s.s@114524@s.s@Daily Pro Tour, Women@s.s@0
1416@s.s@Tennis@s.s@228033@s.s@Daily Aqua Tour@s.s@0
1416@s.s@Tennis@s.s@223455@s.s@Austrian Pro Series Men Singles@s.s@0
1416@s.s@Tennis@s.s@194196@s.s@Tennis Point Exhibition Series@s.s@0
1416@s.s@Tennis@s.s@89313@s.s@Davis Cup 2020@s.s@0
1416@s.s@Tennis@s.s@98681@s.s@Daily Premier Tour, Women@s.s@0
1416@s.s@Tennis@s.s@89183@s.s@Pro Series@s.s@0
1416@s.s@Tennis@s.s@250966@s.s@Daily Aqua Tour, Mixed@s.s@0
1416@s.s@Tennis@s.s@148041@s.s@Exhibition Games, Women@s.s@0
1416@s.s@Tennis@s.s@89192@s.s@Pro League Moscow@s.s@0
1416@s.s@Tennis@s.s@115069@s.s@Daily Pro Tour@s.s@0
1416@s.s@Tennis@s.s@85605@s.s@International Tennis Series@s.s@0
1417@s.s@Table Tennis@s.s@119547@s.s@Tt Cup, Women@s.s@0
1417@s.s@Table Tennis@s.s@88360@s.s@Boom Cup, Women@s.s@0
1417@s.s@Table Tennis@s.s@100893@s.s@Tt Cup@s.s@0
1417@s.s@Table Tennis@s.s@87860@s.s@Ukraine Win Cup, Women@s.s@0
1417@s.s@Table Tennis@s.s@85855@s.s@Exhibition Autumn League@s.s@0
1417@s.s@Table Tennis@s.s@88261@s.s@ART Cup@s.s@0
1417@s.s@Table Tennis@s.s@85433@s.s@Ukraine Win Cup@s.s@0
1417@s.s@Table Tennis@s.s@86852@s.s@Itt Cup League, Women@s.s@0
1417@s.s@Table Tennis@s.s@85424@s.s@Liga Pro@s.s@0
1417@s.s@Table Tennis@s.s@85421@s.s@Setka Cup, Women@s.s@0
1417@s.s@Table Tennis@s.s@247354@s.s@Challenger Series 2020, Week 22, Session 3@s.s@0
1417@s.s@Table Tennis@s.s@104630@s.s@Masters@s.s@0
1417@s.s@Table Tennis@s.s@85415@s.s@Setka Cup@s.s@0
1417@s.s@Table Tennis@s.s@116304@s.s@ITT Cup@s.s@0
1417@s.s@Table Tennis@s.s@108316@s.s@Challenger Series@s.s@0
1417@s.s@Table Tennis@s.s@89174@s.s@Boom Cup@s.s@0
1417@s.s@Table Tennis@s.s@181650@s.s@Liga Pro China@s.s@0
1417@s.s@Table Tennis@s.s@86914@s.s@Itt Cup League@s.s@0
1417@s.s@Table Tennis@s.s@163152@s.s@Pro Spin Series@s.s@0
1417@s.s@Table Tennis@s.s@87036@s.s@Czech Tt Star Series@s.s@0
1417@s.s@Table Tennis@s.s@96050@s.s@Master Tour@s.s@0
1418@s.s@Futsal@s.s@141524@s.s@International Friendly Games@s.s@0
1418@s.s@Futsal@s.s@85540@s.s@Mogilev Futsal League@s.s@0
1418@s.s@Futsal@s.s@198233@s.s@Vyshchaya Liga@s.s@0
1418@s.s@Futsal@s.s@126527@s.s@Bobruisk Futsal League@s.s@0
1418@s.s@Futsal@s.s@141598@s.s@Futsal Spring League@s.s@0
1418@s.s@Futsal@s.s@247831@s.s@Club Friendly Games@s.s@0
1419@s.s@Basketball@s.s@243002@s.s@Preseason Tournament@s.s@0
1419@s.s@Basketball@s.s@182702@s.s@3x3 South Basketball League@s.s@0
1419@s.s@Basketball@s.s@89279@s.s@Superliga 19/20@s.s@0
1419@s.s@Basketball@s.s@251015@s.s@2K20 Matches@s.s@0
1419@s.s@Basketball@s.s@89283@s.s@BBL 19/20@s.s@0
1419@s.s@Basketball@s.s@142519@s.s@Sbl, Women@s.s@0
1419@s.s@Basketball@s.s@127862@s.s@NBA Cyber Pro League@s.s@0
1419@s.s@Basketball@s.s@126608@s.s@NBA Cyber - Southeast Division@s.s@0
1419@s.s@Basketball@s.s@86544@s.s@Tajikistan Northern Cup@s.s@0
1419@s.s@Basketball@s.s@85431@s.s@Sbl@s.s@0
1419@s.s@Basketball@s.s@248246@s.s@NBA 2K20. Cyber League@s.s@0
1419@s.s@Basketball@s.s@255041@s.s@NBA 2K20. Cyber@s.s@0
1419@s.s@Basketball@s.s@88244@s.s@WNBA 2020@s.s@0
1419@s.s@Basketball@s.s@132192@s.s@NBA Cyber - Southwest Division@s.s@0
1419@s.s@Basketball@s.s@89294@s.s@Pro A 19/20@s.s@0
1419@s.s@Basketball@s.s@89287@s.s@Serie A 19/20@s.s@0
1419@s.s@Basketball@s.s@116099@s.s@NBA Cyber - Pro League@s.s@0
1419@s.s@Basketball@s.s@87127@s.s@NBA Cyber - Eastern Conference@s.s@0
1419@s.s@Basketball@s.s@89191@s.s@Championship@s.s@0
1419@s.s@Basketball@s.s@89732@s.s@NBA Cyber - Western Conference@s.s@0
1419@s.s@Basketball@s.s@105942@s.s@NBA 2K20 Cyber Pro League@s.s@0
1419@s.s@Basketball@s.s@89291@s.s@TBSL 19/20@s.s@0
1419@s.s@Basketball@s.s@89255@s.s@Basketligaen 19/20@s.s@0
1419@s.s@Basketball@s.s@182114@s.s@Championnat National@s.s@0
1419@s.s@Basketball@s.s@119940@s.s@Nba Regular Cup@s.s@0
1419@s.s@Basketball@s.s@192067@s.s@Galaxy League@s.s@0
1419@s.s@Basketball@s.s@128781@s.s@Predators League@s.s@0
1419@s.s@Basketball@s.s@86960@s.s@Rocket League@s.s@0
1419@s.s@Basketball@s.s@86720@s.s@Cyber NBA All Stars League@s.s@0
1419@s.s@Basketball@s.s@104292@s.s@NBA Cyber - Central Division@s.s@0
1419@s.s@Basketball@s.s@85425@s.s@Ebasketball Live Arena@s.s@0
1419@s.s@Basketball@s.s@89256@s.s@Korisliiga 19/20@s.s@0
1419@s.s@Basketball@s.s@103672@s.s@NBA Cyber - Northwest Division@s.s@0
1419@s.s@Basketball@s.s@236921@s.s@NCAA, Regular 20/21@s.s@0
1419@s.s@Basketball@s.s@89290@s.s@A1 19/20@s.s@0
1419@s.s@Basketball@s.s@89223@s.s@Euroleague 19/20@s.s@0
1419@s.s@Basketball@s.s@95795@s.s@NBA Cyber - Pacific Division@s.s@0
1419@s.s@Basketball@s.s@105099@s.s@Campeonato Nacional Carlos Ulloa In Memoriam@s.s@0
1419@s.s@Basketball@s.s@253227@s.s@Hanoi Basketball League@s.s@0
1419@s.s@Basketball@s.s@89289@s.s@Liga ACB 19/20@s.s@0
1419@s.s@Basketball@s.s@89285@s.s@Lkl 19/20@s.s@0
1419@s.s@Basketball@s.s@89293@s.s@NBA 19/20@s.s@0
1419@s.s@Basketball@s.s@167931@s.s@Ebasketball Battle@s.s@0
1419@s.s@Basketball@s.s@130002@s.s@Belarus Pro Series@s.s@0
1419@s.s@Basketball@s.s@89206@s.s@Liga ABA 19/20@s.s@0
1419@s.s@Basketball@s.s@110068@s.s@NBA Cyber - Atlantic Division@s.s@0
1419@s.s@Basketball@s.s@124169@s.s@Club Friendly Games@s.s@0
1419@s.s@Basketball@s.s@89210@s.s@CBA 19/20@s.s@0
1419@s.s@Basketball@s.s@89258@s.s@Est-Latv League 19/20@s.s@0
1419@s.s@Basketball@s.s@89276@s.s@BLB 19/20@s.s@0
1419@s.s@Basketball@s.s@89277@s.s@Super League 19/20@s.s@0
1419@s.s@Basketball@s.s@86438@s.s@Torneo Carlos Ulloa@s.s@0
1419@s.s@Basketball@s.s@113503@s.s@Nblt@s.s@0
1419@s.s@Basketball@s.s@149003@s.s@NBA2K League@s.s@0
1419@s.s@Basketball@s.s@203608@s.s@Galaxy League, Women@s.s@0
1419@s.s@Basketball@s.s@89201@s.s@Eurocup 19/20@s.s@0
1419@s.s@Basketball@s.s@95470@s.s@Nba Regular Cyber Cup@s.s@0
1419@s.s@Basketball@s.s@89278@s.s@United League 19/20@s.s@0
1419@s.s@Basketball@s.s@202365@s.s@Regional Leagues@s.s@0
1428@s.s@Volleyball@s.s@85552@s.s@Liberty League, Women@s.s@1
1428@s.s@Volleyball@s.s@256015@s.s@Arab Championship@s.s@0
1428@s.s@Volleyball@s.s@194005@s.s@Friendly Games, Men@s.s@0
1428@s.s@Volleyball@s.s@104135@s.s@Ural League 2, Women@s.s@0
1428@s.s@Volleyball@s.s@259974@s.s@Cup@s.s@0
1428@s.s@Volleyball@s.s@160940@s.s@Eesti Meistrivõistlused@s.s@0
1428@s.s@Volleyball@s.s@160941@s.s@Club Friendly Games@s.s@0
1428@s.s@Volleyball@s.s@86237@s.s@Ural Volleyball Championship@s.s@0
1428@s.s@Volleyball@s.s@229137@s.s@District League@s.s@0
1428@s.s@Volleyball@s.s@85418@s.s@Ural Volleyball Championship, Women@s.s@1
1428@s.s@Volleyball@s.s@85787@s.s@Tajikistan Cup, Women@s.s@1
1428@s.s@Volleyball@s.s@85419@s.s@Kung Volleyball 3x3 @s.s@1
1428@s.s@Volleyball@s.s@164560@s.s@Champions League Women 19/20@s.s@0
1428@s.s@Volleyball@s.s@164561@s.s@1st Bundesliga 19/20@s.s@0
1428@s.s@Volleyball@s.s@164562@s.s@A1 19/20@s.s@0
1428@s.s@Volleyball@s.s@164563@s.s@Liga Siatkowki, Women 19/20@s.s@0
1428@s.s@Volleyball@s.s@164564@s.s@Ligue A 19/20@s.s@0
1428@s.s@Volleyball@s.s@164565@s.s@A1, Women 19/20@s.s@0
1428@s.s@Volleyball@s.s@231897@s.s@Challenge League@s.s@0
1428@s.s@Volleyball@s.s@203716@s.s@North Western Amateur League@s.s@0
1428@s.s@Volleyball@s.s@199252@s.s@South Pro League@s.s@0
1428@s.s@Volleyball@s.s@227086@s.s@South Pro League, Women@s.s@0
1428@s.s@Volleyball@s.s@164566@s.s@Liga Siatkowki 19/20@s.s@0
1428@s.s@Volleyball@s.s@164567@s.s@Superliga 19/20@s.s@0
1428@s.s@Volleyball@s.s@223648@s.s@Challenge League Women@s.s@0
1428@s.s@Volleyball@s.s@244862@s.s@Copa Aclav@s.s@0
1428@s.s@Volleyball@s.s@173628@s.s@Arabian Club Championship@s.s@0
1428@s.s@Volleyball@s.s@251036@s.s@Copa Venezuela@s.s@0
1428@s.s@Volleyball@s.s@250803@s.s@Amateur League, Mixed@s.s@0
1428@s.s@Volleyball@s.s@250761@s.s@Division A@s.s@0
1428@s.s@Volleyball@s.s@172851@s.s@Champions League@s.s@0
1428@s.s@Volleyball@s.s@188516@s.s@Mvl Mixed@s.s@0
1428@s.s@Volleyball@s.s@201487@s.s@Division 1@s.s@0
1428@s.s@Volleyball@s.s@223447@s.s@Regional Leagues, Women@s.s@0
1428@s.s@Volleyball@s.s@223408@s.s@Club Friendly Games, Women@s.s@0
1428@s.s@Volleyball@s.s@227468@s.s@Challenge Mixed@s.s@0
1428@s.s@Volleyball@s.s@107623@s.s@Tajikistan Champions Cup@s.s@0
1428@s.s@Volleyball@s.s@182279@s.s@Regional Leagues@s.s@0
1428@s.s@Volleyball@s.s@105713@s.s@Amateur Fan League@s.s@0
1428@s.s@Volleyball@s.s@187353@s.s@Liga Pro@s.s@0
1428@s.s@Volleyball@s.s@194207@s.s@International Friendly Games, Men@s.s@0
1428@s.s@Volleyball@s.s@87921@s.s@Armenia Fans Final Four@s.s@0
1428@s.s@Volleyball@s.s@87922@s.s@Ural League 2@s.s@0
1428@s.s@Volleyball@s.s@188515@s.s@Pro League@s.s@0
1428@s.s@Volleyball@s.s@94436@s.s@Ural League@s.s@0
1428@s.s@Volleyball@s.s@256040@s.s@Canaveral League@s.s@0
1428@s.s@Volleyball@s.s@264403@s.s@Division A, Women@s.s@0
1429@s.s@Baseball@s.s@141497@s.s@KBO League@s.s@0
1429@s.s@Baseball@s.s@85554@s.s@CPBL@s.s@0
1429@s.s@Baseball@s.s@154923@s.s@CPBL Minor@s.s@0
1429@s.s@Baseball@s.s@89188@s.s@Pre-season@s.s@0
1429@s.s@Baseball@s.s@99493@s.s@CNBS@s.s@0
1430@s.s@Ice Hockey@s.s@86133@s.s@Comet Division@s.s@0
1430@s.s@Ice Hockey@s.s@149429@s.s@Short Hockey Comet Division@s.s@0
1430@s.s@Ice Hockey@s.s@110603@s.s@Short League 3x7@s.s@0
1430@s.s@Ice Hockey@s.s@85427@s.s@Liga Pro@s.s@0
1430@s.s@Ice Hockey@s.s@258111@s.s@Dream League@s.s@0
1430@s.s@Ice Hockey@s.s@124593@s.s@Cyber NHL League@s.s@0
1430@s.s@Ice Hockey@s.s@191369@s.s@Ice Cup@s.s@0
1430@s.s@Ice Hockey@s.s@94723@s.s@Short league 3x3@s.s@0
1431@s.s@Darts@s.s@85553@s.s@Icons of Darts 2020@s.s@1
1431@s.s@Darts@s.s@176706@s.s@Champion Series@s.s@0
1431@s.s@Darts@s.s@213970@s.s@Remote Darts League@s.s@0
1431@s.s@Darts@s.s@85571@s.s@PDC Home Tour@s.s@1
1431@s.s@Darts@s.s@85430@s.s@A Night at the Darts@s.s@1
1436@s.s@Cycling@s.s@85439@s.s@Tour de France 2020@s.s@0
1436@s.s@Cycling@s.s@89207@s.s@Giro d´Italia@s.s@0
1438@s.s@MMA@s.s@88133@s.s@Bellator San Jose@s.s@0
1438@s.s@MMA@s.s@135278@s.s@UFC Fight Night - Jacksonville 1@s.s@0
1438@s.s@MMA@s.s@210583@s.s@Ufc 250@s.s@0
1438@s.s@MMA@s.s@135752@s.s@UFC Fight Night - Jacksonville 2@s.s@0
1438@s.s@MMA@s.s@89203@s.s@Ufc Fight Night - Oklahoma@s.s@0
1438@s.s@MMA@s.s@89198@s.s@Ufc Fight Night - Lincoln@s.s@0
1438@s.s@MMA@s.s@98867@s.s@UFC 249 - Brooklyn@s.s@0
1438@s.s@MMA@s.s@223155@s.s@Ufc Fight Night - Tba@s.s@0
1438@s.s@MMA@s.s@89208@s.s@Ufc 250 - Sao Paulo@s.s@0
1440@s.s@Badminton@s.s@89176@s.s@Shuttle Masters Cup@s.s@0
1440@s.s@Badminton@s.s@85702@s.s@Armenia Infinity Cup, Doubles@s.s@1
1440@s.s@Badminton@s.s@112627@s.s@Shuttle Masters Cup, Women@s.s@0
1440@s.s@Badminton@s.s@118813@s.s@Shuttle Masters Cup, Doubles@s.s@0
1440@s.s@Badminton@s.s@217435@s.s@Armenia Infinity Cup, Women@s.s@0
1440@s.s@Badminton@s.s@118682@s.s@Shuttle Masters Cup, Women Doubles@s.s@0
1440@s.s@Badminton@s.s@264682@s.s@Shuttle Masters Cup, Mixed Doubles@s.s@0
1440@s.s@Badminton@s.s@89220@s.s@Thomas Cup, 2020@s.s@0
1440@s.s@Badminton@s.s@85416@s.s@Armenia Infinity Cup@s.s@1
1441@s.s@Entertainment@s.s@86638@s.s@Big Brother Brazil 2020@s.s@0
1445@s.s@Rugby@s.s@207970@s.s@Super Rugby@s.s@0
1445@s.s@Rugby@s.s@203249@s.s@NRL   @s.s@0
1446@s.s@Boxing@s.s@89199@s.s@Matchups@s.s@0
1447@s.s@Waterpolo@s.s@89257@s.s@Serie A1 19/20@s.s@0
1447@s.s@Waterpolo@s.s@89280@s.s@Champions League 19/20@s.s@0
1448@s.s@Handball@s.s@89209@s.s@Champions League, Women 19/20@s.s@0
1448@s.s@Handball@s.s@89260@s.s@Champions League 19/20@s.s@0
1448@s.s@Handball@s.s@89240@s.s@Damehandboldligaen 18/19@s.s@0
1448@s.s@Handball@s.s@259911@s.s@Club Friendly Games@s.s@0
1448@s.s@Handball@s.s@89292@s.s@1a Divisao 19/20@s.s@0
1448@s.s@Handball@s.s@89252@s.s@Elitserien 19/20@s.s@0
1448@s.s@Handball@s.s@89275@s.s@Bundesliga 19/20@s.s@0
1448@s.s@Handball@s.s@89253@s.s@Elitserien Women 19/20@s.s@0
1448@s.s@Handball@s.s@85683@s.s@National Championship@s.s@0
1448@s.s@Handball@s.s@89228@s.s@EHF Cup 19/20@s.s@0
1448@s.s@Handball@s.s@89217@s.s@LNH Division 1 19/20@s.s@0
1448@s.s@Handball@s.s@89261@s.s@HLA 19/20@s.s@0
1448@s.s@Handball@s.s@100032@s.s@World Championship 2021@s.s@0
1448@s.s@Handball@s.s@89284@s.s@Handboldligaen 19/20@s.s@0
1448@s.s@Handball@s.s@89254@s.s@Liga Asobal 19/20@s.s@0
1448@s.s@Handball@s.s@188018@s.s@National Championship, Women@s.s@0
1449@s.s@EURO 2020@s.s@89281@s.s@Group E@s.s@0
1449@s.s@EURO 2020@s.s@89282@s.s@Group F@s.s@0
1449@s.s@EURO 2020@s.s@89266@s.s@Group A@s.s@0
1449@s.s@EURO 2020@s.s@89273@s.s@Group C@s.s@0
1449@s.s@EURO 2020@s.s@89272@s.s@Group D@s.s@0
1449@s.s@EURO 2020@s.s@89269@s.s@Group B@s.s@0
1457@s.s@Counter-Strike@s.s@89196@s.s@Lvp Unity League, Argentina Apertura, Playoffs@s.s@0
1457@s.s@Counter-Strike@s.s@196810@s.s@Clutch Season, Playoffs@s.s@0
1457@s.s@Counter-Strike@s.s@182374@s.s@Sector Mb, Group Stage@s.s@0
1457@s.s@Counter-Strike@s.s@202302@s.s@Rtp Arena Cup, Playoffs@s.s@0
1457@s.s@Counter-Strike@s.s@177375@s.s@Home Sweet Home Cup, Closed Qualifier@s.s@0
1457@s.s@Counter-Strike@s.s@210997@s.s@Blast Rising, Playoffs@s.s@0
1457@s.s@Counter-Strike@s.s@175195@s.s@Finnish Esports League, Group Stage@s.s@0
1457@s.s@Counter-Strike@s.s@175150@s.s@Tour Pro, Playoffs@s.s@0
1457@s.s@Counter-Strike@s.s@211775@s.s@Winners League - EU@s.s@0
1457@s.s@Counter-Strike@s.s@119191@s.s@Elisa Invitational@s.s@0
1457@s.s@Counter-Strike@s.s@172071@s.s@Tour Pro, Group Stage@s.s@0
1457@s.s@Counter-Strike@s.s@213394@s.s@Hellcase Cup, Group Stage@s.s@0
1457@s.s@Counter-Strike@s.s@168987@s.s@Home Sweet Home Cup, Playoffs@s.s@0
1457@s.s@Counter-Strike@s.s@167264@s.s@Rtp Arena Cup, Closed Qualifier@s.s@0
1457@s.s@Counter-Strike@s.s@166278@s.s@Telialigaen, Playoffs@s.s@0
1457@s.s@Counter-Strike@s.s@215631@s.s@Winners League, Invite Division, Na - Group Stage@s.s@0
1457@s.s@Counter-Strike@s.s@165064@s.s@99Liga - Div 1, Playoffs@s.s@0
1457@s.s@Counter-Strike@s.s@216701@s.s@Dreamhack Spring, Asia@s.s@0
1457@s.s@Counter-Strike@s.s@160046@s.s@Italia Championship, Playoffs@s.s@0
1457@s.s@Counter-Strike@s.s@219514@s.s@Dreamhack Spring, Oceania@s.s@0
1457@s.s@Counter-Strike@s.s@220045@s.s@Weibo Cup, Playoffs@s.s@0
1457@s.s@Counter-Strike@s.s@149430@s.s@Dreamhack Spring, North America@s.s@0
1457@s.s@Counter-Strike@s.s@222398@s.s@Cbcs, Playoffs@s.s@0
1457@s.s@Counter-Strike@s.s@222777@s.s@Merkur Masters, Finals, Playoffs@s.s@0
1457@s.s@Counter-Strike@s.s@147427@s.s@Dreamhack Spring, Europe@s.s@0
1457@s.s@Counter-Strike@s.s@225875@s.s@Liga Pro Gaming, Playoffs@s.s@0
1457@s.s@Counter-Strike@s.s@141938@s.s@Lvp Assault Division@s.s@0
1457@s.s@Counter-Strike@s.s@124372@s.s@Dreamhack Spring, North America 2020@s.s@0
1457@s.s@Counter-Strike@s.s@264779@s.s@ESL Pro European Championship@s.s@0
1457@s.s@Counter-Strike@s.s@236309@s.s@Sector Mb, Playoffs@s.s@0
1457@s.s@Counter-Strike@s.s@139851@s.s@Blast Rising, Group Stage@s.s@0
1457@s.s@Counter-Strike@s.s@139367@s.s@Home Sweet Home Cup, Group Stage@s.s@0
1457@s.s@Counter-Strike@s.s@85445@s.s@Telia Esports Series, Finals@s.s@0
1457@s.s@Counter-Strike@s.s@85475@s.s@Efire Master League Asia, Group Stage@s.s@0
1457@s.s@Counter-Strike@s.s@85525@s.s@Loot, Group Stage@s.s@0
1457@s.s@Counter-Strike@s.s@85619@s.s@Svenska Elitserien@s.s@0
1457@s.s@Counter-Strike@s.s@85444@s.s@Lvp Unity League@s.s@0
1457@s.s@Counter-Strike@s.s@85438@s.s@ESL One - Road to Rio - Europe@s.s@0
1457@s.s@Counter-Strike@s.s@85432@s.s@ESL One - Road to Rio - North America@s.s@0
1457@s.s@Counter-Strike@s.s@238992@s.s@ESL ANZ Championship@s.s@0
1457@s.s@Counter-Strike@s.s@241134@s.s@Kayzr League, Playoffs@s.s@0
1457@s.s@Counter-Strike@s.s@241133@s.s@Blast Premier Cis Cup, Group Stage@s.s@0
1457@s.s@Counter-Strike@s.s@85664@s.s@ESL One - Road to Rio - Asia@s.s@0
1457@s.s@Counter-Strike@s.s@85476@s.s@ESL One - Road to Rio - South America@s.s@0
1457@s.s@Counter-Strike@s.s@135002@s.s@Loot@s.s@0
1457@s.s@Counter-Strike@s.s@85900@s.s@Huya Darkhorse League, Playoffs@s.s@0
1457@s.s@Counter-Strike@s.s@85926@s.s@ESL UK Premiership@s.s@0
1457@s.s@Counter-Strike@s.s@86025@s.s@Fragleague, Season@s.s@0
1457@s.s@Counter-Strike@s.s@86042@s.s@ESL Meisterschaft@s.s@0
1457@s.s@Counter-Strike@s.s@132848@s.s@Master League Portugal, Season, Group Stage@s.s@0
1457@s.s@Counter-Strike@s.s@242003@s.s@Turkey Championship, Playoffs@s.s@0
1457@s.s@Counter-Strike@s.s@87217@s.s@Turkey Championship@s.s@0
1457@s.s@Counter-Strike@s.s@88132@s.s@ESL One - Road to Rio Oceania@s.s@0
1457@s.s@Counter-Strike@s.s@88129@s.s@ESL One - Road to Rio - CIS@s.s@0
1457@s.s@Counter-Strike@s.s@114837@s.s@ESEA Premier Division@s.s@0
1457@s.s@Counter-Strike@s.s@129701@s.s@Esl Swiss League, Finals@s.s@0
1457@s.s@Counter-Strike@s.s@102955@s.s@Efire Master League Na, Playoffs@s.s@0
1457@s.s@Counter-Strike@s.s@128782@s.s@Cbcs, Group Stage@s.s@0
1457@s.s@Counter-Strike@s.s@128780@s.s@ESL Mistrzostwa Polski@s.s@0
1457@s.s@Counter-Strike@s.s@89075@s.s@ESL Masters España@s.s@0
1457@s.s@Counter-Strike@s.s@127271@s.s@Elisa Invitational, Playoffs@s.s@0
1457@s.s@Counter-Strike@s.s@93919@s.s@Hussar Cup, Playoffs@s.s@0
1457@s.s@Counter-Strike@s.s@124371@s.s@Dreamhack Spring, Europe 2020@s.s@0
1457@s.s@Counter-Strike@s.s@89175@s.s@Huya Darkhorse League, Group Stage@s.s@0
1457@s.s@Counter-Strike@s.s@250555@s.s@Gamers Without Borders, Playoffs@s.s@0
1457@s.s@Counter-Strike@s.s@89180@s.s@Telia Esports Series@s.s@0
1457@s.s@Counter-Strike@s.s@89182@s.s@ESL Championnat National@s.s@0
1457@s.s@Counter-Strike@s.s@89185@s.s@Clutch Season, Group Stage@s.s@0
1457@s.s@Counter-Strike@s.s@250762@s.s@Blast Premier Cis Cup, Playoffs@s.s@0
1457@s.s@Counter-Strike@s.s@89193@s.s@ESL Benelux Championship@s.s@0
1457@s.s@Counter-Strike@s.s@252749@s.s@Svenska Elitserien, Playoffs@s.s@0
1457@s.s@Counter-Strike@s.s@124059@s.s@Efire Master League Asia, Playoffs@s.s@0
1457@s.s@Counter-Strike@s.s@89177@s.s@Dreamhack Masters Spring, Oceania Closed Qualif@s.s@0
1457@s.s@Counter-Strike@s.s@89179@s.s@Dreamhack Masters Spring, Asia Closed Qualif@s.s@0
1457@s.s@Counter-Strike@s.s@89184@s.s@Dreamhack Masters Spring, Eu Closed Qualif@s.s@0
1457@s.s@Counter-Strike@s.s@253284@s.s@Gamers Without Borders, Showmatch@s.s@0
1457@s.s@Counter-Strike@s.s@123618@s.s@Asia Masters, Group Stage@s.s@0
1457@s.s@Counter-Strike@s.s@86939@s.s@Kayzr League@s.s@0
1457@s.s@Counter-Strike@s.s@121628@s.s@Elisa Invitational 2020@s.s@0
1457@s.s@Counter-Strike@s.s@89173@s.s@Dreamhack Masters Spring, Na Closed Qualif@s.s@0
1457@s.s@Counter-Strike@s.s@260023@s.s@Lvp Assault Division, Playoffs@s.s@0
1457@s.s@Counter-Strike@s.s@265858@s.s@Esl India Premiership, Stage 1@s.s@0
1457@s.s@Counter-Strike@s.s@265866@s.s@Number One, Stage 2@s.s@0
1457@s.s@Counter-Strike@s.s@117341@s.s@Esea Premier Division, Australia@s.s@0
1457@s.s@Counter-Strike@s.s@266084@s.s@Voka League, Playoffs@s.s@0
1457@s.s@Counter-Strike@s.s@263387@s.s@Blast Premier Series@s.s@0
1457@s.s@Counter-Strike@s.s@86573@s.s@Hussar Cup, Closed Qualifier@s.s@0
1458@s.s@League of Legends@s.s@85550@s.s@European Masters Spring@s.s@0
1458@s.s@League of Legends@s.s@88128@s.s@TCL@s.s@0
1458@s.s@League of Legends@s.s@174241@s.s@Brcc, Playoffs@s.s@0
1458@s.s@League of Legends@s.s@230494@s.s@Mid-Season Cup@s.s@0
1458@s.s@League of Legends@s.s@88131@s.s@LJL@s.s@0
1458@s.s@League of Legends@s.s@85497@s.s@European Masters Spring 2020@s.s@0
1458@s.s@League of Legends@s.s@85420@s.s@LCK@s.s@0
1458@s.s@League of Legends@s.s@88130@s.s@PCS@s.s@0
1458@s.s@League of Legends@s.s@214421@s.s@Cblol, Split  2 Promotion@s.s@0
1458@s.s@League of Legends@s.s@126607@s.s@Vcs, Summer Promotion@s.s@0
1458@s.s@League of Legends@s.s@209548@s.s@El Nexo, Split  Season@s.s@0
1458@s.s@League of Legends@s.s@85442@s.s@LPL@s.s@0
1458@s.s@League of Legends@s.s@220122@s.s@Lplol, Spring Cup@s.s@0
1458@s.s@League of Legends@s.s@89187@s.s@Brcc, Season@s.s@0
1458@s.s@League of Legends@s.s@86027@s.s@LLA@s.s@0
1458@s.s@League of Legends@s.s@264601@s.s@Dutch League, Summer Split@s.s@0
1458@s.s@League of Legends@s.s@263213@s.s@Belgian League, Summer Split@s.s@0
1458@s.s@League of Legends@s.s@85651@s.s@CBLOL@s.s@0
1458@s.s@League of Legends@s.s@88126@s.s@Oceanic Pro League@s.s@0
1458@s.s@League of Legends@s.s@219832@s.s@Mid-Season Cup 2020@s.s@0
1458@s.s@League of Legends@s.s@86393@s.s@Challengers Korea, Spring Playoffs@s.s@0
1458@s.s@League of Legends@s.s@88127@s.s@Lcl, Spring Playoffs@s.s@0
1563@s.s@Motorsport@s.s@126409@s.s@eNASCAR iRacing@s.s@0
1563@s.s@Motorsport@s.s@135751@s.s@Virtual Formula 1@s.s@0
1572@s.s@Beach Volley@s.s@140493@s.s@Liga Pro, Women@s.s@1
1576@s.s@Biathlon@s.s@146719@s.s@Biathlon 2020/21@s.s@1
1579@s.s@Cricket@s.s@221379@s.s@Vanuatu Blast@s.s@0
1579@s.s@Cricket@s.s@166698@s.s@Taipei T10 League@s.s@0
1579@s.s@Cricket@s.s@214187@s.s@Vincy Premier League@s.s@0
1599@s.s@Aussie Rules@s.s@237496@s.s@AFL@s.s@1
1629@s.s@Snooker@s.s@253241@s.s@Championship League 2019, Group 1@s.s@1
