143;Football;15843;Jordan Premier League;0
143;Football;10563;Russia FNL Cup;0
143;Football;10564;Australia Queensland NPL U20;0
143;Football;10565;Israel Liga Alef;0
143;Football;10566;Turkey 3. Ligi;0
143;Football;10562;Mexico Ascenso MX;0
143;Football;10992;United Arab Emirates Division 1;0
143;Football;10997;Mexico League U20;0
143;Football;10926;Iran Pro League;0
143;Football;10998;Ghana Premier League;0
143;Football;10999;Wales Lower Tier Leagues;0
143;Football;11001;Germany Bundesliga (W);0
143;Football;9741;Cyprus Cup;0
143;Football;11002;England Premier League 2 (Division 2);0
143;Football;10930;Ecuador Primera A;0
143;Football;10582;England Professional Development League;0
143;Football;10933;Thailand Thai League 1;0
143;Football;10934;Oman Professional League;0
143;Football;10935;Germany Regionalliga West;0
143;Football;10936;Germany Regionalliga Nordost;0
143;Football;10939;United Arab Emirates Arabian Gulf League;0
143;Football;4124;Club Friendly Matches;0
143;Football;4128;England Premier League Cup;0
143;Football;4140;Israel Ligat Ha´Al;0
143;Football;4142;Turkey Süper Lig;0
143;Football;4148;Italy Serie A;0
143;Football;4149;France Coupe de France;0
143;Football;4150;Italy Serie B;0
143;Football;4151;England The Championship;0
143;Football;4156;England Premier League;0
143;Football;4159;Italy TIM Cup;0
143;Football;4160;England League Two;0
143;Football;4161;England League One;0
143;Football;4164;Copa Libertadores;0
143;Football;4166;Greece Super League;0
143;Football;4168;Scotland Scottish Premiership;0
143;Football;4171;England FA Cup;0
143;Football;4173;Australia A-League;0
143;Football;4175;Netherlands Eredivisie;0
143;Football;4176;Scotland Championship;0
143;Football;4177;Belgium Jupiler Pro League;0
143;Football;4178;Germany Bundesliga;0
143;Football;4179;France Ligue 1;0
143;Football;4180;Spain La Liga;0
143;Football;4181;Argentina Primera Division;0
143;Football;4182;Mexico Liga MX;0
143;Football;4163;France Coupe de la Ligue;0
143;Football;4146;Netherlands Eerste Divisie;0
143;Football;4186;Scotland League Two;0
143;Football;4187;Scotland League One;0
143;Football;4265;England EFL Trophy;0
143;Football;4342;Spain Copa del Rey;0
143;Football;4312;Portugal Primeira Liga;0
143;Football;4378;South Africa SA Premier Soccer League;0
143;Football;4320;England FA Trophy;0
143;Football;4310;France Ligue 2;0
143;Football;9714;Club Tournaments AFC Cup;0
143;Football;9715;Argentina Reserves Leagues;0
143;Football;9716;Kenya Premier League;0
143;Football;9717;Bhutan Thimphu League;0
143;Football;9718;Saudi Arabia Division 1;0
143;Football;9719;Israel Elite Division U19;0
143;Football;9720;Jordan U20 League;0
143;Football;9721;Rwanda National Football League;0
143;Football;9722;Hungary Cup;0
143;Football;9723;UEFA Youth League;0
143;Football;9724;Tanzania Premier League;0
143;Football;9725;International Youth Friendlies Under 19;0
143;Football;9726;Uganda Cup;0
143;Football;9727;Zambia Super League;0
143;Football;9728;India I-League;0
143;Football;9729;Cameroon Elite One;0
143;Football;9730;Club Tournaments AFC Cup Qualification;0
143;Football;9731;India Super League;0
143;Football;9732;Italy Coppa Italia Serie C;0
143;Football;9733;Italy Coppa Italia Serie D;0
143;Football;9734;Qatar Qatargas League;0
143;Football;9735;Spain Division de Honor Juvenil;0
143;Football;9736;Nigeria Premier League;0
143;Football;9737;Cyprus 1st Division;0
143;Football;9738;Ivory Coast Ligue 1;0
143;Football;9739;Morocco Botola;0
143;Football;9742;Portugal Campeonato de Portugal;0
143;Football;9743;Club Friendly Matches (W);0
143;Football;9744;Spain Copa de la Reina (W);0
143;Football;9745;Netherlands KNVB Beker;0
143;Football;9746;Turkey Türkiye kupasi;0
143;Football;9747;Brazil Paulista A3;0
143;Football;9748;Brazil Paulista A2;0
143;Football;9749;Brazil Copa do Brasil;0
143;Football;9750;England Super League (W);0
143;Football;9751;Iceland League U19;0
143;Football;9752;Brazil Piauiense;0
143;Football;9753;Bolivia Liga Profesional;0
143;Football;9754;Brazil Goiano;0
143;Football;9755;Belgium Proximus League;0
143;Football;9756;Northern Ireland Development League U20;0
143;Football;9757;Iceland League Cup;0
143;Football;9758;Argentina Primera D Metropolitana;0
143;Football;9759;Portugal Taça de Portugal;0
143;Football;9760;Guatemala Primera Division de Ascenso;0
143;Football;9762;El Salvador Segunda Division;0
143;Football;9764;Brazil Campeonato Brasileiro (W);0
143;Football;9765;Brazil Mineiro;0
143;Football;9768;Brazil Potiguar;0
143;Football;9770;Brazil Capixaba;0
143;Football;9772;Jamaica Premier League;0
143;Football;9775;Nepal National League;0
143;Football;9776;Australia NPL Victoria;0
143;Football;10427;Trinidad & Tobago TT Pro League;0
143;Football;10806;Brazil Copa do Nordeste;0
143;Football;10813;Iran Azadegan League;0
143;Football;9777;Myanmar National League U21;0
143;Football;9778;India I-League Division 2;0
143;Football;9779;Azerbaijan 1st Division;0
143;Football;9780;Bangladesh Premier League;0
143;Football;9781;Algeria Cup;0
143;Football;10943;Venezuela Primera Division;0
143;Football;9771;Brazil Carioca A;0
143;Football;9769;Brazil Pernambucano;0
143;Football;9767;Brazil Alagoano;0
143;Football;9763;Guatemala Liga Nacional;0
143;Football;10665;Peru Primera Division;0
143;Football;9773;Colombia Torneo BetPlay Dimayor;0
143;Football;9774;Mexico Copa MX;0
143;Football;10354;England Isthmian League Premier Division;0
143;Football;4776;Spain Tercera División 2;0
143;Football;4770;Spain Tercera División 10;0
143;Football;10598;Sudan Premier League;0
143;Football;10599;Netherlands Eredivisie (W);0
143;Football;5011;Spain La Liga 2;0
143;Football;5014;England EFL Cup;0
143;Football;5013;Germany 2. Bundesliga;0
143;Football;10274;Brazil Tocantinense;0
143;Football;11029;Australia W-League (W);0
143;Football;10282;Argentina Torneo Regional Amateur;0
143;Football;10955;Paraguay Primera Division;0
143;Football;5744;Spain Tercera División 12;0
143;Football;10370;Ireland Leinster Senior League;0
143;Football;5997;Spain Segunda B-4;0
143;Football;5950;Spain Segunda B-3;0
143;Football;5942;Spain Segunda B-2;0
143;Football;5943;Spain Segunda B-1;0
143;Football;10445;Israel Liga Leumit;0
143;Football;6176;Spain Tercera División 6;0
143;Football;6179;Spain Tercera División 5;0
143;Football;6177;Spain Tercera División 4;0
143;Football;6178;Spain Tercera División 3;0
143;Football;6202;Spain Tercera División 16;0
143;Football;6200;Spain Tercera División 15;0
143;Football;6201;Spain Tercera División 14;0
143;Football;6186;Spain Tercera División 11;0
143;Football;10217;Germany Regional Cups;0
143;Football;102;Romania Liga I;0
143;Football;10300;Brazil Cearense;0
143;Football;10301;Argentina Copa Argentina;0
143;Football;10302;Honduras Liga Nacional;0
143;Football;10303;International Tournaments (W) AFC Olympic Qualifying Tournament;0
143;Football;10900;Chile Primera;0
143;Football;10107;Brazil Brasiliense;0
143;Football;10538;Northern Ireland NIFL Premiership;0
143;Football;10539;Wales Premier League;0
143;Football;10451;Saudi Arabia Professional League;0
143;Football;10540;Algeria Ligue 1 U21;0
143;Football;10541;United Arab Emirates U19 League;0
143;Football;10542;Palestine West Bank Premier League;0
143;Football;10543;Brazil Acriano;0
143;Football;10976;Club Tournaments CAF Super Cup;0
143;Football;10455;Qatar Stars Cup;0
143;Football;10979;Germany Oberliga Hamburg;0
143;Football;10980;Germany Oberliga Westfalen;0
143;Football;10162;Guatemala Reserves League;0
143;Football;10171;Kuwait Premier League;0
143;Football;6185;Spain Tercera División 8;0
143;Football;4759;International Friendly Matches;0
143;Football;10982;Malta First Division;0
143;Football;10458;Bulgaria PFL 1;0
143;Football;10459;Finland Suomen Cup;0
143;Football;10461;France Championnat National;0
143;Football;10462;Croatia 1. HNL League;0
143;Football;10465;Germany Regionalliga Nord;0
143;Football;10466;Austria Bundesliga;0
143;Football;10467;Denmark Superligaen;0
143;Football;10468;Germany 3. Liga;0
143;Football;10469;Egypt Premier League;0
143;Football;10470;Switzerland Challenge League;0
143;Football;10471;Ireland Premier Division;0
143;Football;10472;Scotland Challenge Cup;0
143;Football;10476;Colombia Liga BetPlay Dimayor;0
143;Football;10478;Portugal LigaPro;0
143;Football;10480;Italy Serie C Girone B;0
143;Football;10481;Italy Serie C Girone A;0
143;Football;10482;England National League;0
143;Football;10488;England National League South;0
143;Football;10489;England National League North;0
143;Football;10460;Turkey 1. Lig;0
143;Football;10479;Israel Ligat Ha'Al;0
143;Football;10463;Czech Republic First League;0
143;Football;10492;Hungary NB 1;0
143;Football;10493;Italy Serie C Girone C;0
143;Football;10494;Switzerland Super League;0
143;Football;10498;Japan J.League Cup;0
143;Football;10501;Brazil Supercopa do Brasil;0
143;Football;10635;Australia State Cups;0
143;Football;10766;Saudi Arabia Division 2;0
143;Football;10769;England Premier League 2 (Division 1);0
143;Football;10770;Mexico Liga MX Femenil (W);0
143;Football;10984;Algeria Ligue U19;0
143;Football;10985;Myanmar National League 2;0
143;Football;10116;Bahrain Premier League;0
143;Football;10774;Israel Liga Leumit U19;0
143;Football;10497;Brazil Paulista A1;0
143;Football;11123;Paraguay Reserves League;0
143;Football;11124;Australia NPL Queensland;0
143;Football;11127;Italy Campionato Primavera U19;0
143;Football;11129;Palestine Gaza Strip Premier League;0
143;Football;11130;South Africa 1st Division;0
143;Football;11131;Iraq Premier League;0
143;Football;11132;Algeria Ligue 1;0
143;Football;11133;Qatar U23 League;0
143;Football;11134;Egypt Cup;0
143;Football;11137;Montenegro First League;0
143;Football;11150;Malta Premier League;0
143;Football;11163;England FA Cup (W);0
143;Football;11165;Uruguay Reserve League;0
143;Football;11126;AFC Champions League;0
143;Football;11185;Argentina Primera C;0
143;Football;11186;Argentina Femenino (W);0
143;Football;11192;Club Youth Tournaments Copa Libertadores U20;0
143;Football;11221;Scotland Scottish Cup;0
143;Football;11239;Japan J1-League;0
143;Football;11236;Europa League;0
143;Football;11240;Austria Second League;0
143;Football;11269;Sweden Svenska Cupen;0
143;Football;11270;Ukraine Premier League;0
143;Football;11406;Bahrain Division 2;0
143;Football;11411;Iran 2nd Division;0
143;Football;11438;International Youth Tournaments CONCACAF Championship U20;0
143;Football;11453;International Youth Tournaments Arab Youth Cup U20;0
143;Football;11454;Denmark Reserve League;0
143;Football;11455;Egypt 2nd Division;0
143;Football;11488;Netherlands Reserve League;0
143;Football;11530;Uruguay Primera Division U19;0
143;Football;11531;Cameroon Elite Two;0
143;Football;11532;Croatia 1. HNL League Juniori U19;0
143;Football;11533;Scotland Reserve League;0
143;Football;11534;Uganda Premier League;0
143;Football;11535;Algeria Ligue 2;0
143;Football;11536;Oman Sultan Qaboos Cup;0
143;Football;11537;Estonia U19 League;0
143;Football;11553;Northern Ireland NIFL Championship;0
143;Football;11600;Algeria Ligue 2 U21;0
143;Football;11668;Turkey 2. Lig;0
143;Football;11696;England Central League Cup;0
143;Football;11699;England Central League;0
143;Football;11706;Czech Republic 1. Liga U19;0
143;Football;11745;Poland Puchar Polski (W);0
143;Football;11819;Iran Cup;0
143;Football;11821;Italy Coppa Primavera U19;0
143;Football;11822;Tunisia Ligue 1;0
143;Football;11825;Spain Superliga Femenina (W);0
143;Football;11827;Germany Oberliga Niederrhein;0
143;Football;11828;Brazil Sergipano;0
143;Football;11829;Colombia Copa BetPlay Dimayor;0
143;Football;11843;Gibraltar Premier Division;0
143;Football;11844;England National League (W);0
143;Football;11820;Hong Kong 1st Division;0
143;Football;11867;Panama Reserve League;0
143;Football;11872;Brazil Paraibano;0
143;Football;11879;Club Tournaments Recopa Sudamericana;0
143;Football;11860;Costa Rica Liga de Ascenso;0
143;Football;11862;Uruguay Primera Division;0
143;Football;11967;Iran League U23;0
143;Football;11987;Syria Premier League;0
143;Football;12069;Qatar Qatar Stars League;0
143;Football;12072;Kuwait Emir Cup;0
143;Football;12098;Brazil Sul-Matogrossense;0
143;Football;12105;Panama LPF;0
143;Football;12145;Romania Liga II;0
143;Football;12148;Ireland 1st Division;0
143;Football;12177;Belgium Eerste Klasse Amateurs;0
143;Football;12196;International Friendly Matches (W);0
143;Football;12197;Uganda Big League;0
143;Football;12198;Bahrain King of Bahrain Cup;0
143;Football;12200;Egypt Super Cup;0
143;Football;12201;Brazil Maranhense;0
143;Football;12203;Australia Victoria NPL U20;0
143;Football;12172;Japan J2-League;0
143;Football;12204;Australia South Australia State League 1;0
143;Football;12205;Australia Queensland Premier League;0
143;Football;12275;Australia State Cups (W);0
143;Football;12286;Myanmar National League;0
143;Football;12296;Hungary 1st Division U19;0
143;Football;12366;Croatia 2. HNL League;0
143;Football;12396;Portugal Liga Revelacao U23;0
143;Football;12422;Israel Liga Bet;0
143;Football;12426;Australia NPL South Australia;0
143;Football;12449;South Africa Nedbank Cup;0
143;Football;12424;Brazil Amazonense;0
143;Football;12457;Israel Ligat Nashim (W);0
143;Football;12501;Germany Regionalliga Südwest;0
143;Football;12505;Germany Oberliga NOFV-Süd;0
143;Football;12506;Germany Oberliga Bremen;0
143;Football;12508;Germany Oberliga NOFV-Nord;0
143;Football;12526;Serbia Super Liga;0
143;Football;12529;United Arab Emirates President's Cup;0
143;Football;12532;Brazil Paranaense;0
143;Football;12541;Scotland Premier League (W);0
143;Football;12542;Jordan FA Shield;0
143;Football;12559;Turkey U19 Ligi;0
143;Football;12500;Argentina Primera B Nacional;0
143;Football;12572;South Africa Premier League Reserves;0
143;Football;12595;Australia State Leagues;0
143;Football;12596;Australia FFA Cup;0
143;Football;12610;Australia Queensland NPL (W);0
143;Football;12614;Germany A-Junioren-Bundesliga Nord/Nordost;0
143;Football;12615;Germany A-Junioren-Bundesliga West;0
143;Football;12617;Belgium Tweede Klasse Amateurs VFV B;0
143;Football;12618;Kenya Super League;0
143;Football;12632;Germany A-Junioren-Bundesliga Süd/Südwest;0
143;Football;12646;Thailand Thai League 2;0
143;Football;12687;Bosnia & Herzegovina Premijer Liga;0
143;Football;12728;Netherlands Tweede Divisie;0
143;Football;12754;Costa Rica Primera Division U20;0
143;Football;12758;Bulgaria PFL 2;0
143;Football;12769;Cyprus 2nd Division;0
143;Football;12771;Belgium Tweede Klasse Amateurs VFV A;0
143;Football;12779;Argentina Torneo Federal A;0
143;Football;12804;Iceland League Cup B;0
143;Football;12805;Belgium Super League (W);0
143;Football;12806;Sweden Svenska Cupen (W);0
143;Football;12808;Belgium Tweede Klasse Amateurs ACFF;0
143;Football;12827;Ireland Munster Senior League;0
143;Football;12828;Ireland FAI Intermediate Cup;0
143;Football;12840;El Salvador Primera Division;0
143;Football;12862;Peru Reserve League;0
143;Football;12850;Brazil Gaúcho;0
143;Football;12874;Argentina Primera B Metropolitana;0
143;Football;12884;Azerbaijan Premier League;0
143;Football;12904;Australia Reserve Leagues;0
143;Football;12908;Slovenia Prva Liga;0
143;Football;12909;Slovakia Super Liga;0
143;Football;12925;Finland A- Junior League U20;0
143;Football;12926;France Division 1 (W);0
143;Football;12927;Germany Oberliga Schleswig-Holstein;0
143;Football;12929;Slovakia League U19;0
143;Football;12930;Singapore Charity Shield;0
143;Football;12931;Denmark League U19;0
143;Football;12932;Czech Republic 1. Liga (W);0
143;Football;12933;Burundi Premier League;0
143;Football;12935;Germany Oberliga Niedersachsen;0
143;Football;12937;Italy Serie A (W);0
143;Football;12938;Serbia Super Liga (W);0
143;Football;12940;Croatia 3. HNL League;0
143;Football;12945;Germany Oberliga Hessen;0
143;Football;12947;Scotland Amateur Leagues;0
143;Football;12948;Luxembourg National Division;0
143;Football;12949;Senegal Premier League;0
143;Football;12950;Brazil Matogrossense;0
143;Football;13001;Barbados Premier League;0
143;Football;13025;Australia NPL Western Australia;0
143;Football;13068;Portugal Juniores A U19;0
143;Football;13069;Andorra Primera Division;0
143;Football;13070;Hungary NB 2;0
143;Football;12996;Chile Primera B;0
143;Football;13101;International Youth Tournaments (W) CONCACAF Championship U20;0
143;Football;13104;France Coupe Gambardella;0
143;Football;13113;New Zealand ASB Premiership;0
143;Football;13114;Italy Serie D Girone A;0
143;Football;13115;Italy Serie D Girone B;0
143;Football;13116;Italy Serie D Girone F;0
143;Football;13117;Italy Serie D Girone E;0
143;Football;13118;Italy Serie D Girone D;0
143;Football;13119;Italy Serie D Girone G;0
143;Football;13120;Italy Serie D Girone C;0
143;Football;13122;Italy Serie D Girone H;0
143;Football;13173;France National 2 Group B;0
143;Football;13174;France National 2 Group A;0
143;Football;13175;France National 2 Group C;0
143;Football;13176;France National 2 Group D;0
143;Football;13212;Venezuela Segunda Division;0
143;Football;13216;USA NPSL;0
143;Football;13217;Fiji National League;0
143;Football;13218;Turkey 1. Futbol Ligi (W);0
143;Football;13264;Hong Kong Sapling Cup;0
143;Football;13270;Germany 2. Bundesliga (W);0
143;Football;13272;Spain Segunda División Feminina (W);0
143;Football;13280;England The Championship (W);0
143;Football;13281;Greece Gamma Ethniki;0
143;Football;13286;Italy Serie D Girone I;0
143;Football;13292;Finland Kakkosen Cup;0
143;Football;13293;Ghana FA Cup;0
143;Football;13294;Portugal Campeonato Nacional (W);0
143;Football;13253;Spain Tercera División 17;0
143;Football;13254;Spain Tercera División 18;0
143;Football;13317;Malaysia Youth Cups;0
143;Football;13348;Greece Super League (W);0
143;Football;13394;Morocco Botola 2;0
143;Football;13456;USA MLS;0
143;Football;13454;Russia Premier League;0
143;Football;13455;South Korea K-League 1;0
143;Football;13532;Scotland Reserve Cup;0
143;Football;13576;Israel State Cup (W);0
143;Football;13593;Belgium Pro League Cup U21;0
143;Football;13594;Belgium Pro League U21;0
143;Football;13595;Iceland League Cup (W);0
143;Football;13578;Denmark 1st Division;0
143;Football;13622;Slovenia 1. SML U19;0
143;Football;13631;International Youth Friendlies (W) Under 19;0
143;Football;13678;Poland I Liga;0
143;Football;13784;El Salvador Reserves League;0
143;Football;13803;Netherlands KNVB Beker U19;0
143;Football;13804;Russia Youth Championship U21;0
143;Football;13869;International Youth Friendlies Under 18;0
143;Football;13963;England Isthmian League Division One;0
143;Football;13976;Romania Cupa Romaniei;0
143;Football;13977;Denmark Sydbank Pokalen;0
143;Football;13978;Germany DFB Pokal;0
143;Football;13980;Austria ÖFB Cup;0
143;Football;13979;Russia Cup;0
143;Football;14035;Botswana Premier League;0
143;Football;14038;Armenia Premier League;0
143;Football;12939;Spain Tercera División 1;0
143;Football;12199;Spain Tercera División 13;0
143;Football;13249;Spain Tercera División 7;0
143;Football;11824;Spain Tercera División 9;0
143;Football;10464;Poland Ekstraklasa;0
143;Football;9740;Greece Cup;0
143;Football;10506;Champions League;0
143;Football;9766;Copa Sudamericana;0
143;Football;14043;Northern Ireland Irish Cup;0
143;Football;14117;International Youth Friendlies Under 23;0
143;Football;14118;CAF Champions League;0
143;Football;14174;Scotland Scottish Cup (W);0
143;Football;14197;Wales Cup;0
143;Football;14229;Malaysia Super League;0
143;Football;14234;Germany Oberliga Baden-Württemberg;0
143;Football;14264;Australia New South Wales NPL U20;0
143;Football;14270;Tunisia Cup;0
143;Football;14310;Poland II Liga;0
143;Football;14337;Brunei Super League;0
143;Football;14361;United Arab Emirates U21 League;0
143;Football;14394;Australia NPL NSW;0
143;Football;14424;Austria Regional League East;0
143;Football;14448;Norway NM Cupen;0
143;Football;14472;Aruba Division di Honor;0
143;Football;14490;Indonesia Liga 1;0
143;Football;14498;Kazakhstan Super Cup;0
143;Football;14499;Malaysia Premier League;0
143;Football;14509;Serbia Prva Liga;0
143;Football;14513;USA NISA;0
143;Football;14517;Jordan Super Cup;0
143;Football;14520;Germany Oberliga Rheinland-Pfalz/Saar;0
143;Football;14530;Belgium First Division (W);0
143;Football;14535;England WSL Cup (W);0
143;Football;14539;Brazil Paraense;0
143;Football;14540;Poland Ekstraklasa (W);0
143;Football;14570;Brazil Gaúcho 2;0
143;Football;14576;Ecuador Primera B;0
143;Football;14589;Brazil Catarinense;0
143;Football;14607;Bulgaria Youth League U19;0
143;Football;14489;Singapore S-League;0
143;Football;14622;Georgia Erovnuli Liga;0
143;Football;14654;France Championnat National U19;0
143;Football;14731;Germany Oberliga Mittelrhein;0
143;Football;14751;Club Tournaments CAF Confederations Cup;0
143;Football;14755;Estonia Super Cup;0
143;Football;14760;Malta FA Trophy;0
143;Football;14782;Vietnam Super Cup;0
143;Football;14785;Brazil Baiano;0
143;Football;14791;Wales Premier Womens League (W);0
143;Football;14792;England Premier League (W);0
143;Football;14793;Luxembourg Division of Honour;0
143;Football;14848;Thailand Thai League 3;0
143;Football;15000;Iceland League Cup C;0
143;Football;15032;Bulgaria Cup;0
143;Football;15035;USA USL;0
143;Football;11554;CONCACAF Champions League;0
143;Football;15130;Mali Première Division;0
143;Football;15238;England Northern League Premier Division;0
143;Football;15239;Scotland Reserve League 2;0
143;Football;15254;Israel State Cup;0
143;Football;15510;Slovakia Cup;0
143;Football;15518;Bosnia & Herzegovina Cup;0
143;Football;15570;Belarus Super Cup;0
143;Football;15614;England Southern League Premier Division;0
143;Football;15651;International Tournaments (W) Algarve Cup;0
143;Football;15660;International Youth Tournaments (W) CONMEBOL Championship U20;0
143;Football;15699;Philippines College;0
143;Football;15711;Australia South Australia NPL (W);0
143;Football;15732;Saudi Arabia Youth League;0
143;Football;15757;Czech Republic Cup;0
143;Football;15804;England Non League/County Cups;0
143;Football;15825;Czech Republic National Football League;0
143;Football;15826;Estonia Meistriliiga;0
143;Football;15833;Poland Puchar Polski;0
143;Football;15840;Estonia Esiliiga;0
143;Football;15847;International Tournaments (W) Cyprus Cup;0
143;Football;15849;Germany Regionalliga Bayern;0
143;Football;15851;UEFA Womens Euro Qualification (W);0
143;Football;15855;Congo Premier League;0
143;Football;15858;International Tournaments (W) CAF Olympic Qualifying Tournament;0
143;Football;15872;Poland III Liga;0
143;Football;16259;Vietnam V-League 1;0
143;Football;16260;Australia Brisbane Premier League;0
143;Football;16261;Australia Brisbane Premier League (W);0
143;Football;16262;Slovenia SNL 2;0
143;Football;16263;Slovakia 2. Liga;0
143;Football;16264;Lithuania A Lyga;0
143;Football;16265;Denmark 2nd Division Pulje 1;0
143;Football;16266;Gibraltar Rock Cup;0
143;Football;16545;Czech Republic MSFL;0
143;Football;16691;Romania Liga III Seria III;0
143;Football;16737;Romania Liga III Seria V;0
143;Football;16738;Romania Liga III Seria IV;0
143;Football;16739;Romania Liga III Seria I;0
143;Football;16765;Romania Liga III Seria II;0
143;Football;16902;Brazil Amazonense U19;0
143;Football;17207;Austria Regional League Central;0
143;Football;17444;Fiji U19 League;0
143;Football;17504;Philippines College (W);0
143;Football;17518;Denmark 2nd Division Pulje 2;0
143;Football;17538;Kazakhstan Premier League;0
143;Football;17655;Australia Tasmania Southern Championship;0
143;Football;17656;Australia NPL NSW 2;0
143;Football;17693;Serbia Youth League U19;0
143;Football;17820;Germany Oberliga Bayern Nord;0
143;Football;17821;Germany Oberliga Bayern Süd;0
143;Football;18804;Australia State Leagues (W);0
143;Football;17657;Czech Republic ČFL;0
143;Football;19156;Faroe Islands Premier League;0
143;Football;19214;Ireland League Cup;0
143;Football;19320;Hungary NB 3;0
143;Football;19343;Australia Northern NSW State League 1;0
143;Football;19394;Bosnia & Herzegovina Prva Liga;0
143;Football;19823;Malaysia FAM League;0
143;Football;20094;International Youth Friendlies (W) Under 23;0
143;Football;21017;Russia FNL;0
143;Football;21272;USA UPSL;0
143;Football;21396;Belarus Cup;0
143;Football;22119;Serbia Cup;0
143;Football;22402;Russia PFL;0
143;Football;22064;Brazil Amapaense;0
143;Football;21750;Hong Kong Premier League;0
143;Football;22559;Estonia Cup;0
143;Football;22714;Israel Youth Cup U19;0
143;Football;23006;Club Youth Tournaments Premier League International Cup U23;0
143;Football;23089;Armenia Cup;0
143;Football;23715;Ukraine Cup;0
143;Football;23716;Montenegro Druga Liga;0
143;Football;23901;Qatar Emir Cup;0
143;Football;25681;Angola Girabola;0
143;Football;27318;Ethiopia Premier League;0
143;Football;27725;Latvia Virsliga;0
143;Football;27775;Argentina Copa de la Superliga;0
143;Football;28231;Australia Western Australia NPL U20;1
143;Football;28447;Algeria Cup U21;0
143;Football;28855;New Zealand Regional Leagues;0
143;Football;29020;Brazil Carioca U20;0
143;Football;29057;Brazil Mineiro 2;0
143;Football;29079;Hungary NB 1 (W);0
143;Football;29754;Kyrgyzstan Top Liga;0
143;Football;29802;Kenya FKF President´s Cup;0
143;Football;30670;Cuba Premier League;0
143;Football;32639;Saudi Arabia King Cup;0
143;Football;33769;Sweden Allsvenskan;0
143;Football;33770;Sweden Superettan;0
143;Football;33787;Haiti Division 1;0
143;Football;33942;Hong Kong FA Cup;0
143;Football;33962;Nepal Division B;0
143;Football;33757;Copa America;0
143;Football;33756;Euro 2020;0
143;Football;33755;Euro 2020 Qualification;0
143;Football;35165;Palestine Cup;0
143;Football;35465;Cameroon Elite One (W);0
143;Football;35847;Belarus Reserve League;0
143;Football;35978;Belarus Premier League;0
143;Football;36194;Uganda Super League (W);0
143;Football;36215;Zambia FAZ Lusaka League (W);0
143;Football;36229;Uganda Regional League;0
143;Football;36453;Gambia 2nd Division;0
143;Football;36476;Nicaragua Primera Division;0
143;Football;36510;Nicaragua Liga Primera  Juvenil U20;0
143;Football;36625;Myanmar Myanmar U19 League;0
143;Football;37182;Malawi Super League;0
143;Football;37732;Saint Kitts and Nevis Premier League;0
143;Football;37776;Nicaragua Liga Nicaraguense de Futbol U21;0
143;Football;38360;Russia Winter Tournament Perm 2x30 mins;0
143;Football;44098;Burundi Cup;0
143;Football;38690;Russia Amateur Football Leagues;0
143;Football;41754;Esports FIFA Liga Pro (2x6);0
143;Football;41906;Esports FIFA Ultimate Quaran Team (2x6);0
143;Football;42269;Esports FIFA eSports Battle (2x4);0
143;Football;42855;Esports FIFA Bundesliga Home Challenge;0
143;Football;42856;Belarus Super Cup (W);0
143;Football;43496;Belarus Amateur League;0
143;Football;43723;Esports FIFA Bundesliga Home Challenge (2x6);0
143;Football;43752;Belarus Amateur League - 70 mins;0
143;Football;44065;Japan Regional Leagues;0
143;Football;45276;Esports Pro Evolution Soccer eEuro 2020;0
143;Football;45285;Tajikistan Tajik League;0
143;Football;45377;Tajikistan Cup;0
143;Football;45525;Chinese Taipei University Matches;0
143;Football;45534;Esports FIFA International Friendly;0
143;Football;45685;Chinese Taipei University Matches (W);0
143;Football;4153;Mexico Liga Premier;0
143;Football;9761;Costa Rica Primera Division;0
144;Basketball;30035;Cameroon Championnat National;0
144;Basketball;28989;Mexico CIBACOPA;0
144;Basketball;27905;Iceland Úrvalsdeild;0
144;Basketball;28525;Tunisia Division 1;0
144;Basketball;28704;Iceland Division I;0
144;Basketball;45269;Russia Liga Pro;0
144;Basketball;28935;El Salvador Liga Superior;0
144;Basketball;9196;Brazil NBB;0
144;Basketball;9199;Mexico LNBP;0
144;Basketball;9200;Australia NBL;0
144;Basketball;9197;Argentina LNB;0
144;Basketball;9202;Italy Coppa Italia;0
144;Basketball;12091;FIBA World Cup Qualification - Europe;0
144;Basketball;12093;Club Tournaments (W) Central Europe League (W);0
144;Basketball;12120;Poland 2 Liga;0
144;Basketball;38798;Nicaragua LNB (W);0
144;Basketball;11538;Sweden BasketLigan (W);0
144;Basketball;12141;Club Friendly Matches;0
144;Basketball;38639;Russia Nevskaya 4th Division;0
144;Basketball;38604;Nicaragua LNB;0
144;Basketball;38603;Russia Division F30 Women;0
144;Basketball;38575;Russia Division F35 (W);0
144;Basketball;12403;Israel Ligat ha'Al (W);0
144;Basketball;12411;Lithuania NKL;0
144;Basketball;12438;Estonia Meeste I Liiga;0
144;Basketball;38460;Russia Division M35;0
144;Basketball;11382;Japan B.League;0
144;Basketball;10921;Sweden BasketLigan;0
144;Basketball;12448;Latvia LBL2;0
144;Basketball;12458;Germany Pro A;0
144;Basketball;12527;Spain Liga Femenina (W);0
144;Basketball;12616;Japan B2.League;0
144;Basketball;12635;Afrobasket Qualifiers;0
144;Basketball;12638;Turkey TB2L;0
144;Basketball;38412;Russia Division M50;0
144;Basketball;11785;Egypt Super League;0
144;Basketball;38381;Taiwan SSU League;0
144;Basketball;37941;Tajikistan National League;0
144;Basketball;37924;Russia MLBL (W);0
144;Basketball;37902;Russia Nevskaya 6th Division;0
144;Basketball;11731;Russia Superleague Division I (W);0
144;Basketball;37802;Russia Nevskaya 1st Division;0
144;Basketball;37797;Chinese Taipei University League (W);0
144;Basketball;37796;Chinese Taipei University League;0
144;Basketball;12682;Algeria Division Nationale Dames A (W);0
144;Basketball;37781;Taiwan SSU League (W);0
144;Basketball;12690;Turkey TBL;0
144;Basketball;37751;Russia 3x3 Liga Pro (W);0
144;Basketball;12744;Czech Republic 1. Liga;0
144;Basketball;37739;Russia Nevskaya 2nd Division;0
144;Basketball;37738;Russia Nevskaya 5th Division;0
144;Basketball;37726;Russia Nevskaya 1st Division (W);0
144;Basketball;12816;France LFB (W);0
144;Basketball;11799;Euroleague (W);0
144;Basketball;12876;Argentina TFB;0
144;Basketball;37080;WNBA;0
144;Basketball;12881;Italy Serie A2;0
144;Basketball;11146;Poland Energa Basket Liga;0
144;Basketball;11144;South Korea KBL (W);0
144;Basketball;12919;Japan WJBL (W);0
144;Basketball;13018;Japan B3.League;0
144;Basketball;13077;Greece A1 (W);0
144;Basketball;10767;Russia Cup;0
144;Basketball;10919;Barbados Premier League;0
144;Basketball;10402;Portugal Campeonato Nacional 1;0
144;Basketball;10401;Argentina LDD;0
144;Basketball;10987;Czech Republic Cup;0
144;Basketball;10768;Russia Premier League (W);0
144;Basketball;10163;International Friendly Matches;0
144;Basketball;13091;Poland 1 Liga (W);0
144;Basketball;13131;Greece A2;0
144;Basketball;13149;Czech Republic ŽBL (W);0
144;Basketball;13150;Portugal Proliga;0
144;Basketball;13158;Lithuania LMKL (W);0
144;Basketball;10457;South Korea KBL;0
144;Basketball;13164;Slovakia Extraliga (W);0
144;Basketball;10164;Turkey KBSL (W);0
144;Basketball;10981;Australia WNBL (W);0
144;Basketball;10545;France LNB Pro B;0
144;Basketball;37602;Russia Nevskaya 3rd Division;0
144;Basketball;37499;Sudan Premier League;0
144;Basketball;13202;Italy A2 (W);0
144;Basketball;10897;Portugal Taca de Portugal (W);0
144;Basketball;13358;Portugal LFB (W);0
144;Basketball;11753;Iran Division 1;0
144;Basketball;11927;EuroCup (W);0
144;Basketball;11930;FIBA AmeriCup Qualification;0
144;Basketball;11859;Russia Superleague Division I;0
144;Basketball;36985;Russia Kopeysk Basketball League;0
144;Basketball;13361;Spain Liga Femenina 2 (W);0
144;Basketball;10180;Finland Naisten Korisliiga (W);0
144;Basketball;13471;Club Youth Tournaments VTB Youth League;0
144;Basketball;10531;Israel Cup;0
144;Basketball;5736;Spain LEB Oro;0
144;Basketball;5742;Greece A1;0
144;Basketball;10281;Poland 1 Liga;0
144;Basketball;10145;Club Tournaments (W) Eastern European League (W);0
144;Basketball;10082;Indonesia Srikandi Cup (W);0
144;Basketball;10183;Club Tournaments (W) Latvia Estonia Lithuania League (W);0
144;Basketball;10081;Russia Superleague Division II (W);0
144;Basketball;13721;Turkey TKBL (W);0
144;Basketball;36844;Russia Saint Petersburg League Women;0
144;Basketball;13722;Czech Republic NBL;0
144;Basketball;36843;Russia Saint Petersburg League;0
144;Basketball;13724;Slovenia 1. SKL;0
144;Basketball;10502;Argentina TNA;0
144;Basketball;11683;EuroBasket Qualification;0
144;Basketball;37168;Russia 3x3 Liga Pro;0
144;Basketball;10360;Portugal Taca de Portugal;0
144;Basketball;36489;Russia Superleague Division II;0
144;Basketball;10359;Spain Liga EBA;0
144;Basketball;10202;Hungary NB I (W);0
144;Basketball;12068;FIBA Asia Cup Qualification;0
144;Basketball;10201;Romania Liga Națională (W);0
144;Basketball;13723;Lithuania LKL;0
144;Basketball;36048;Russia MLBL;0
144;Basketball;13898;Club Tournaments Alpe Adria Cup;0
144;Basketball;10942;Uruguay Liga Uruguaya;0
144;Basketball;4520;China CBA;0
144;Basketball;4390;EuroCup;0
144;Basketball;14004;Netherlands DBL;0
144;Basketball;10804;Poland Basket Liga (W);0
144;Basketball;4337;Spain Liga ACB;0
144;Basketball;12088;WABA;0
144;Basketball;14080;Georgia A-League;0
144;Basketball;4259;Euroleague;0
144;Basketball;14221;Portugal LPB;0
144;Basketball;14250;Indonesia IBL;0
144;Basketball;14371;Georgia Super League;0
144;Basketball;14415;Cyprus Division A;0
144;Basketball;14430;France NM1;0
144;Basketball;14445;ABA League;0
144;Basketball;13790;Turkey Super League;0
144;Basketball;14465;Austria ÖBL;0
144;Basketball;14466;Bulgaria NBL;0
144;Basketball;14474;Israel Super League;0
144;Basketball;14478;Romania Liga Națională;0
144;Basketball;14702;Spain LEB Plata;0
144;Basketball;14825;Rwanda National League;0
144;Basketball;9185;ASEAN League;0
144;Basketball;9188;Lithuania King Mindaugas Cup;0
144;Basketball;14844;Czech Republic 1.Liga (W);0
144;Basketball;9186;Greece Cup;0
144;Basketball;9187;Turkey Cup;0
144;Basketball;14852;Bulgaria WNBL (W);0
144;Basketball;14908;Sweden Superettan;0
144;Basketball;9189;Finland Korisliiga;0
144;Basketball;9190;Latvian-Estonian League;0
144;Basketball;9192;Norway BLNO;0
144;Basketball;9193;Denmark Basketligaen;0
144;Basketball;9194;Belgium Pro Basketball League;0
144;Basketball;9195;England BBL;0
144;Basketball;9198;NCAAB;0
144;Basketball;9201;Poland Puchar Polski;0
144;Basketball;9191;Germany BBL;0
144;Basketball;14185;France LNB Pro A;0
144;Basketball;15380;FIBA Champions League;0
144;Basketball;15431;FIBA Europe Cup;0
144;Basketball;15527;Turkey Cup (W);0
144;Basketball;15572;Senegal Division 1;0
144;Basketball;15584;Israel Liga Leumit;0
144;Basketball;4196;NBA;0
144;Basketball;4192;VTB United League;0
144;Basketball;15703;Poland U20 Championship;0
144;Basketball;15813;Portugal I Divisao (W);0
144;Basketball;16242;Italy Lega A;0
144;Basketball;16676;Spain Copa de la Reina (W);0
144;Basketball;16898;Hungary Cup (W);0
144;Basketball;16929;Bulgaria Division A;0
144;Basketball;17320;Belgium Top Division 1;0
144;Basketball;17720;Australia Wartah League (W);0
144;Basketball;17836;Australia Waratah League;0
144;Basketball;10348;Slovenia 1. SKL (W);0
144;Basketball;10347;Italy A1 (W);0
144;Basketball;18767;Slovakia Extraliga;0
144;Basketball;18198;Chinese Taipei Super Basketball League;0
144;Basketball;18949;Belgium Cup;0
144;Basketball;19537;Philippines PBA;0
144;Basketball;20765;Austria ÖBL (W);0
144;Basketball;21147;Brazil LBF (W);0
144;Basketball;45754;Esports NBA 2K NBA 2K Players Tournament;0
144;Basketball;21216;Chile Liga Nacional;0
144;Basketball;9203;Spain Copa del Rey;0
144;Basketball;22027;Champions League Americas;0
144;Basketball;23068;Estonia Meistriliiga (W);0
144;Basketball;45551;Esports NBA 2K NBA 2K League;0
144;Basketball;23854;Guatemala Liga Mayor Metropolitana;0
144;Basketball;10343;England BBL Trophy;0
145;Tennis;11279;ITF Men Antalya;0
145;Tennis;39281;Exhibition Matches;0
145;Tennis;39538;National Tournaments Russia Liga Pro Women;0
145;Tennis;40595;Russian Masters Women;0
145;Tennis;40822;Russia Amateur League;0
145;Tennis;37129;National Tournaments Russian Masters Pro Double;0
145;Tennis;37103;Russian Masters;0
145;Tennis;37045;Russian Masters Pro;0
145;Tennis;36996;National Tournaments Russia Liga Pro;0
145;Tennis;41641;Exhibition;0
145;Tennis;42119;National Tournaments Daily Premier Tour;0
145;Tennis;42795;National Tournaments Russia Eliminator Cup;0
145;Tennis;27962;Grand Slam Wimbledon Women;0
145;Tennis;27961;Grand Slam Wimbledon;0
145;Tennis;27964;Grand Slam US Open Women;0
145;Tennis;27963;Grand Slam US Open;0
145;Tennis;27960;Grand Slam French Open Women;0
145;Tennis;27959;Grand Slam French Open;0
145;Tennis;27539;ITF Men Porec;0
145;Tennis;26816;ITF Women Doubles Irapuato;0
145;Tennis;25814;ITF Men Doha;0
145;Tennis;25696;ITF Women Doubles Potchefstroom;0
145;Tennis;25101;ITF Men Loule;0
145;Tennis;9325;ITF Men Heraklion;0
145;Tennis;9326;ITF Women Monastir;0
145;Tennis;9328;ITF Men Grenoble;0
145;Tennis;9329;ITF Women Cairo;0
145;Tennis;9330;ITF Women Heraklion;0
145;Tennis;9331;ITF Men Sharm El Sheikh;0
145;Tennis;9332;Challenger Cherbourg;0
145;Tennis;9333;ITF Women Trnava;0
145;Tennis;9334;ITF Men Barnstaple;0
145;Tennis;9336;ITF Women Grenoble;0
145;Tennis;9339;ITF Women Cancun;0
145;Tennis;9341;Challenger Cleveland;0
145;Tennis;9345;ITF Women Nicholasville;0
145;Tennis;9348;Challenger Bengalaru;0
145;Tennis;9349;ITF Women Antalya;0
145;Tennis;23827;ITF Women Kazan;0
145;Tennis;22904;ITF Men Toulouse;0
145;Tennis;9346;ATP Doubles Buenos Aires;0
145;Tennis;9343;ATP Doubles New York;0
145;Tennis;9342;ATP Doubles Rotterdam;0
145;Tennis;9344;ATP New York;0
145;Tennis;9335;ATP Rotterdam;0
145;Tennis;9340;WTA Doubles St. Petersburg;0
145;Tennis;9337;WTA St. Petersburg;0
145;Tennis;9327;WTA Hua Hin;0
145;Tennis;9338;WTA Doubles Hua Hin;0
145;Tennis;22872;ITF Men Doubles Loule;0
145;Tennis;22806;ITF Men Doubles Toulouse;0
145;Tennis;22805;ITF Men Doubles Porec;0
145;Tennis;22624;ITF Women Amiens;0
145;Tennis;22623;ITF Women Olimpia;0
145;Tennis;22577;Challenger Doubles Potchefstroom;0
145;Tennis;22570;ITF Men Doubles Kolkata;0
145;Tennis;22269;ITF Men Kolkata;0
145;Tennis;22239;ITF Men Doubles Geelong;0
145;Tennis;22160;ITF Men Geelong;0
145;Tennis;22090;ITF Men Qual. Geelong;0
145;Tennis;21839;ITF Women Irapuato;0
145;Tennis;21717;ITF Men Qual. Doha;0
145;Tennis;21633;ITF Women Qual. Amiens;0
145;Tennis;21586;ITF Men Qual. Porec;0
145;Tennis;21542;ITF Men Qual. Toulouse;0
145;Tennis;21537;Challenger Potchefstroom;0
145;Tennis;21484;Challenger Qual. Potchefstroom;0
145;Tennis;21448;ITF Women Qual. Potchefstroom;0
145;Tennis;20945;ITF Women Qual. Olimpia;0
145;Tennis;18356;Davis Cup;0
145;Tennis;10139;ITF Men Cancun;0
145;Tennis;17511;ITF Men Mildura;0
145;Tennis;17340;Davis Cup Doubles;0
145;Tennis;16648;Davis Cup Singles;0
145;Tennis;15675;ITF Women Yokohama;0
145;Tennis;15650;Challenger Doubles Indian Wells;0
145;Tennis;4198;Grand Slam Australian Open;0
145;Tennis;4199;Grand Slam Australian Open Women;0
145;Tennis;15637;ITF Women Las Vegas;0
145;Tennis;15624;ITF Men Qual. Las Vegas;0
145;Tennis;15622;Challenger Doubles Monterrey;0
145;Tennis;15609;ITF Women Qual. Las Vegas;0
145;Tennis;15608;ITF Men Las Vegas;0
145;Tennis;15574;ITF Men Hurlingham;0
145;Tennis;15573;ITF Men Qual. Hurlingham;0
145;Tennis;15501;ITF Men Murcia;0
145;Tennis;15432;Fed Cup Singles;0
145;Tennis;15387;ITF Women Mildura;0
145;Tennis;15386;ITF Women Potchefstroom;0
145;Tennis;15385;ITF Men Faro;0
145;Tennis;15384;ITF Men Potchefstroom;0
145;Tennis;15383;ITF Men Qual. Murcia;0
145;Tennis;15144;Davis Cup Tournament Bets;0
145;Tennis;15107;WTA Doubles Indian Wells;0
145;Tennis;15106;WTA Doubles Monterrey;0
145;Tennis;15110;Challenger Indian Wells;0
145;Tennis;15079;WTA Doubles Lyon;0
145;Tennis;15053;ITF Women Qual. Mildura;0
145;Tennis;15047;ITF Men Qual. Mildura;0
145;Tennis;15031;Challenger Monterrey;0
145;Tennis;14891;WTA Monterrey;0
145;Tennis;14912;WTA Indian Wells;0
145;Tennis;14610;WTA Qual. Monterrey;0
145;Tennis;14716;WTA Lyon;0
145;Tennis;14591;WTA Qual. Lyon;0
145;Tennis;4280;Grand Slam Australian Open Women Doubles;0
145;Tennis;4281;Grand Slam Australian Open Doubles;0
145;Tennis;14437;ITF Men Rio Cuarto;0
145;Tennis;14326;ITF Men Trento;0
145;Tennis;14065;ITF Men Vale Do Lobo;0
145;Tennis;13993;Challenger Doubles Calgary;0
145;Tennis;10142;Challenger Doubles Cherbourg;0
145;Tennis;13827;Challenger Doubles Columbus;0
145;Tennis;13812;Challenger Doubles Pau;0
145;Tennis;13730;ITF Women Rancho Santa Fe;0
145;Tennis;13729;ITF Women Moscow;0
145;Tennis;13675;ITF Women Altenkirchen;0
145;Tennis;13674;ITF Women Sunderland;0
145;Tennis;13673;ITF Women Macon;0
145;Tennis;13672;ITF Men Sunderland;0
145;Tennis;9347;ATP Buenos Aires;0
145;Tennis;13637;ITF Men Qual. Antalya;0
145;Tennis;10527;ITF Women Doubles Hamilton;0
145;Tennis;13526;WTA Doubles Acapulco;0
145;Tennis;13551;Challenger Qual. Calgary;0
145;Tennis;13544;Challenger Qual. Columbus;0
145;Tennis;13515;Challenger Calgary;0
145;Tennis;13497;ITF Men Qual. Trento;0
145;Tennis;13494;Challenger Qual. Pau;0
145;Tennis;13480;Challenger Columbus;0
145;Tennis;10214;ITF Men Lima;0
145;Tennis;13319;ATP Acapulco;0
145;Tennis;13350;ITF Men Qual. Sunderland;0
145;Tennis;13300;ITF Women Doubles Kyoto;0
145;Tennis;13271;WTA Acapulco;0
145;Tennis;13215;WTA Doubles Doha;0
145;Tennis;13266;ATP Santiago;0
145;Tennis;13261;ATP Dubai;0
145;Tennis;13267;ATP Doubles Santiago;0
145;Tennis;13260;ATP Doubles Acapulco;0
145;Tennis;10307;ITF Women Hamilton;0
145;Tennis;13275;Challenger Pau;0
145;Tennis;10227;Challenger Doubles Cleveland;0
145;Tennis;10710;Challenger Doubles Bengalaru;0
145;Tennis;10166;ITF Men Naples;0
145;Tennis;10634;ITF Men Monastir;0
145;Tennis;13072;ATP Qual. Santiago;0
145;Tennis;13073;ATP Qual. Acapulco;0
145;Tennis;13037;ATP Doubles Dubai;0
145;Tennis;13034;WTA Qual. Acapulco;0
145;Tennis;12946;ATP Qual. Dubai;0
145;Tennis;11197;ITF Women Qual. Jodhpur;0
145;Tennis;11200;Challenger Bergamo;0
145;Tennis;11204;Challenger Koblenz;0
145;Tennis;11205;Challenger Drummondville;0
145;Tennis;11208;ATP Delray Beach;0
145;Tennis;11207;ATP Doubles Delray Beach;0
145;Tennis;11206;ATP Doubles Marseille;0
145;Tennis;11210;ATP Doubles Rio de Janiero;0
145;Tennis;11203;ATP Marseille;0
145;Tennis;11202;ATP Qual. Marseille;0
145;Tennis;11209;ATP Rio de Janeiro;0
145;Tennis;11198;WTA Qual. Dubai;0
145;Tennis;11201;WTA Dubai;0
145;Tennis;11199;WTA Doubles Dubai;0
145;Tennis;12833;WTA Doha;0
145;Tennis;12570;ITF Men Aktobe;0
145;Tennis;11370;Challenger Qual. Bergamo;0
145;Tennis;11372;Challenger Qual. Koblenz;0
145;Tennis;12524;WTA Qual. Doha;0
145;Tennis;11374;Challenger Morelos;0
145;Tennis;12439;ITF Women Doubles Glasgow;0
145;Tennis;11390;ITF Women Qual. Cairo;0
145;Tennis;11396;ITF Women Qual. Glasgow;0
145;Tennis;12423;ITF Men Doubles Glasgow;0
145;Tennis;12398;ITF Men Doubles Paguera;0
145;Tennis;12375;ITF Women Doubles Cairo;0
145;Tennis;12347;ITF Men Doubles Monastir;0
145;Tennis;11441;ITF Men Qual. Oberhaching;0
145;Tennis;12214;ITF Women Jodhpur;0
145;Tennis;12171;ITF Women Doubles Cancun;0
145;Tennis;11570;ITF Women Doubles Perth;0
145;Tennis;11571;ITF Women Kyoto;0
145;Tennis;12170;ITF Men Doubles Cancun;0
145;Tennis;12160;Challenger Doubles Koblenz;0
145;Tennis;12159;Challenger Doubles Drummondville;0
145;Tennis;12144;Challenger Doubles Morelos;0
145;Tennis;12071;Challenger Doubles Bergamo;0
145;Tennis;12017;ITF Men Punta del Este;0
145;Tennis;11989;ITF Men Glasgow;0
145;Tennis;11981;ITF Men Oberhaching;0
145;Tennis;11926;ITF Women Glasgow;0
145;Tennis;11739;ATP Doubles Rio de Janeiro;0
145;Tennis;11905;ITF Women Perth;0
145;Tennis;11904;ITF Men Paguera;0
147;American Football;11143;CFL;0
147;American Football;9184;XFL;0
147;American Football;11141;NFL;0
147;American Football;11142;NCAAF;0
151;Boxing;9235;IBF, WBO, WBA & WBC Title Fights;0
151;Boxing;4214;Unconfirmed Fights;0
151;Boxing;10815;Upcoming Fights;0
154;Cycling;4225;Paris - Roubaix Classification;0
154;Cycling;4226;Tour de France Classification;0
154;Cycling;12180;Omloop Het Nieuwsblad Classification;0
154;Cycling;4224;Tour of Flanders Classification;0
154;Cycling;45774;Esports eCycling Virtual Tour of Flanders;0
154;Cycling;15381;Le Samyn;0
154;Cycling;9245;Specials;0
154;Cycling;9246;Giro d'Italia Classification;0
154;Cycling;12822;UAE Tour Classification;0
154;Cycling;14062;Kuurne-Bruxelles-Kuurne Classification;0
154;Cycling;12686;UAE Tour Stages;0
154;Cycling;17452;Paris - Nice Classification;0
154;Cycling;17474;Paris - Nice Stages;0
154;Cycling;4223;Milano - Sanremo Classification;0
156;Esports;12242;Dota 2 Dota 2 Professional League;0
156;Esports;6472;Overwatch OWL;0
156;Esports;12281;CS:GO Liga Dell;0
156;Esports;45495;Dota 2 China Professional League;0
156;Esports;5751;League of Legends NA Academy;0
156;Esports;4238;Call of Duty Call of Duty League;0
156;Esports;42649;Dota 2 ESL One Online CN;0
156;Esports;42641;Dota 2 ESL One Online NA;0
156;Esports;42645;Dota 2 ESL One Online SA;0
156;Esports;42640;Dota 2 ESL One Online SEA;0
156;Esports;14402;CS:GO WESG;0
156;Esports;43653;Dota 2 Masters Tournament;0
156;Esports;41592;CS:GO Huya DarkHorse League;0
156;Esports;43327;CS:GO HIPFIRED Cup;0
156;Esports;39117;CS:GO ESL Pro League EU;0
156;Esports;15382;CS:GO ESL ANZ Championship;0
156;Esports;11179;Dota 2 WePlay! Dota 2 Tug of War;0
156;Esports;11177;League of Legends La Ligue Française;0
156;Esports;11176;League of Legends Dutch League;0
156;Esports;14294;League of Legends PCS;0
156;Esports;11174;League of Legends Liga Portuguesa;0
156;Esports;14284;Dota 2 StarLadder ImbaTV Dota 2 Minor;0
156;Esports;11171;League of Legends Nordic Championship;0
156;Esports;11555;Starcraft Afreeca Starleague;0
156;Esports;11170;League of Legends Belgian League;0
156;Esports;4242;CS:GO BLAST Premier;0
156;Esports;15873;CS:GO CIS Minor Championship;0
156;Esports;35063;CS:GO eFire Master League;0
156;Esports;4235;Dota 2 Dreamleague;0
156;Esports;4244;League of Legends LCK;0
156;Esports;4240;League of Legends LCS;0
156;Esports;4237;League of Legends LEC;0
156;Esports;42761;Dota 2 CDA League;0
156;Esports;42631;CS:GO MEGOGO Open;0
156;Esports;10817;CS:GO Flashpoint EU Qualifiers;0
156;Esports;10818;CS:GO Flashpoint SA Qualifiers;0
156;Esports;37773;Dota 2 Asia Challenger League;0
156;Esports;14027;Starcraft 2 Intel Extreme Masters;0
156;Esports;14019;CS:GO Lantrek;0
156;Esports;14015;Dota 2 SIGUL Pro League;0
156;Esports;4236;League of Legends LVP;0
156;Esports;11169;CS:GO OGA Counter PIT;0
156;Esports;13996;CS:GO L33T CUP;0
156;Esports;39186;Pro Evolution Soccer eEuro 2020;0
156;Esports;10514;League of Legends EBL;0
156;Esports;40928;Dota 2 Aorus League;0
156;Esports;16916;Overwatch Contenders EU;0
156;Esports;28225;CS:GO ESL Pro League;0
156;Esports;36143;FIFA Liga Pro (2x6);0
156;Esports;16917;Overwatch Contenders NA;0
156;Esports;13973;CS:GO LPL Pro League;0
156;Esports;36162;Dota 2 No Major No Problem;0
156;Esports;15055;CS:GO Flashpoint;0
156;Esports;38435;Dota 2 Thailand Celestial Cup;0
156;Esports;4787;CS:GO DreamHack Open Leipzig;0
156;Esports;13817;CS:GO Aorus League;0
156;Esports;40429;Rainbow 6 Pro League Japan;0
156;Esports;9250;CS:GO ESEA Premier EU;0
156;Esports;11022;CS:GO Flashpoint NA Qualifiers;0
156;Esports;10947;League of Legends LJL;0
156;Esports;17343;CS:GO UTAGE Japan League;0
156;Esports;17352;League of Legends LPL;0
156;Esports;9251;Rainbow 6 Six Invitational;0
156;Esports;10510;League of Legends OPL;0
156;Esports;9253;League of Legends Ultraliga;0
156;Esports;9254;League of Legends PG Nationals;0
156;Esports;9255;League of Legends UK League Championship;0
156;Esports;36422;CS:GO ESL Meisterschaft;0
156;Esports;42071;Rainbow 6 Pro League LATAM;0
156;Esports;36603;CS:GO ESEA Advanced EU;0
156;Esports;9256;CS:GO CLUTCH LA League;0
156;Esports;40428;Rainbow 6 Pro League SEA;0
156;Esports;38936;Dota 2 Asian Hero League;0
156;Esports;11610;Dota 2 StarLadder Minor CN Qual.;0
156;Esports;13726;League of Legends LCL;0
156;Esports;13725;Dota 2 Winter Madness;0
156;Esports;36837;Dota 2 Red Star Cup;0
156;Esports;10509;League of Legends VCS;0
156;Esports;15051;Dota 2 Arena of Blood (DO NOT OFFER);0
156;Esports;9257;CS:GO ESEA Premier NA;0
156;Esports;9259;League of Legends Prime League Pro Division;0
156;Esports;10950;League of Legends CBLOL;0
156;Esports;12078;CS:GO POWER Ligaen;0
156;Esports;9260;Rocket League Championship Series NA;0
156;Esports;40410;Rainbow 6 Pro League ANZ;0
156;Esports;40353;Dota 2 Chinese DOTA2 Professional Association Qualifier;0
156;Esports;10782;Dota 2 StarLadder Minor NA Qual.;0
156;Esports;19284;Call of Duty;0
156;Esports;10410;Dota 2 StarLadder Minor EU Qual.;0
156;Esports;9261;Rocket League Championship Series EU;0
156;Esports;13623;Starcraft 2 Intel Extreme Masters - Qualifiers;0
156;Esports;10409;Dota 2 StarLadder Minor CIS Qual.;0
156;Esports;39187;CS:GO Telia League;0
156;Esports;21339;Dota 2 The Summit;0
156;Esports;40022;CS:GO ESEA Advanced NA;0
156;Esports;45799;Dota 2 ESL One Online EU & CIS;0
156;Esports;45794;Dota 2 ESL SEA Championship;0
156;Esports;10408;Dota 2 StarLadder Minor SEA Qual.;0
156;Esports;36930;FIFA Ultimate Quaran Team;0
156;Esports;45758;Starcraft 2 Afreeca World;0
156;Esports;39817;CS:GO ESL Pro League NA;0
156;Esports;10719;CS:GO Americas Minor Championship;0
156;Esports;39051;Rainbow 6 Pro League EU;0
156;Esports;39052;Rainbow 6 Pro League NA;0
156;Esports;12183;CS:GO Assembly Winter;0
156;Esports;10923;Dota 2 ESL One CN Qual.;0
156;Esports;39843;FIFA Ultimate Quaran Team (2x6);0
156;Esports;10957;League of Legends LLA;0
156;Esports;12185;Dota 2 Parimatch League;0
156;Esports;36976;CS:GO Telia Esports Series;0
156;Esports;10777;Dota 2 StarLadder Minor SA Qual.;0
156;Esports;12417;CS:GO GIRLGAMER Esports Festival;0
156;Esports;41835;Dota 2 Epic Origins League;0
156;Esports;9252;Dota 2 ESL One NA Qual.;0
156;Esports;9248;Dota 2 ESL One SA Qual.;0
156;Esports;10717;CS:GO Europe Minor Championship;0
156;Esports;45676;CS:GO LOOT.BET/CS;0
156;Esports;9249;CS:GO WESG Qualifiers;0
156;Esports;45226;CS:GO Svenska Elitserien;0
156;Esports;9258;League of Legends CK;0
156;Esports;45221;Dota 2 Asian Gold Occupation;0
156;Esports;30108;Dota 2 GGBET Championship;0
156;Esports;14807;Dota 2 Arena of Blood;0
156;Esports;30878;Rainbow 6 Japan Championship;0
156;Esports;38910;CS:GO ESEA Open APAC;0
156;Esports;40221;Rainbow 6 Pro League South Korea;0
156;Esports;45673;Dota 2 Hope Development Cup;0
156;Esports;11168;Dota 2 WESG Qualifiers;0
156;Esports;45228;CS:GO ESL Masters Spain;0
156;Esports;38650;Starcraft 2 GSL Super Tournament;0
156;Esports;10174;CS:GO ESEA Premier AU;0
156;Esports;12207;Dota 2 China Development League;0
156;Esports;12208;League of Legends Hitpoint Masters;0
156;Esports;28315;Dota 2 Hot Price League;0
156;Esports;45566;Dota 2 StayHome Challenge;0
156;Esports;15551;CS:GO OMG Series;0
156;Esports;9262;CS:GO DreamHack Open Anaheim;0
156;Esports;31159;CS:GO SECTOR: MOSTBET;0
156;Esports;12209;League of Legends Baltic Masters;0
156;Esports;11190;League of Legends TCL;0
156;Esports;11440;CS:GO Intel Extreme Masters;0
156;Esports;13285;CS:GO Asia Minor Championship;0
156;Esports;39799;Dota 2 Epic Challenger League;0
156;Esports;37473;Dota 2 WeSave! Charity Play;0
159;Golf;21606;The PLAYERS Championship Tournament Bets;0
159;Golf;11900;Ladies Australian Tour Tournament bets;0
159;Golf;4247;The Masters Tournament Bets;0
159;Golf;4248;U.S. PGA Championship Tournament Bets;0
159;Golf;4249;U.S. Open Tournament Bets;0
159;Golf;4250;The Open Championship Tournament Bets;0
159;Golf;4254;Ryder Cup Tournament Bets;0
159;Golf;43293;Outlaw Tour Tournament Bets;0
159;Golf;34804;Minor Tours Tournament Bets;0
159;Golf;34939;Minor League Golf Tour Tournament Bets;0
159;Golf;14011;European Tour 2 Balls 18 hole bets;0
159;Golf;10820;PGA Tour 2 Balls 18 hole bets;0
159;Golf;36373;1836 Tour;0
159;Golf;36410;TP Tour;0
159;Golf;13727;European Tour 3 Balls 18 hole bets;0
159;Golf;36866;Cactus Tour Tournament Bets;0
159;Golf;11919;WGC 3 Balls 18 hole bets;0
159;Golf;13580;Season Bets FedEx Cup;0
159;Golf;13514;European Tour Tournament Bets;0
159;Golf;12435;WGC 2 Balls 18 hole bets;0
159;Golf;9275;Solheim Cup Tournament Bets;0
159;Golf;9276;The Presidents Cup Tournament Bets;0
159;Golf;9274;Specials;0
159;Golf;9273;Season Bets Majors;0
159;Golf;9272;Korn Ferry Tour Tournament Bets;0
159;Golf;9271;Champions Tour Tournament Bets;0
159;Golf;9270;Challenge Tour Tournament Bets;0
159;Golf;27698;The PLAYERS Championship 2 Balls 18 hole bets;0
159;Golf;9267;LPGA Tour 3 Balls 18 hole bets;0
159;Golf;11714;Australian Tour Tournament Bets;0
159;Golf;37620;West Florida Golf Tour Tournament Bets;0
159;Golf;37677;Golden State Tour Tournament Bets;0
159;Golf;9266;LPGA Tour Tournament Bets;0
159;Golf;9269;PGA Tour 3 Balls 18 hole bets;0
159;Golf;9268;PGA Tour Tournament Bets;0
159;Golf;22794;Ladies European Tour Tournament bets;0
159;Golf;21680;The PLAYERS Championship 3 Balls 18 hole bets;0
159;Golf;11485;WGC Tournament bets;0
159;Golf;15395;Asian Tour Tournament Bets;0
159;Golf;11562;South African Tour Tournament bets;0
163;UFC/MMA;9229;Unconfirmed Fights;0
163;UFC/MMA;9228;Bellator;0
163;UFC/MMA;4611;UFC;0
163;UFC/MMA;35504;Cage Warriors;0
163;UFC/MMA;14214;Glory;0
163;UFC/MMA;39293;Fame MMA;0
163;UFC/MMA;37009;Gorilla Fighting Championship;0
170;Rugby League;28364;Australia QLD Cup;0
170;Rugby League;5090;NRL;0
170;Rugby League;9319;Super League;0
170;Rugby League;28350;Australia NSW Cup;0
170;Rugby League;9320;World Club Challenge;0
170;Rugby League;10234;England Championship;0
170;Rugby League;12700;Challenge Cup;0
170;Rugby League;10523;NRL 9s (W);0
170;Rugby League;39011;State of Origin;0
170;Rugby League;13986;Australia Charity Shield;0
170;Rugby League;10422;NRL 9s;0
171;Rugby Union;11195;South Africa Varsity Cup;0
171;Rugby Union;5096;Six Nations Championship;0
171;Rugby Union;5091;France Pro D2;0
171;Rugby Union;28500;Premiership Rugby Cup;0
171;Rugby Union;5095;Super Rugby;0
171;Rugby Union;12365;Six Nations Championship U20;0
171;Rugby Union;5092;England Premiership;0
171;Rugby Union;5760;World Rugby Sevens Series;0
171;Rugby Union;28499;Wales Premier Division;0
171;Rugby Union;9321;European Challenge Cup;0
171;Rugby Union;12368;Six Nations Championship (W);0
171;Rugby Union;5098;European Champions Cup;0
171;Rugby Union;36913;Lions Tour;0
171;Rugby Union;5094;France Top 14;0
171;Rugby Union;5093;Pro 14;0
225;Formula 1;9301;Race: Australian GP 2020;0
225;Formula 1;21723;Qualifying: Australian GP 2020;0
225;Formula 1;9306;Drivers Championship 2020;0
225;Formula 1;9303;Constructors Championship 2020;0
225;Formula 1;23341;Free Practice 1: Australian GP 2020;0
231;Rally;9299;Rally Sweden;0
231;Rally;18338;Rally Mexico;0
231;Rally;9305;Winner WRC 2020;0
263;Ice Hockey;9214;Sweden Hockeyallsvenskan;0
263;Ice Hockey;10611;Alps Hockey League;0
263;Ice Hockey;13550;Belarus Extraliga;0
263;Ice Hockey;9213;Sweden ATG HockeyEttan;0
263;Ice Hockey;13556;UAE Emirates Hockey League;0
263;Ice Hockey;27828;Russia VHL Div B;0
263;Ice Hockey;9212;Latvia LHL;0
263;Ice Hockey;10487;Canada WHL;0
263;Ice Hockey;9210;Czech Republic 1. Liga;0
263;Ice Hockey;40955;Russia Perm Night Hockey League;0
263;Ice Hockey;16911;Russia MHL Div B;0
263;Ice Hockey;9227;France Ligue Magnus;0
263;Ice Hockey;9211;Hungary Erste Liga;0
263;Ice Hockey;10946;Germany 2. Bundesliga;0
263;Ice Hockey;9226;Poland PLH;0
263;Ice Hockey;9225;Denmark Metal Ligaen;0
263;Ice Hockey;9224;Sweden SHL;0
263;Ice Hockey;9222;KHL;0
263;Ice Hockey;9223;Norway GET-ligaen;0
263;Ice Hockey;9221;Asia League;0
263;Ice Hockey;9220;NHL;0
263;Ice Hockey;9209;Finland Liiga;0
263;Ice Hockey;22856;Sweden ATG HockeyEttan Relegation/Promotion;0
263;Ice Hockey;9208;Finland Mestis;0
263;Ice Hockey;9207;Russia MHL;0
263;Ice Hockey;21824;Finland Nuorten SM-liiga U20;0
263;Ice Hockey;10236;Norway 1.Division;0
263;Ice Hockey;9206;Slovakia Extraliga;0
263;Ice Hockey;9219;Canada OHL;0
263;Ice Hockey;9218;AHL;0
263;Ice Hockey;9217;United Kingdom Elite Ice Hockey League;0
263;Ice Hockey;37008;Russia Night League;0
263;Ice Hockey;9205;Czech Republic Extraliga;0
263;Ice Hockey;9204;Russia VHL;0
263;Ice Hockey;15101;Belarus Vysshaya Liga;0
263;Ice Hockey;9216;Germany DEL Bundesliga;0
263;Ice Hockey;38062;Belarus EHL;0
263;Ice Hockey;20615;United Kingdom Challenge Cup;0
263;Ice Hockey;37661;Russia Liga Pro Short - 3x10min;0
263;Ice Hockey;9215;Austria EBEL;0
263;Ice Hockey;10507;Switzerland NLA;0
264;Australian Rules;9231;AFL;0
264;Australian Rules;9230;AFL (W);0
264;Australian Rules;12886;State of Origin;0
264;Australian Rules;12202;Marsh Community Series;0
265;Bandy;35903;Sweden Elitserien (W);0
265;Bandy;10452;Sweden Allsvenskan;0
265;Bandy;9232;Norway Elitserien;0
265;Bandy;11024;Finland Bandyliiga;0
265;Bandy;9233;Sweden Elitserien;0
266;Baseball;45661;Nicaragua Campeonato GPO;0
266;Baseball;9234;MLB;0
266;Baseball;44253;Taiwan Chinese Professional Second Team;0
266;Baseball;39746;Taiwan Chinese Professional Baseball;0
266;Baseball;12600;MLB Spring Training;0
267;Chess;15429;Grand Prix (W) Lausanne;0
267;Chess;9238;International Tournaments Norway Chess;0
267;Chess;45642;Banter Blitz Matches;0
267;Chess;10913;International Tournaments Grenke Chess Classic;0
267;Chess;9237;World Championship Candidates;0
267;Chess;9236;International Tournaments Prague Chess Festival;0
267;Chess;11166;Speed Chess Championship Games;0
267;Chess;9239;World Championship Tournament Bets;0
267;Chess;15876;Exhibition Matches Nutcracker Tournament;0
268;Cricket;10974;ICC T20 World Cup Warm-Up Matches (W);0
268;Cricket;10945;ICC T20 World Cup (W);0
268;Cricket;38988;Hapur Premier League;0
268;Cricket;9244;Sheffield Shield;0
268;Cricket;9243;International Twenty20 (W);0
268;Cricket;9242;New Zealand Ford Trophy;0
268;Cricket;9241;International Twenty20;0
268;Cricket;9240;South Africa Momentum One Day Cup;0
268;Cricket;34924;The Ashes Series;0
268;Cricket;15644;Road Safety World Series;0
268;Cricket;11378;Pakistan Super League;0
268;Cricket;12206;New Zealand Plunket Shield;0
268;Cricket;11744;International One Day;0
268;Cricket;10704;International Test Cricket;0
269;Darts;10917;PDC World Championship;0
269;Darts;14218;PDC European Tour Belgian Championship;0
269;Darts;15406;UK Open;0
269;Darts;45491;Exhibiton Matches;0
269;Darts;9247;Unibet Premier League of Darts;0
269;Darts;13089;PDC Players Championship;0
270;Floorball;10483;Sweden Allsvenskan Södra;0
270;Floorball;10474;Sweden Superligan (W);0
270;Floorball;9263;Sweden Superligan;0
270;Floorball;10603;Finland Salibandyliiga;0
270;Floorball;10475;Sweden Allsvenskan Norra;0
270;Floorball;19404;Norway Eliteserien (W);0
270;Floorball;12911;Norway Eliteserien;0
271;Gaelic Sports;9265;Gaelic Football All-Ireland Senior Championship;0
271;Gaelic Sports;9264;Hurling All-Ireland Senior Championship;0
271;Gaelic Sports;16821;Gaelic Football Allianz Football League;0
271;Gaelic Sports;16822;Hurling National Hurling League;0
272;Handball;10932;Germany 2. Bundesliga;0
272;Handball;9290;Champions League;0
272;Handball;17825;France Coupe de France;0
272;Handball;11038;Hungary NB1 (W);0
272;Handball;12466;Romania Liga Nationala Women;0
272;Handball;15814;Portugal Cup;0
272;Handball;35314;Turkey Kupasi Women;0
272;Handball;11564;Hungary NB1 Men;0
272;Handball;20231;Challenge Cup (W);0
272;Handball;10646;Russia Super League;0
272;Handball;31529;Serbia Superliga;0
272;Handball;11704;Romania Cup Women;0
272;Handball;10927;Austria HLA;0
272;Handball;10417;Portugal 2nd Division;0
272;Handball;42846;Belarus National League;0
272;Handball;14351;Algeria Cup (W);0
272;Handball;14173;Serbia Superliga (W);0
272;Handball;29779;Belarus 1st League;0
272;Handball;29758;Russia Cup;0
272;Handball;9277;Russia Super League (W);0
272;Handball;20145;Greece A1;0
272;Handball;11470;Champions League (W);0
272;Handball;12631;Syria Premier League;0
272;Handball;11482;Qatar Premier League;0
272;Handball;15893;Russia Vyschaya Liga Men;0
272;Handball;16244;Spain Copa del Rey;0
272;Handball;24230;Turkey Süperlig (W);0
272;Handball;12075;Belarus 1st League Women;0
272;Handball;12692;Israel Division 1;0
272;Handball;12699;Algeria National 1;0
272;Handball;36288;Ukraine Super League;0
272;Handball;40893;Belarus 2nd Division;0
272;Handball;12187;Sweden Allsvenskan;0
272;Handball;17411;Argentina Liga de Honor (W);0
272;Handball;9279;Poland Superliga;0
272;Handball;9288;Spain Liga ASOBAL;0
272;Handball;9296;Germany Bundesliga;0
272;Handball;9295;France LNH D1;0
272;Handball;13024;Denmark 1. Division (W);0
272;Handball;9278;Romania Liga Nationala;0
272;Handball;11443;Montenegro Montenegro Cup (W);0
272;Handball;9280;Norway REMA 1000-ligaen (W);0
272;Handball;13591;Iceland Úrvalsdeild;0
272;Handball;40540;Belarus Division 2;0
272;Handball;9281;Estonia Meistriliiga;0
272;Handball;9282;Czech Republic Extraliga;0
272;Handball;9283;Finland SM-Liiga;0
272;Handball;9284;Norway 1st Division;0
272;Handball;9285;Norway REMA 1000-ligaen;0
272;Handball;12320;Syria Premier League (W);0
272;Handball;9286;Denmark Herre Håndbold Ligaen;0
272;Handball;9287;Denmark Dame Håndbold Ligaen;0
272;Handball;9289;Sweden SHE;0
272;Handball;9291;Sweden Handbollsligan;0
272;Handball;9292;Germany Bundesliga Women;0
272;Handball;11902;Finland SM-Liiga Qualification;0
272;Handball;13728;EHF Cup (W);0
272;Handball;9293;EHF Cup;0
272;Handball;14024;Russia Super League Reserves;0
272;Handball;28248;International Friendly Matches;0
272;Handball;13959;France LFH D1;0
272;Handball;9294;SEHA League;0
272;Handball;14560;Kenya KHF National League;0
272;Handball;10664;Denmark 1. Division Men;0
272;Handball;13370;Norway 1st Division (W);0
272;Handball;11988;Turkey Süperlig Erkek;0
273;Nascar;15057;FanShield 500;0
273;Nascar;12188;Strat 200;0
273;Nascar;15816;LS Tractor 200;0
273;Nascar;13989;Production Alliance Group 300;0
273;Nascar;26661;Vet Tix/Camping World 200;0
273;Nascar;10428;NextEra Energy 250;0
273;Nascar;11903;Pennzoil 400;0
273;Nascar;9297;Bluegreen Vacations Duel 1 at Daytona;0
273;Nascar;9298;Bluegreen Vacations Duel 2 at Daytona;0
273;Nascar;13611;Auto Club 400;0
273;Nascar;9300;Daytona 500;0
273;Nascar;21324;Folds of Honor QuikTrip 500;0
273;Nascar;26641;EchoPark 250;0
273;Nascar;9304;NASCAR Cup Series Championship 2020;0
273;Nascar;12189;Boyd Gaming 300;0
273;Nascar;10446;NASCAR Racing Experience 300;0
274;Speedway;9302;Winner 2020;0
275;Supercars;9307;Supercars Championship 2020;0
275;Supercars;11569;Race 1: Adelaide 500;0
275;Supercars;13042;Race 2: Adelaide 500;0
275;Supercars;22480;Race 1 : Melbourne 400;0
275;Supercars;12550;Top 10 Shootout Race 1: Adelaide 500;0
276;Olympic Games;9309;Medal Specials Overall;0
276;Olympic Games;9308;Athletics 100 m Men;0
276;Olympic Games;14313;Athletics Triple Jump (W);0
276;Olympic Games;12298;Athletics Heptathlon (W);0
276;Olympic Games;12338;Athletics Long Jump (W);0
277;Politics;45707;Norway Elections;0
277;Politics;9314;USA In the Spotlight;0
277;Politics;9311;USA Primaries;0
277;Politics;9313;United Kingdom Elections;0
277;Politics;9315;Germany Elections;0
277;Politics;9316;European Union Laws & Referendums;0
277;Politics;9317;European Union In the Spotlight;0
277;Politics;9318;Sweden Elections;0
277;Politics;9312;United Kingdom In the Spotlight;0
277;Politics;9310;USA Elections;0
278;Snooker;12858;World Championship;0
278;Snooker;36788;European Amateur Snooker Championship;0
278;Snooker;42340;Armenian Snooker Cup;0
278;Snooker;9322;Welsh Open;0
278;Snooker;14970;Championship League;0
278;Snooker;34019;Tour Championship;0
278;Snooker;13459;Players Championship;0
278;Snooker;20413;Gibraltar Open;0
278;Snooker;11196;Shoot Out;0
279;Surfing;9324;WSL Men’s Championship Tour;0
279;Surfing;9323;WSL Women’s Championship Tour;0
280;Trotting;12740;Finland Mikkeli;0
280;Trotting;10150;Sweden Mantorp;0
280;Trotting;12733;Sweden Romme;0
280;Trotting;11808;Sweden Jägersro;0
280;Trotting;9356;France Prix d´Amerique;0
280;Trotting;9355;Sweden Specials;0
280;Trotting;9354;Sweden Elitloppet;0
280;Trotting;45717;Sweden Rättvik;0
280;Trotting;11669;Sweden Gävle;0
280;Trotting;9353;Sweden Solvalla;0
280;Trotting;11921;Sweden Kalmar;0
280;Trotting;9352;Sweden Åby;0
280;Trotting;9351;Norway Bjerke;0
280;Trotting;9350;Finland Vermo;0
280;Trotting;16874;Finland Joensuu;0
280;Trotting;20058;France Grand Criterium de Vitesse;0
280;Trotting;27756;Sweden Swedish Trotting Derby;0
280;Trotting;41899;Sweden Paralympiatravet;0
280;Trotting;12626;Sweden Umåker;0
280;Trotting;13731;Sweden Östersund;0
280;Trotting;12036;Sweden Axevalla;0
280;Trotting;10823;Sweden Örebro;0
280;Trotting;11766;Finland Tampere;0
280;Trotting;14388;Finland Lahti;0
280;Trotting;14375;Sweden Bollnäs;0
280;Trotting;14353;Norway Jarlsberg;0
280;Trotting;13354;France Prix de Paris;0
280;Trotting;10742;France Vincennes;0
280;Trotting;15098;Denmark Skive;0
280;Trotting;12283;Norway Momarken;0
280;Trotting;11990;Sweden Bergsåker;0
280;Trotting;14160;Sweden Boden;0
280;Trotting;13541;Sweden Halmstad;0
280;Trotting;16825;Sweden Färjestad;0
280;Trotting;11387;Denmark Ålborg;0
280;Trotting;35446;Finland Oulu;0
280;Trotting;14298;Sweden Eskilstuna;0
281;TV & Novelty;9358;Norway Melodi Grand Prix;0
281;TV & Novelty;9357;Sweden Melodifestivalen;0
281;TV & Novelty;21582;Global Eurovision;0
281;TV & Novelty;9362;Australia TV Shows;0
281;TV & Novelty;9363;United Kingdom Awards & Prizes;0
281;TV & Novelty;9359;United Kingdom Dancing on Ice;0
281;TV & Novelty;9360;United Kingdom Love Island;0
281;TV & Novelty;37428;Global Finance;0
281;TV & Novelty;9361;Australia Music;0
281;TV & Novelty;16651;Finland Awards & Prizes;0
281;TV & Novelty;16649;Finland Music;0
281;TV & Novelty;34726;Germany TV  Shows;0
281;TV & Novelty;39570;Australia Weather;0
281;TV & Novelty;16650;Denmark Melodi Grand Prix;0
281;TV & Novelty;36248;Sweden TV Shows;0
281;TV & Novelty;43704;Norway Alle mot 1;0
281;TV & Novelty;45253;Italy TV Shows;0
281;TV & Novelty;45520;Italy Grande Fratello VIP;0
281;TV & Novelty;9364;Global Celebrities;0
281;TV & Novelty;16652;Sweden Let´s Dance;0
281;TV & Novelty;16653;Global In the Spotlight;0
282;Volleyball;10703;Poland LSK (W);0
282;Volleyball;16942;Turkey 2. Lig;0
282;Volleyball;13325;Czech Republic Cup;0
282;Volleyball;17455;Peru Liga Nacional (W);0
282;Volleyball;10512;South Korea V-League;0
282;Volleyball;13395;Italy Serie A2 (W);0
282;Volleyball;10193;Bulgaria Super League;0
282;Volleyball;18769;Greece A1 (W);0
282;Volleyball;21289;Argentina Serie A2;0
282;Volleyball;9376;Poland PlusLiga;0
282;Volleyball;9375;Brazil Superliga;0
282;Volleyball;9374;Italy Serie A1 (W);0
282;Volleyball;9373;Germany Bundesliga;0
282;Volleyball;45757;Belarus Amateur League;0
282;Volleyball;13472;Kazakhstan Vysschaya Liga;0
282;Volleyball;21802;Egypt Egyptian Volley League;0
282;Volleyball;21881;Cyprus Cup;0
282;Volleyball;9372;Germany Bundesliga (W);0
282;Volleyball;9371;Finland Mestaruusliiga;0
282;Volleyball;9370;Poland Puchar Polski (W);0
282;Volleyball;9369;CEV Cup;0
282;Volleyball;9368;Challenge Cup;0
282;Volleyball;9367;Champions League;0
282;Volleyball;9366;Romania Divizia A1 (W);0
282;Volleyball;9365;Turkey Sultanlarligi (W);0
282;Volleyball;22934;Israel State Cup;0
282;Volleyball;23206;Cyprus Division A (W);0
282;Volleyball;11447;Iran Division 1;0
282;Volleyball;24279;Thailand Thailand League (W);0
282;Volleyball;25698;Belarus Division A;0
282;Volleyball;13498;Kazakhstan National League;0
282;Volleyball;26351;Slovenia 1. Liga;0
282;Volleyball;28733;Iceland Mizunodeild (W);0
282;Volleyball;31441;Ukraine Vyscha Liga;0
282;Volleyball;31442;Thailand Thailand League;0
282;Volleyball;35401;Turkey 1. Lig (W);0
282;Volleyball;35400;Turkey 1. Lig;0
282;Volleyball;35143;Russia Liga Pro;0
282;Volleyball;44003;Belarus MVL Mixed;0
282;Volleyball;43899;Russia Regional Leagues;0
282;Volleyball;43898;Russia Regional Leagues (W);0
282;Volleyball;34758;Russia Youth League (W);0
282;Volleyball;13552;Bahrain Cup;0
282;Volleyball;13563;Denmark 2. Division;0
282;Volleyball;13577;Denmark 1. Division (W);0
282;Volleyball;13581;Cyprus Division A;0
282;Volleyball;15138;Ukraine Cup;0
282;Volleyball;10695;South Korea V-League (W);0
282;Volleyball;13615;Denmark VolleyLigaen;0
282;Volleyball;10953;Turkey Efelerligi;0
282;Volleyball;12323;Italy SuperLega;0
282;Volleyball;12325;Italy Coppa Italia A1;0
282;Volleyball;12331;France Ligue A (W);0
282;Volleyball;11778;Qatar QVL;0
282;Volleyball;37663;Russia Saint Petersburg Leagues;0
282;Volleyball;11906;Spain Superliga;0
282;Volleyball;10829;Brazil Superliga (W);0
282;Volleyball;10828;France Ligue A;0
282;Volleyball;10826;Belgium Ereklasse (W);0
282;Volleyball;10825;Israel National League;0
282;Volleyball;10824;Greece League Cup;0
282;Volleyball;10248;Club Tournaments Baltic League;0
282;Volleyball;10411;Club Tournaments South American Club Championship;0
282;Volleyball;11397;Kazakhstan Vyschaya Liga (W);0
282;Volleyball;14113;Croatia Cup;0
282;Volleyball;14189;Denmark VolleyLigaen (W);0
282;Volleyball;12445;Israel Ligat Al (W);0
282;Volleyball;14296;Indonesia Proliga;0
282;Volleyball;12497;Brazil Superliga B;0
282;Volleyball;12048;Iran Premier League;0
282;Volleyball;11679;Kazakhstan National League (W);0
282;Volleyball;14460;Argentina Serie A1;0
282;Volleyball;12577;Russia Super League;0
282;Volleyball;12598;Bulgaria Super League (W);0
282;Volleyball;12073;CEV Cup (W);0
282;Volleyball;14592;Philippines Super Liga (W);0
282;Volleyball;14711;Netherlands A League;0
282;Volleyball;12649;Israel Ligat Al;0
282;Volleyball;12650;Denmark Landspokal Cup;0
282;Volleyball;14831;Russia Vysshaya Liga B (W);0
282;Volleyball;14863;Indonesia Proliga (W);0
282;Volleyball;14903;Norway Eliteserien (W);0
282;Volleyball;14936;Netherlands DELA League (W);0
282;Volleyball;14978;Israel State Cup (W);0
282;Volleyball;15013;Serbia Cup (W);0
282;Volleyball;12701;Denmark Landspokal Cup (W);0
282;Volleyball;15042;Argentina Liga Feminina (W);0
282;Volleyball;12702;Algeria Championnat National;0
282;Volleyball;12711;Algeria Championnat National 2;0
282;Volleyball;12713;Algeria Championnat National (W);0
282;Volleyball;11628;Challenge Cup (W);0
282;Volleyball;12777;Finland Mestaruusliiga (W);0
282;Volleyball;12787;Belgium 1st League;0
282;Volleyball;12802;Italy Coppa Italia A2-A3;0
282;Volleyball;12841;Portugal II Division (W);0
282;Volleyball;12879;NCAA;0
282;Volleyball;11212;Czech Republic Extraliga;0
282;Volleyball;12896;Japan V Challenge League 2;0
282;Volleyball;12902;Greece A1;0
282;Volleyball;38185;Russia Yekaterinburg Leagues (W);0
282;Volleyball;38184;Russia Yekaterinburg Championship;0
282;Volleyball;13011;Russia Super League (W);0
282;Volleyball;13027;Sweden Elitserien;0
282;Volleyball;13035;Romania Divizia A1;0
282;Volleyball;13082;Sweden Elitserien (W);0
282;Volleyball;10553;Philippines NCAA (W);0
282;Volleyball;10983;Italy Serie A2;0
282;Volleyball;37819;Russia Liga Pro (W);0
282;Volleyball;11572;Champions League (W);0
282;Volleyball;12178;Brazil Superliga B (W);0
282;Volleyball;10168;Russia Youth League;0
282;Volleyball;37818;Russia Saint Petersburg Leagues (W);0
282;Volleyball;16767;Russia Vysshaya Liga A (W);0
282;Volleyball;16768;Ukraine Vyscha Liga (W);0
282;Volleyball;16845;Algeria Cup;0
282;Volleyball;16849;Turkey 2. Lig (W);0
282;Volleyball;16884;Ukraine Super Liga (W);0
283;Winter Olympic Games;9377;Medal Specials Overall;0
284;Winter Sports;10657;Speed Skating Men;0
284;Winter Sports;9380;Ski Jumping Men;0
284;Winter Sports;10256;Alpine Skiing Men;0
284;Winter Sports;9379;Biathlon Women;0
284;Winter Sports;9381;Biathlon Men;0
284;Winter Sports;9383;Cross-country Women;0
284;Winter Sports;10701;Speed Skating Women;0
284;Winter Sports;9384;Biathlon Specials;0
284;Winter Sports;11907;Alpine Skiing Women;0
284;Winter Sports;9378;Biathlon Team Mixed;0
284;Winter Sports;9382;Cross-country Men;0
285;WWE/Pro Wrestling;9385;-TV Specials;0
285;WWE/Pro Wrestling;23594;-WrestleMania;0
285;WWE/Pro Wrestling;9388;Money in the Bank;0
285;WWE/Pro Wrestling;9386;NXT TakeOver;0
285;WWE/Pro Wrestling;9387;Super ShowDown;0
285;WWE/Pro Wrestling;19051;-Elimination Chamber;0
285;WWE/Pro Wrestling;13732;Props/Futures;0
285;WWE/Pro Wrestling;14208;AEW Revolution;0
285;WWE/Pro Wrestling;11217;AEW Props/Futures;0
285;WWE/Pro Wrestling;11214;-Super ShowDown;0
285;WWE/Pro Wrestling;11216;WrestleMania;0
285;WWE/Pro Wrestling;11215;Elimination Chamber;0
339;Table Tennis;12211;ITTF World Tour Mixed Doubles Hungarian Open;0
339;Table Tennis;16647;ITTF World Tour Qatar Open;0
339;Table Tennis;17563;ITTF World Tour Women Qatar Open;0
339;Table Tennis;36820;TT Star Pro Series Men Singles;0
339;Table Tennis;37314;Setka Cup Men;0
339;Table Tennis;39396;Russia Moscow Liga Pro Women;0
339;Table Tennis;12213;ITTF World Tour Hungarian Open;0
339;Table Tennis;12212;ITTF World Tour Women Hungarian Open;0
339;Table Tennis;16646;ITTF World Tour Mixed Doubles Qatar Open;0
339;Table Tennis;37879;Setka Cup Women;0
339;Table Tennis;35208;TT Cup Men Singles;0
339;Table Tennis;35484;Russia Moscow Liga Pro;0
339;Table Tennis;45240;Russia Master Tour Women;0
339;Table Tennis;28382;ITTF Challenge Mixed Doubles Oman Open;0
339;Table Tennis;28381;ITTF Challenge Oman Open;0
339;Table Tennis;28380;ITTF Challenge Women Oman Open;0
339;Table Tennis;37759;TT Cup Women Singles;0
339;Table Tennis;42386;Master Tour;0
339;Table Tennis;10484;Challenger Series Men Singles;0
344;Water Polo;22630;World League Europa Cup;0
344;Water Polo;12571;Champions League;0
344;Water Polo;11041;Hungary OB I;0
344;Water Polo;12978;Euro Cup;0
346;Leo Boosts;11446;Enhanced Multiples Soccer;0
346;Leo Boosts;11671;Boosts Soccer;0
349;Badminton;11655;Spain Masters Men Singles;0
349;Badminton;11898;Spain Masters Mixed Doubles;0
349;Badminton;11550;Spain Masters Women Doubles;0
349;Badminton;11899;Spain Masters Women Singles;0
349;Badminton;23683;All England Open Women Singles;0
349;Badminton;23684;All England Open Men Doubles;0
349;Badminton;23700;All England Open Mixed Doubles;0
349;Badminton;23675;All England Open Men Singles;0
349;Badminton;23694;All England Open Women Doubles;0
349;Badminton;11551;Spain Masters Men Doubles;0
351;Futsal;14304;Russia Russia Cup;0
351;Futsal;42926;Belarus Kamenetsk League;0
351;Futsal;16243;Spain Copa de Espana;0
351;Futsal;42912;Belarus Vyshchaya Liga;0
351;Futsal;44399;Belarus Volkovyssk Cup;0
351;Futsal;41913;Belarus ALF Basic League;0
351;Futsal;41791;Belarus Premierliga 5x5;0
351;Futsal;41778;Belarus Regional Leagues;0
351;Futsal;11649;Spain Primera División;0
351;Futsal;12282;Russia Super League;0
351;Futsal;12210;Italy Serie A;0
358;Squash;20205;PSA World Tour (W);0
358;Squash;14006;Windy City Open Men;0
358;Squash;14008;Windy City Open Women;0
358;Squash;19637;Canary Wharf Classic Matches;0
364;Motorcycling;15776;Championship (Moto2 2020);0
364;Motorcycling;15778;Drivers Championship (MotoGP 2020);0
364;Motorcycling;15777;Championship (Moto3 2020);0
364;Motorcycling;19706;Race: Qatar GP (Moto2 2020);0
364;Motorcycling;19751;Race: Qatar GP (Moto3 2020);0
371;Sumo;18625;Haru Basho;0
373;Beach Volley;22312;FIVB World Tour Doha;0
397;IndyCar;26911;Grand Prix of St. Petersburg;0
487;Bowls;34706;Grand Prix;1
535;Kung-Volleyball;45747;Amateur League 3v3 (Bo3 Sets);1
539;Esports eFormula1;45776;Vietnam Virtual Grand Prix 2020 (Esport event);0
540;Esports eNascar;45783;Ford City Showdown Bristol 2020 (Esport event);0
544;Esports eSupercars;45804;Round 1 - Phillip Island;0
