180;Football;9879;Copa America;0
180;Football;10029;Tanzania Premier League;0
180;Football;10028;Saudi Arabia Division 1;0
180;Football;56269;Esports FIFA 1 Division FUFV;0
180;Football;9839;Mexico Copa MX;0
180;Football;11719;England Central League Cup;0
180;Football;10024;International Youth Friendlies Under 19;0
180;Football;10025;Jordan U20 League;0
180;Football;10026;Kenya Premier League;0
180;Football;10027;Rwanda National Football League;0
180;Football;10554;Australia Queensland NPL U20;0
180;Football;10556;Northern Ireland NIFL Premiership;0
180;Football;10557;Russia FNL Cup;0
180;Football;10558;Turkey 3. Ligi;0
180;Football;10559;Wales Premier League;0
180;Football;10627;Netherlands Eredivisie (W);0
180;Football;13252;Spain Tercera División 7;0
180;Football;13251;Spain Tercera División 2;0
180;Football;57473;Esports FIFA eLiga MX (2x6mins);0
180;Football;13259;Spain Tercera División 18;0
180;Football;14048;Northern Ireland Irish Cup;0
180;Football;13590;Iceland League Cup (W);0
180;Football;13258;Spain Tercera División 17;0
180;Football;45374;Tajikistan Cup;0
180;Football;224;Copa Libertadores;0
180;Football;123372;Belarus Premier League (W);0
180;Football;15839;Estonia Esiliiga;0
180;Football;14227;Malaysia Super League;0
180;Football;13291;Greece Gamma Ethniki;0
180;Football;13288;Italy Serie D Girone I;0
180;Football;13287;England The Championship (W);0
180;Football;45284;Tajikistan Tajik League;0
180;Football;13282;Hong Kong Sapling Cup;0
180;Football;45274;Esports Pro Evolution Soccer eEuro 2020;0
180;Football;13588;Belgium Pro League U21;0
180;Football;13279;Germany 2. Bundesliga (W);0
180;Football;15679;Czech Republic National Football League;0
180;Football;108;England FA Trophy;0
180;Football;13278;Spain Segunda División Feminina (W);0
180;Football;10326;Argentina Torneo Regional Amateur;0
180;Football;10327;Brazil Tocantinense;0
180;Football;10329;Argentina Copa Argentina;0
180;Football;10330;Brazil Cearense;0
180;Football;10332;International Tournaments (W) AFC Olympic Qualifying Tournament;0
180;Football;13786;El Salvador Reserves League;0
180;Football;13787;Russia Youth Championship U21;0
180;Football;14236;Germany Oberliga Baden-Württemberg;0
180;Football;15841;Jordan Premier League;0
180;Football;15845;International Tournaments (W) Cyprus Cup;0
180;Football;65684;Chinese Taipei Taiwan Football Premier League;0
180;Football;14237;Germany Regionalliga Bayern;0
180;Football;13584;Belgium Pro League Cup U21;0
180;Football;13798;Netherlands KNVB Beker U19;0
180;Football;14239;Poland II Liga;0
180;Football;13224;USA NPSL;0
180;Football;15850;UEFA Womens Euro Qualification (W);0
180;Football;13222;Turkey 1. Futbol Ligi (W);0
180;Football;13221;Fiji National League;0
180;Football;45684;Chinese Taipei University Matches (W);0
180;Football;14253;Aruba Division di Honor;0
180;Football;13560;Austria ÖFB Cup;0
180;Football;15662;Philippines College;0
180;Football;10631;Australia State Cups;0
180;Football;15853;Congo Premier League;0
180;Football;86150;Esports FIFA ePremier League Invitational (2x6mins);0
180;Football;14266;Australia New South Wales NPL U20;0
180;Football;14272;Tunisia Cup;0
180;Football;15661;International Youth Tournaments (W) CONMEBOL Championship U20;0
180;Football;10756;Saudi Arabia Division 2;0
180;Football;10989;Germany Oberliga Hamburg;0
180;Football;13166;France National 2 Group D;0
180;Football;27773;Argentina Copa de la Superliga;0
180;Football;10331;Honduras Liga Nacional;0
180;Football;13165;France National 2 Group C;0
180;Football;15653;International Tournaments (W) Algarve Cup;0
180;Football;10996;Myanmar National League 2;0
180;Football;94998;Chinese Taipei Mulan Football League (W);0
180;Football;15856;International Tournaments (W) CAF Olympic Qualifying Tournament;0
180;Football;10555;Mexico Ascenso MX;0
180;Football;13161;France National 2 Group B;0
180;Football;13160;France National 2 Group A;0
180;Football;13137;New Zealand ASB Premiership;0
180;Football;13129;International Youth Tournaments (W) CONCACAF Championship U20;0
180;Football;6192;Spain Tercera División 11;0
180;Football;6193;Spain Tercera División 14;0
180;Football;6194;Spain Tercera División 15;0
180;Football;6195;Spain Tercera División 16;0
180;Football;6175;Spain Tercera División 3;0
180;Football;6196;Spain Tercera División 4;0
180;Football;6197;Spain Tercera División 5;0
180;Football;6198;Spain Tercera División 6;0
180;Football;6199;Spain Tercera División 8;0
180;Football;11005;Northern Ireland Irish League Cup;0
180;Football;13121;Netherlands Eredivisie U19;0
180;Football;13106;France Coupe Gambardella;0
180;Football;13103;Tunisia Ligue 2;0
180;Football;13023;Chile Primera B;0
180;Football;14333;Brunei Super League;0
180;Football;43722;Esports FIFA Bundesliga Home Challenge (2x6);0
180;Football;15870;Poland III Liga;0
180;Football;13067;Hungary NB 2;0
180;Football;13066;Andorra Primera Division;0
180;Football;13060;Italy Serie D Girone H;0
180;Football;13059;Italy Serie D Girone G;0
180;Football;10216;Specials Managers;0
180;Football;10153;Guatemala Reserves League;0
180;Football;66803;Belarus 2nd Division;0
180;Football;13058;Italy Serie D Girone F;0
180;Football;13057;Italy Serie D Girone E;0
180;Football;13056;Italy Serie D Girone D;0
180;Football;13531;Scotland Reserve Cup;0
180;Football;13055;Italy Serie D Girone C;0
180;Football;13968;Ireland Leinster Senior Cup;0
180;Football;15612;England Southern League Premier Division;0
180;Football;13054;Italy Serie D Girone B;0
180;Football;13053;Italy Serie D Girone A;0
180;Football;10971;Venezuela Primera Division;0
180;Football;42850;Esports FIFA Bundesliga Home Challenge;0
180;Football;10965;Ecuador Primera A;0
180;Football;10968;Paraguay Primera Division;0
180;Football;28843;New Zealand Regional Leagues;0
180;Football;10977;Slovakia Super Liga;0
180;Football;29019;Brazil Carioca U20;0
180;Football;13022;Barbados Premier League;0
180;Football;10975;Germany Regionalliga Südwest;0
180;Football;13964;England Isthmian League Division One;0
180;Football;13864;International Youth Friendlies Under 18;0
180;Football;10970;United Arab Emirates Arabian Gulf League;0
180;Football;29055;Brazil Mineiro 2;0
180;Football;11125;England FA Cup (W);0
180;Football;14356;United Arab Emirates U21 League;0
180;Football;13012;Australia NPL Western Australia;0
180;Football;29056;Kenya FKF President´s Cup;0
180;Football;13467;Russia Cup;0
180;Football;44096;Burundi Cup;0
180;Football;10969;Thailand Thai League 1;0
180;Football;10967;Oman Professional League;0
180;Football;10966;Iran Pro League;0
180;Football;29072;Hungary NB 1 (W);0
180;Football;44063;Japan Regional Leagues;0
180;Football;29743;Kyrgyzstan Top Liga;0
180;Football;15756;Czech Republic Cup;0
180;Football;23896;Qatar Emir Cup;0
180;Football;10959;Germany Regionalliga West;0
180;Football;23709;Ukraine Cup;0
180;Football;10958;Germany Regionalliga Nordost;0
180;Football;37180;Malawi Super League;0
180;Football;69606;Turkmenistan Yokary Liga;0
180;Football;23708;Montenegro Druga Liga;0
180;Football;23529;England Northern League Division One;0
180;Football;12900;Argentina Primera B Metropolitana;0
180;Football;12953;Spain Tercera División 10;0
180;Football;91437;Turkmenistan Youth League;0
180;Football;12952;Spain Tercera División 1;0
180;Football;43750;Belarus Amateur League - 70 mins;0
180;Football;14395;Australia NPL NSW;0
180;Football;28234;Australia Western Australia NPL U20;1
180;Football;12969;Slovakia League U19;0
180;Football;27317;Ethiopia Premier League;0
180;Football;12968;Singapore Charity Shield;0
180;Football;12967;Serbia Super Liga (W);0
180;Football;12966;Senegal Premier League;0
180;Football;10990;Germany Oberliga Westfalen;0
180;Football;12965;Scotland Amateur Leagues;0
180;Football;12964;Luxembourg National Division;0
180;Football;10369;Ireland Leinster Senior League;0
180;Football;12963;Denmark League U19;0
180;Football;11034;Germany A-Junioren-Bundesliga Süd/Südwest;0
180;Football;11033;Germany A-Junioren-Bundesliga Nord/Nordost;0
180;Football;14073;CAF Champions League;0
180;Football;11031;Italy Campionato Primavera U19;0
180;Football;12962;Czech Republic 1. Liga (W);0
180;Football;12961;Croatia 3. HNL League;0
180;Football;45532;Esports FIFA International Friendly;0
180;Football;12960;Burundi Premier League;0
180;Football;12959;Brazil Matogrossense;0
180;Football;12956;Germany Oberliga Schleswig-Holstein;0
180;Football;12955;Germany Oberliga Niedersachsen;0
180;Football;12954;Germany Oberliga Hessen;0
180;Football;12951;Italy Serie A (W);0
180;Football;37731;Saint Kitts and Nevis Premier League;0
180;Football;43494;Belarus Amateur League;0
180;Football;30667;Cuba Premier League;0
180;Football;23175;Austria Regional Cups;0
180;Football;14074;Wales Cup;0
180;Football;5539;England EFL Trophy;0
180;Football;12934;Finland A- Junior League U20;0
180;Football;23108;Armenia Cup;0
180;Football;12928;France Division 1 (W);0
180;Football;23004;Club Youth Tournaments Premier League International Cup U23;0
180;Football;15512;Slovakia Cup;0
180;Football;69969;Esports FIFA Bundesliga Home Challenge (2x6min);0
180;Football;38358;Russia Winter Tournament Perm 2x30 mins;0
180;Football;10993;Algeria Ligue U19;0
180;Football;15507;Belarus Super Cup;0
180;Football;14422;Austria Regional League East;0
180;Football;10995;Malta First Division;0
180;Football;15500;Bosnia & Herzegovina Cup;0
180;Football;12921;Slovenia Prva Liga;0
180;Football;5650;Spain Tercera División 12;0
180;Football;31347;Hong Kong FA Cup;0
180;Football;12905;Australia Reserve Leagues;0
180;Football;12901;Azerbaijan Premier League;0
180;Football;32644;Saudi Arabia King Cup;0
180;Football;33786;Haiti Division 1;0
180;Football;33953;Nepal Division B;0
180;Football;9869;USA MLS;0
180;Football;22561;Estonia Cup;0
180;Football;12853;Brazil Gaúcho;0
180;Football;42852;Belarus Super Cup (W);0
180;Football;9862;Brazil Paulista A1;0
180;Football;12861;Peru Reserve League;0
180;Football;22482;Club Youth Friendlies Under 21;0
180;Football;21752;Hong Kong Premier League;0
180;Football;22058;Brazil Amapaense;0
180;Football;12834;Sweden Svenska Cupen (W);0
180;Football;22396;Russia PFL;0
180;Football;12825;Ireland Munster Senior League;0
180;Football;12823;Ireland FAI Intermediate Cup;0
180;Football;12803;Belgium Super League (W);0
180;Football;22121;Serbia Cup;0
180;Football;12798;Argentina Torneo Federal A;0
180;Football;12795;Iceland League Cup B;0
180;Football;13629;Slovenia 1. SML U19;0
180;Football;12765;Cyprus 2nd Division;0
180;Football;21395;Belarus Cup;0
180;Football;12762;Costa Rica Primera Division U20;0
180;Football;12755;Bulgaria PFL 2;0
180;Football;208158;Croatia Cup;0
180;Football;208155;Faroe Islands 1. deild;0
180;Football;222780;Vietnam Cup;0
180;Football;10225;Germany Regional Cups;0
180;Football;10504;Qatar Stars Cup;0
180;Football;10505;Saudi Arabia Professional League;0
180;Football;83140;Esports FIFA ePremier League Invitational;0
180;Football;11222;Algeria Ligue 1;0
180;Football;11224;Argentina Femenino (W);0
180;Football;11225;Argentina Primera C;0
180;Football;11226;Australia NPL Queensland;0
180;Football;11227;Club Youth Tournaments Copa Libertadores U20;0
180;Football;11228;Egypt Cup;0
180;Football;11229;Iraq Premier League;0
180;Football;11230;Malta Premier League;0
180;Football;11231;Montenegro First League;0
180;Football;11232;Palestine Gaza Strip Premier League;0
180;Football;11233;Paraguay Reserves League;0
180;Football;11234;Qatar U23 League;0
180;Football;11235;Uruguay Reserve League;0
180;Football;10583;England Professional Development League;0
180;Football;10994;Club Tournaments CAF Super Cup;0
180;Football;21270;USA UPSL;0
180;Football;20994;Russia FNL;0
180;Football;11191;AFC Champions League;0
180;Football;11286;Japan J1-League;0
180;Football;14450;Norway NM Cupen;0
180;Football;12674;Netherlands Tweede Divisie;0
180;Football;12673;Kenya Super League;0
180;Football;12672;El Salvador Primera Division;0
180;Football;12671;Bosnia & Herzegovina Premijer Liga;0
180;Football;12670;Belgium Tweede Klasse Amateurs VFV A;0
180;Football;12669;Belgium Tweede Klasse Amateurs ACFF;0
180;Football;12668;Australia Queensland NPL (W);0
180;Football;12653;Germany A-Junioren-Bundesliga West;0
180;Football;10746;Paraguay Minor League U19;0
180;Football;12645;Thailand Thai League 2;0
180;Football;12640;Belgium Tweede Klasse Amateurs VFV B;0
180;Football;14492;Indonesia Liga 1;0
180;Football;45522;Chinese Taipei University Matches;0
180;Football;10109;Brazil Brasiliense;0
180;Football;5549;World Cup 2022;0
180;Football;14502;Kazakhstan Super Cup;0
180;Football;25663;Angola Girabola;0
180;Football;5545;Euro 2020;0
180;Football;5542;Romania Liga II;0
180;Football;5540;Denmark 1st Division;0
180;Football;14503;Malaysia Premier League;0
180;Football;14510;Serbia Prva Liga;0
180;Football;5536;Norway Eliteserien;0
180;Football;5534;Euro 2020 Qualification;0
180;Football;5530;Russia Premier League;0
180;Football;13685;Poland I Liga;0
180;Football;14515;USA NISA;0
180;Football;5527;Europa League;0
180;Football;5526;Champions League;0
180;Football;5524;Czech Republic First League;0
180;Football;14519;Jordan Super Cup;0
180;Football;14522;Germany Oberliga Rheinland-Pfalz/Saar;0
180;Football;5522;Denmark Superligaen;0
180;Football;5520;Poland Ekstraklasa;0
180;Football;14534;Belgium First Division (W);0
180;Football;13376;South Korea K-League 1;0
180;Football;14537;England WSL Cup (W);0
180;Football;13397;Morocco Botola 2;0
180;Football;15714;Saudi Arabia Youth League;0
180;Football;14538;Brazil Paraense;0
180;Football;12593;Australia FFA Cup;0
180;Football;12592;Australia State Leagues;0
180;Football;15713;Australia South Australia NPL (W);0
180;Football;14542;Poland Ekstraklasa (W);0
180;Football;38685;Russia Amateur Football Leagues;0
180;Football;5473;Romania Liga I;0
180;Football;14572;Brazil Gaúcho 2;0
180;Football;10683;Peru Primera Division;0
180;Football;42266;Esports FIFA eSports Battle (2x4);0
180;Football;14595;Brazil Catarinense;0
180;Football;14601;Bulgaria Youth League U19;0
180;Football;14493;Singapore S-League;0
180;Football;12553;Turkey U19 Ligi;0
180;Football;37775;Nicaragua Liga Nicaraguense de Futbol U21;0
180;Football;12552;South Africa Premier League Reserves;0
180;Football;12551;Mexico Liga Premier;0
180;Football;12547;Scotland Premier League (W);0
180;Football;12546;Jordan FA Shield;0
180;Football;14577;Ecuador Primera B;0
180;Football;14627;Georgia Erovnuli Liga;0
180;Football;14630;France Championnat National U19;0
180;Football;12538;Brazil Paranaense;0
180;Football;12531;United Arab Emirates President's Cup;0
180;Football;5459;France Coupe de France;0
180;Football;5458;Germany 2. Bundesliga;0
180;Football;12530;Serbia Super Liga;0
180;Football;5457;Italy TIM Cup;0
180;Football;5456;England EFL Cup;0
180;Football;12513;Germany Oberliga NOFV-Süd;0
180;Football;12512;Germany Oberliga NOFV-Nord;0
180;Football;12511;Germany Oberliga Bremen;0
180;Football;11007;England Premier League 2 (Division 2);0
180;Football;11008;Germany Bundesliga (W);0
180;Football;5441;Portugal Primeira Liga;0
180;Football;11009;Ghana Premier League;0
180;Football;11010;Mexico League U20;0
180;Football;165318;South Korea K-League 2;0
180;Football;11011;United Arab Emirates Division 1;0
180;Football;11012;Wales Lower Tier Leagues;0
180;Football;20092;International Youth Friendlies (W) Under 23;0
180;Football;41848;Esports FIFA Ultimate Quaran Team (2x6);0
180;Football;12442;Argentina Primera B Nacional;0
180;Football;41751;Esports FIFA Liga Pro (2x6);0
180;Football;12444;Brazil Amazonense;0
180;Football;14724;Bulgaria Cup;0
180;Football;14733;Germany Oberliga Mittelrhein;0
180;Football;12443;Australia NPL South Australia;0
180;Football;14754;Club Tournaments CAF Confederations Cup;0
180;Football;14757;Estonia Super Cup;0
180;Football;14758;Malta FA Trophy;0
180;Football;28444;Algeria Cup U21;0
180;Football;12408;South Africa Nedbank Cup;0
180;Football;27727;Latvia Virsliga;0
180;Football;14784;Vietnam Super Cup;0
180;Football;14787;Brazil Baiano;0
180;Football;14790;England Premier League (W);0
180;Football;14797;Luxembourg Division of Honour;0
180;Football;14798;Wales Premier Womens League (W);0
180;Football;14841;Thailand Thai League 3;0
180;Football;51741;Esports FIFA eSports Battle (2x4min);0
180;Football;51789;Esports FIFA Liga MX;0
180;Football;12313;Portugal Liga Revelacao U23;0
180;Football;12312;Myanmar National League;0
180;Football;12311;Hungary 1st Division U19;0
180;Football;12310;Croatia 2. HNL League;0
180;Football;51740;Esports FIFA Liga Pro (2x6min);0
180;Football;13368;Greece Super League (W);0
180;Football;51790;Esports Pro Evolution Soccer Cyberleague Pro Series RPL;0
180;Football;12237;Australia Victoria NPL U20;0
180;Football;12236;Australia South Australia State League 1;0
180;Football;12235;Australia Queensland Premier League;0
180;Football;12224;Uganda Big League;0
180;Football;12222;Egypt Super Cup;0
180;Football;12221;Brazil Maranhense;0
180;Football;12220;Bahrain King of Bahrain Cup;0
180;Football;12219;International Friendly Matches (W);0
180;Football;12217;Australia State Cups (W);0
180;Football;13627;International Youth Friendlies (W) Under 19;0
180;Football;12195;Spain Tercera División 13;0
180;Football;12182;Belgium Eerste Klasse Amateurs;0
180;Football;52124;Belarus 1st Division;0
180;Football;12166;Panama LPF;0
180;Football;12165;Brazil Sul-Matogrossense;0
180;Football;19776;Malaysia FAM League;0
180;Football;10802;Brazil Copa do Nordeste;0
180;Football;11408;Iran 2nd Division;0
180;Football;11409;Bahrain Division 2;0
180;Football;10805;England Premier League 2 (Division 1);0
180;Football;12146;England Non League/County Cups;0
180;Football;14857;USA USL;0
180;Football;10849;Iran Azadegan League;0
180;Football;10850;Mexico Liga MX Femenil (W);0
180;Football;19392;Bosnia & Herzegovina Prva Liga;0
180;Football;19339;Australia Northern NSW State League 1;0
180;Football;19318;Hungary NB 3;0
180;Football;19209;Ireland League Cup;0
180;Football;36885;Euro 2021;0
180;Football;19155;Faroe Islands Premier League;0
180;Football;10848;Chile Primera;0
180;Football;14115;International Youth Friendlies Under 23;0
180;Football;17664;Czech Republic ČFL;0
180;Football;5219;South Africa 1st Division;0
180;Football;15237;England Northern League Premier Division;0
180;Football;35164;Palestine Cup;0
180;Football;18799;Australia State Leagues (W);0
180;Football;5221;Turkey 1. Lig;0
180;Football;10426;Trinidad & Tobago TT Pro League;0
180;Football;5315;Mexico Liga MX;0
180;Football;5304;Scotland League Two;0
180;Football;52475;Esports FIFA StayINtertoto Cup (2x6 mins);0
180;Football;17817;Germany Oberliga Bayern Süd;0
180;Football;58564;Esports FIFA Pro Player Cup - PS4 (2x6min);0
180;Football;17816;Germany Oberliga Bayern Nord;0
180;Football;17698;Serbia Youth League U19;0
180;Football;12064;Kuwait Emir Cup;0
180;Football;17663;Australia Tasmania Southern Championship;0
180;Football;17662;Australia NPL NSW 2;0
180;Football;15235;Scotland Reserve League 2;0
180;Football;35459;Cameroon Elite One (W);0
180;Football;17540;Kazakhstan Premier League;0
180;Football;11449;International Youth Tournaments Arab Youth Cup U20;0
180;Football;11450;Denmark Reserve League;0
180;Football;17520;Denmark 2nd Division Pulje 2;0
180;Football;17496;Philippines College (W);0
180;Football;17441;Fiji U19 League;0
180;Football;11458;Egypt 2nd Division;0
180;Football;11986;Syria Premier League;0
180;Football;35846;Belarus Reserve League;0
180;Football;11461;International Youth Tournaments CONCACAF Championship U20;0
180;Football;9782;England Super League (W);0
180;Football;9783;Italy Coppa Italia Serie C;0
180;Football;9784;Italy Coppa Italia Serie D;0
180;Football;13315;Malaysia Youth Cups;0
180;Football;11857;Spain Tercera División 9;0
180;Football;9785;Spain Copa de la Reina (W);0
180;Football;9786;Spain Division de Honor Juvenil;0
180;Football;14176;Scotland Scottish Cup (W);0
180;Football;13307;Portugal Campeonato Nacional (W);0
180;Football;14039;Armenia Premier League;0
180;Football;5253;International Friendly Matches;0
180;Football;5234;Scotland League One;0
180;Football;14032;Botswana Premier League;0
180;Football;5232;Scotland Scottish Premiership;0
180;Football;5231;Spain Segunda B-4;0
180;Football;5230;Spain Segunda B-3;0
180;Football;9787;Club Friendly Matches (W);0
180;Football;9789;UEFA Youth League;0
180;Football;9791;Turkey Türkiye kupasi;0
180;Football;5229;Spain Segunda B-2;0
180;Football;11894;Costa Rica Liga de Ascenso;0
180;Football;9792;Belgium Proximus League;0
180;Football;5228;Spain Segunda B-1;0
180;Football;9793;Portugal Taça de Portugal;0
180;Football;11487;Netherlands Reserve League;0
180;Football;11909;Uruguay Primera Division;0
180;Football;14993;Iceland League Cup C;0
180;Football;9794;Netherlands KNVB Beker;0
180;Football;9795;Argentina Primera D Metropolitana;0
180;Football;9798;Brazil Campeonato Brasileiro (W);0
180;Football;9799;Brazil Capixaba;0
180;Football;9801;Brazil Copa do Brasil;0
180;Football;11640;Japan J2-League;0
180;Football;9802;Brazil Goiano;0
180;Football;5224;England League Two;0
180;Football;5223;England The Championship;0
180;Football;9803;Brazil Mineiro;0
180;Football;9804;Brazil Paulista A2;0
180;Football;5220;South Africa SA Premier Soccer League;0
180;Football;9805;Brazil Paulista A3;0
180;Football;53407;Esports FIFA Pro Player Cup - Xbox (2x6min);0
180;Football;9807;Brazil Piauiense;0
180;Football;9808;Brazil Potiguar;0
180;Football;9809;Cameroon Elite One;0
180;Football;5535;France Coupe de la Ligue;0
180;Football;9810;Club Tournaments AFC Cup Qualification;0
180;Football;5215;Colombia Liga BetPlay Dimayor;0
180;Football;9812;Cyprus 1st Division;0
180;Football;5213;Australia A-League;0
180;Football;9813;Cyprus Cup;0
180;Football;9814;El Salvador Segunda Division;0
180;Football;9818;Hungary Cup;0
180;Football;13306;Ghana FA Cup;0
180;Football;9819;Iceland League Cup;0
180;Football;9820;Iceland League U19;0
180;Football;5212;Netherlands Eerste Divisie;0
180;Football;5211;Scotland Championship;0
180;Football;9821;India I-League;0
180;Football;9822;India Super League;0
180;Football;11931;Iran League U23;0
180;Football;5210;Netherlands Eredivisie;0
180;Football;5208;Turkey Süper Lig;0
180;Football;9823;Ivory Coast Ligue 1;0
180;Football;9824;Morocco Botola;0
180;Football;5206;Argentina Primera Division;0
180;Football;5205;France Ligue 2;0
180;Football;5204;France Ligue 1;0
180;Football;5202;Germany Bundesliga;0
180;Football;229989;Estonia II Liiga;0
180;Football;5201;Spain La Liga 2;0
180;Football;5200;Spain La Liga;0
180;Football;9825;Nigeria Premier League;0
180;Football;13305;Finland Kakkosen Cup;0
180;Football;53521;Esports FIFA Futhead TNF (2x6min);0
180;Football;5199;Italy Serie B;0
180;Football;5198;Italy Serie A;0
180;Football;5197;England League One;0
180;Football;36475;Nicaragua Primera Division;0
180;Football;16189;Australia Brisbane Premier League;0
180;Football;16190;Australia Brisbane Premier League (W);0
180;Football;16191;Denmark 2nd Division Pulje 1;0
180;Football;9826;Northern Ireland Development League U20;0
180;Football;10628;Sudan Premier League;0
180;Football;5176;Greece Super League;0
180;Football;5173;Club Friendly Matches;0
180;Football;5170;Spain Copa del Rey;0
180;Football;9815;Greece Cup;0
180;Football;16682;Romania Liga III Seria III;0
180;Football;9797;Brazil Alagoano;0
180;Football;9806;Brazil Pernambucano;0
180;Football;9800;Brazil Carioca A;0
180;Football;17193;Austria Regional League Central;0
180;Football;11922;Ireland 1st Division;0
180;Football;57445;Esports FIFA 3 Division FUFV (2x6min);0
180;Football;11916;Qatar Qatar Stars League;0
180;Football;5168;England FA Cup;0
180;Football;11901;Tunisia Ligue 1;0
180;Football;11897;Panama Reserve League;0
180;Football;11896;Iran Cup;0
180;Football;11895;Hong Kong 1st Division;0
180;Football;11893;Brazil Sergipano;0
180;Football;11892;Brazil Paraibano;0
180;Football;16192;Lithuania A Lyga;0
180;Football;16193;Slovakia 2. Liga;0
180;Football;16194;Slovenia SNL 2;0
180;Football;16195;Vietnam V-League 1;0
180;Football;9796;Bolivia Liga Profesional;0
180;Football;5167;England Premier League;0
180;Football;11575;England Premier League Cup;0
180;Football;9816;Guatemala Liga Nacional;0
180;Football;11577;Algeria Ligue 2;0
180;Football;11578;Cameroon Elite Two;0
180;Football;11579;Croatia 1. HNL League Juniori U19;0
180;Football;11580;Estonia U19 League;0
180;Football;11581;Northern Ireland NIFL Championship;0
180;Football;11582;Oman Sultan Qaboos Cup;0
180;Football;11583;Scotland Reserve League;0
180;Football;11584;Uganda Premier League;0
180;Football;11585;Uruguay Primera Division U19;0
180;Football;11589;Colombia Copa BetPlay Dimayor;0
180;Football;11590;Turkey 2. Lig;0
180;Football;11592;Club Tournaments Recopa Sudamericana;0
180;Football;36623;Myanmar Myanmar U19 League;0
180;Football;9811;Costa Rica Primera Division;0
180;Football;57444;Esports FIFA 2 Division FUFV (2x6min);0
180;Football;57443;Esports FIFA 1 Division FUFV (2x6min);0
180;Football;9827;Portugal Campeonato de Portugal;0
180;Football;9828;Qatar Qatargas League;0
180;Football;9829;Algeria Cup;0
180;Football;9830;Australia NPL Victoria;0
180;Football;9817;Guatemala Primera Division de Ascenso;0
180;Football;36509;Nicaragua Liga Primera  Juvenil U20;0
180;Football;11858;Germany Oberliga Niederrhein;0
180;Football;9831;Azerbaijan 1st Division;0
180;Football;13211;Venezuela Segunda Division;0
180;Football;9832;Bahrain Premier League;0
180;Football;9833;Bangladesh Premier League;0
180;Football;11856;Spain Superliga Femenina (W);0
180;Football;9834;Bhutan Thimphu League;0
180;Football;57202;Esports FIFA Stay and Play Cup (2x6mins);0
180;Football;9788;Copa Sudamericana;0
180;Football;9835;Colombia Torneo BetPlay Dimayor;0
180;Football;36451;Gambia 2nd Division;0
180;Football;16239;Czech Republic MSFL;0
180;Football;9836;India I-League Division 2;0
180;Football;9837;Jamaica Premier League;0
180;Football;9838;Kuwait Premier League;0
180;Football;9840;Myanmar National League U21;0
180;Football;9841;Nepal National League;0
180;Football;9842;Uganda Cup;0
180;Football;9843;Germany 3. Liga;0
180;Football;11842;Italy Coppa Primavera U19;0
180;Football;9844;Germany Regionalliga Nord;0
180;Football;11840;England National League (W);0
180;Football;9790;Belgium Jupiler Pro League;0
180;Football;10356;England Isthmian League Premier Division;0
180;Football;9853;Switzerland Challenge League;0
180;Football;11588;CONCACAF Champions League;0
180;Football;9854;England National League;0
180;Football;56834;Burundi Nationale B;0
180;Football;15134;Mali Première Division;0
180;Football;9855;England National League North;0
180;Football;9856;England National League South;0
180;Football;9857;Italy Serie C Girone A;0
180;Football;36225;Uganda Regional League;0
180;Football;36212;Zambia FAZ Lusaka League (W);0
180;Football;9858;Italy Serie C Girone B;0
180;Football;16731;Romania Liga III Seria IV;0
180;Football;16732;Romania Liga III Seria V;0
180;Football;9859;Italy Serie C Girone C;0
180;Football;16743;Romania Liga III Seria I;0
180;Football;36190;Uganda Super League (W);0
180;Football;9860;Switzerland Super League;0
180;Football;9861;Portugal LigaPro;0
180;Football;9863;Hungary NB 1;0
180;Football;9864;Brazil Supercopa do Brasil;0
180;Football;9865;Japan J.League Cup;0
180;Football;9866;Austria Second League;0
180;Football;10549;Algeria Ligue 1 U21;0
180;Football;9867;Ukraine Premier League;0
180;Football;9868;Sweden Svenska Cupen;0
180;Football;9870;Germany DFB Pokal;0
180;Football;10550;Brazil Acriano;0
180;Football;9871;Denmark Sydbank Pokalen;0
180;Football;9872;Romania Cupa Romaniei;0
180;Football;9873;Poland Puchar Polski;0
180;Football;9874;Belgium Beker van Belgie;0
180;Football;9875;Australia W-League (W);0
180;Football;16755;Romania Liga III Seria II;0
180;Football;9876;Sweden Allsvenskan;0
180;Football;10551;Palestine West Bank Premier League;0
180;Football;9877;Norway OBOS-ligaen;0
180;Football;9878;Scotland Scottish Cup;0
180;Football;9880;Specials Transfers;0
180;Football;9881;Finland Veikkausliiga;0
180;Football;9882;Sweden Damallsvenskan (W);0
180;Football;9883;Sweden Superettan;0
180;Football;9884;Specials International Awards;0
180;Football;35973;Belarus Premier League;0
180;Football;15097;Estonia Meistriliiga;0
180;Football;55788;Esports FIFA Cyber Stars League;0
180;Football;56500;Esports FIFA 3 Division FUFV;0
180;Football;11749;Poland Puchar Polski (W);0
180;Football;11748;Czech Republic 1. Liga U19;0
180;Football;16896;Brazil Amazonense U19;0
180;Football;11747;England Central League;0
180;Football;10022;Argentina Reserves Leagues;0
180;Football;56442;Esports FIFA 2 Division FUFV;0
180;Football;10552;United Arab Emirates U19 League;0
180;Football;10023;Club Tournaments AFC Cup;0
180;Football;10030;Zambia Super League;0
180;Football;11662;Algeria Ligue 2 U21;0
180;Football;9850;Egypt Premier League;0
180;Football;9851;Finland Suomen Cup;0
180;Football;9852;Scotland Challenge Cup;0
180;Football;9845;France Championnat National;0
180;Football;9846;Ireland Premier Division;0
180;Football;9847;Austria Bundesliga;0
180;Football;11659;Portugal Juniores A U19;0
180;Football;9848;Bulgaria PFL 1;0
180;Football;9849;Croatia 1. HNL League;0
186;American Football;9390;NFL;0
186;American Football;9392;NCAAF;0
186;American Football;9389;XFL;0
186;American Football;9391;CFL;0
187;Basketball;9405;Turkey Cup;0
187;Basketball;37601;Russia Nevskaya 3rd Division;0
187;Basketball;15809;Portugal I Divisao (W);0
187;Basketball;37724;Russia Nevskaya 1st Division (W);0
187;Basketball;37736;Russia Nevskaya 2nd Division;0
187;Basketball;37737;Russia Nevskaya 5th Division;0
187;Basketball;37750;Russia 3x3 Liga Pro (W);0
187;Basketball;87398;Turkmenistan NBLT;0
187;Basketball;37779;Taiwan SSU League (W);0
187;Basketball;10915;Barbados Premier League;0
187;Basketball;9410;Spain Copa del Rey;0
187;Basketball;10473;South Korea KBL;0
187;Basketball;142818;Chinese Taipei WSBL (W);0
187;Basketball;15702;Poland U20 Championship;0
187;Basketball;10156;International Friendly Matches;0
187;Basketball;10399;Argentina LDD;0
187;Basketball;10400;Portugal Campeonato Nacional 1;0
187;Basketball;37498;Sudan Premier League;0
187;Basketball;37792;Chinese Taipei University League;0
187;Basketball;37793;Chinese Taipei University League (W);0
187;Basketball;37800;Russia Nevskaya 1st Division;0
187;Basketball;62;EuroCup;0
187;Basketball;10988;Czech Republic Cup;0
187;Basketball;10771;Russia Cup;0
187;Basketball;10373;Italy DNG d'Eccellenza U20;0
187;Basketball;10177;Finland Naisten Korisliiga (W);0
187;Basketball;10152;Turkey KBSL (W);0
187;Basketball;125649;Nicaragua Torneo de Baloncesto Femenina (W);0
187;Basketball;10896;Portugal Taca de Portugal (W);0
187;Basketball;37901;Russia Nevskaya 6th Division;0
187;Basketball;11122;South Korea KBL (W);0
187;Basketball;37921;Russia MLBL (W);0
187;Basketball;15567;Senegal Division 1;0
187;Basketball;15436;FIBA Europe Cup;0
187;Basketball;37940;Tajikistan National League;0
187;Basketball;16056;Hungary Cup (W);0
187;Basketball;11148;Turkey Super League;0
187;Basketball;37167;Russia 3x3 Liga Pro;0
187;Basketball;16081;Saudi Arabia Premier League;0
187;Basketball;15525;Turkey Cup (W);0
187;Basketball;16103;Finland 1st Division;0
187;Basketball;16106;Spain Copa de la Reina (W);0
187;Basketball;38410;Russia Division M50;0
187;Basketball;36981;Russia Kopeysk Basketball League;0
187;Basketball;38455;Russia Division M35;0
187;Basketball;5577;Greece A1;0
187;Basketball;38572;Russia Division F35 (W);0
187;Basketball;5575;Spain LEB Oro;0
187;Basketball;15256;Chile Liga Nacional;0
187;Basketball;38619;Russia Division F30 Women;0
187;Basketball;38622;Nicaragua LNB;0
187;Basketball;36850;Russia Saint Petersburg League Women;0
187;Basketball;36849;Russia Saint Petersburg League;0
187;Basketball;16154;Guatemala Liga Mayor Metropolitana;0
187;Basketball;38661;Russia Nevskaya 4th Division;0
187;Basketball;38814;Nicaragua LNB (W);0
187;Basketball;11385;Japan B.League;0
187;Basketball;5259;Euroleague (W);0
187;Basketball;15233;Belgium Top Division (W);0
187;Basketball;10275;Poland 1 Liga;0
187;Basketball;10144;Club Tournaments (W) Eastern European League (W);0
187;Basketball;5272;VTB United League;0
187;Basketball;5271;Spain Liga ACB;0
187;Basketball;5265;NBA;0
187;Basketball;5257;Euroleague;0
187;Basketball;15204;FIBA Champions League;0
187;Basketball;15228;Iceland Úrvalsdeild;0
187;Basketball;11529;Sweden BasketLigan (W);0
187;Basketball;15170;WNBA;0
187;Basketball;10361;Portugal Taca de Portugal;0
187;Basketball;36485;Russia Superleague Division II;0
187;Basketball;123714;Esports NBA 2K NBA 2K Russia Cyberbasket Championship;0
187;Basketball;28075;El Salvador Liga Superior;0
187;Basketball;16198;Italy Lega A;0
187;Basketball;11688;EuroBasket Qualification;0
187;Basketball;36041;Russia MLBL;0
187;Basketball;10199;Romania Liga Națională (W);0
187;Basketball;11730;Russia Superleague Division I (W);0
187;Basketball;11752;Iran Division 1;0
187;Basketball;9887;Russia Superleague Division II (W);0
187;Basketball;9886;Indonesia Srikandi Cup (W);0
187;Basketball;9885;ASEAN League;0
187;Basketball;16922;Bulgaria Division A;0
187;Basketball;16925;France LNB U21;0
187;Basketball;11786;Egypt Super League;0
187;Basketball;9413;France LNB Pro A;0
187;Basketball;53560;Tajikistan Northern Cup;0
187;Basketball;11928;EuroCup (W);0
187;Basketball;11868;Russia Superleague Division I;0
187;Basketball;14975;Albania ABL;0
187;Basketball;11969;FIBA AmeriCup Qualification;0
187;Basketball;17315;Belgium Top Division 1;0
187;Basketball;10197;Hungary NB I (W);0
187;Basketball;10941;Uruguay Liga Uruguaya;0
187;Basketball;17713;Australia Wartah League (W);0
187;Basketball;12070;FIBA Asia Cup Qualification;0
187;Basketball;17831;Australia Waratah League;0
187;Basketball;12087;WABA;0
187;Basketball;10350;Spain Liga EBA;0
187;Basketball;18754;Slovakia Extraliga;0
187;Basketball;12092;Club Tournaments (W) Central Europe League (W);0
187;Basketball;18167;Chinese Taipei Super Basketball League;0
187;Basketball;18948;Belgium Cup;0
187;Basketball;12106;FIBA World Cup Qualification - Europe;0
187;Basketball;12122;Poland 2 Liga;0
187;Basketball;12134;Iceland Úrvalsdeild (W);0
187;Basketball;19536;Philippines PBA;0
187;Basketball;12140;Club Friendly Matches;0
187;Basketball;14894;Sweden Superettan;0
187;Basketball;51738;Esports NBA 2K NBA 2K Cyber Tournament;0
187;Basketball;14846;Bulgaria WNBL (W);0
187;Basketball;14843;Czech Republic 1.Liga (W);0
187;Basketball;14824;Rwanda National League;0
187;Basketball;12410;Lithuania NKL;0
187;Basketball;12436;Estonia Meeste I Liiga;0
187;Basketball;12446;Latvia LBL2;0
187;Basketball;14700;Spain LEB Plata;0
187;Basketball;12459;Germany Pro A;0
187;Basketball;10346;Slovenia 1. SKL (W);0
187;Basketball;10345;Italy A1 (W);0
187;Basketball;12528;Spain Liga Femenina (W);0
187;Basketball;12611;Japan B2.League;0
187;Basketball;9397;Brazil NBB;0
187;Basketball;9408;Mexico LNBP;0
187;Basketball;9395;Argentina LNB;0
187;Basketball;9407;Italy Coppa Italia;0
187;Basketball;9402;Greece Cup;0
187;Basketball;12634;Afrobasket Qualifiers;0
187;Basketball;9406;Australia NBL;0
187;Basketball;12637;Turkey TB2L;0
187;Basketball;9401;Germany BBL;0
187;Basketball;14480;Romania Liga Națională;0
187;Basketball;14471;Bulgaria NBL;0
187;Basketball;14470;Austria ÖBL;0
187;Basketball;9412;Poland Energa Basket Liga;0
187;Basketball;9411;Australia WNBL (W);0
187;Basketball;9409;Poland Puchar Polski;0
187;Basketball;9404;Norway BLNO;0
187;Basketball;9403;Lithuania King Mindaugas Cup;0
187;Basketball;9400;Finland Korisliiga;0
187;Basketball;9399;England BBL;0
187;Basketball;9398;Denmark Basketligaen;0
187;Basketball;9396;Belgium Pro Basketball League;0
187;Basketball;9394;NCAAB;0
187;Basketball;9393;Latvian-Estonian League;0
187;Basketball;12681;Algeria Division Nationale Dames A (W);0
187;Basketball;12684;Turkey TBL;0
187;Basketball;20733;Austria ÖBL (W);0
187;Basketball;21146;Brazil LBF (W);0
187;Basketball;10342;England BBL Trophy;0
187;Basketball;12743;Czech Republic 1. Liga;0
187;Basketball;12761;ABA League;0
187;Basketball;22025;Champions League Americas;0
187;Basketball;12807;France LFB (W);0
187;Basketball;10784;Poland Basket Liga (W);0
187;Basketball;10185;Club Tournaments (W) Latvia Estonia Lithuania League (W);0
187;Basketball;12877;Argentina TFB;0
187;Basketball;12882;Italy Serie A2;0
187;Basketball;33641;Brazil CBB;0
187;Basketball;14428;France NM1;0
187;Basketball;12918;Japan WJBL (W);0
187;Basketball;22884;NCAAW;0
187;Basketball;23037;Estonia Meistriliiga (W);0
187;Basketball;14413;Cyprus Division A;0
187;Basketball;30026;Cameroon Championnat National;0
187;Basketball;14369;Georgia Super League;0
187;Basketball;13016;Japan B3.League;0
187;Basketball;28982;Mexico CIBACOPA;0
187;Basketball;13074;Turkey TKBL (W);0
187;Basketball;13075;Greece A1 (W);0
187;Basketball;13090;Poland 1 Liga (W);0
187;Basketball;10924;Sweden BasketLigan;0
187;Basketball;10495;Argentina TNA;0
187;Basketball;13130;Greece A2;0
187;Basketball;13148;Portugal Proliga;0
187;Basketball;13151;Czech Republic ŽBL (W);0
187;Basketball;13157;Lithuania LMKL (W);0
187;Basketball;13167;Slovakia Extraliga (W);0
187;Basketball;13183;Italy Serie B;0
187;Basketball;13203;Italy A2 (W);0
187;Basketball;14246;Indonesia IBL;0
187;Basketball;28699;Iceland Division I;0
187;Basketball;45267;Russia Liga Pro;0
187;Basketball;14223;Portugal LPB;0
187;Basketball;120107;Nicaragua Torneo Carlos Ulloa;0
187;Basketball;14163;Tunisia Division 1;0
187;Basketball;13356;Portugal LFB (W);0
187;Basketball;13359;Spain Liga Femenina 2 (W);0
187;Basketball;13405;Germany DBBL (W);0
187;Basketball;26345;Hungary NB I/A;0
187;Basketball;14079;Georgia A-League;0
187;Basketball;13469;Club Youth Tournaments VTB Youth League;0
187;Basketball;45553;Esports NBA 2K NBA 2K League;0
187;Basketball;13886;Club Tournaments Alpe Adria Cup;0
187;Basketball;45752;Esports NBA 2K NBA 2K Players Tournament;0
187;Basketball;38378;Taiwan SSU League;0
187;Basketball;13734;Lithuania LKL;0
187;Basketball;13735;Slovenia 1. SKL;0
187;Basketball;13733;Czech Republic NBL;0
187;Basketball;14005;Netherlands DBL;0
187;Basketball;10546;France LNB Pro B;0
187;Basketball;10763;Russia Premier League (W);0
189;UFC/MMA;5303;UFC;0
189;UFC/MMA;39292;Fame MMA;0
189;UFC/MMA;37006;Gorilla Fighting Championship;0
189;UFC/MMA;9439;Unconfirmed Fights;0
189;UFC/MMA;35503;Cage Warriors;0
189;UFC/MMA;14216;Glory;0
189;UFC/MMA;9438;Bellator;0
194;Boxing;9446;IBF, WBO, WBA & WBC Title Fights;0
194;Boxing;5317;Upcoming Fights;0
194;Boxing;5319;Unconfirmed Fights;0
197;Cycling;17456;Paris - Nice Classification;0
197;Cycling;12826;UAE Tour Classification;0
197;Cycling;220389;Esports eCycling The Challenge of Stars;0
197;Cycling;45773;Esports eCycling Virtual Tour of Flanders;0
197;Cycling;5337;Paris - Roubaix Classification;0
197;Cycling;12693;UAE Tour Stages;0
197;Cycling;5338;Tour de France Classification;0
197;Cycling;140593;Esports eCycling;0
197;Cycling;17476;Paris - Nice Stages;0
197;Cycling;5336;Tour of Flanders Classification;0
197;Cycling;90363;World Championship Road Race;0
197;Cycling;146730;Esports eCycling Tour For All;0
197;Cycling;15176;Le Samyn;0
197;Cycling;12181;Omloop Het Nieuwsblad Classification;0
197;Cycling;14063;Kuurne-Bruxelles-Kuurne Classification;0
197;Cycling;81861;Esports eCycling Digital Swiss 5;0
197;Cycling;9462;Giro d'Italia Classification;0
197;Cycling;9461;Specials;0
197;Cycling;5335;Milano - Sanremo Classification;0
200;Esports;211796;CS:GO WINNERS League;0
200;Esports;232257;League of Legends Mid-Season Cup;0
200;Esports;10516;League of Legends VCS;0
200;Esports;40424;Rainbow 6 Pro League Japan;0
200;Esports;13737;Dota 2 Winter Madness;0
200;Esports;10515;League of Legends OPL;0
200;Esports;9479;League of Legends LLA;0
200;Esports;13739;Starcraft 2 Intel Extreme Masters;0
200;Esports;10718;CS:GO Europe Minor Championship;0
200;Esports;13624;Starcraft 2 Intel Extreme Masters - Qualifiers;0
200;Esports;9480;Rocket League Championship Series NA;0
200;Esports;9481;FIFA eMLS;0
200;Esports;13740;Dota 2 StarLadder ImbaTV Dota 2 Minor;0
200;Esports;9482;Rocket League Championship Series EU;0
200;Esports;9483;Magic: The Gathering World Championship;0
200;Esports;225467;CS:GO CBCS;0
200;Esports;45225;CS:GO Svenska Elitserien;0
200;Esports;40425;Rainbow 6 Pro League SEA;0
200;Esports;11557;Starcraft Afreeca Starleague;0
200;Esports;17346;CS:GO UTAGE Japan League;0
200;Esports;15054;CS:GO Flashpoint;0
200;Esports;42639;Dota 2 ESL One Online SEA;0
200;Esports;119709;League of Legends LDL;0
200;Esports;9484;CS:GO GIRLGAMER Esports Festival;0
200;Esports;77291;CS:GO CLUTCH;0
200;Esports;208283;Valorant Solary Cup;0
200;Esports;5350;League of Legends LVP;0
200;Esports;5686;League of Legends NA Academy;0
200;Esports;45797;Dota 2 ESL One Online EU & CIS;0
200;Esports;5361;League of Legends LCS;0
200;Esports;208259;Hearthstone Grandmasters America;0
200;Esports;9485;Specials Intel Grand Slam;0
200;Esports;42637;Dota 2 ESL One Online NA;0
200;Esports;30882;Rainbow 6 Japan Championship;0
200;Esports;45229;CS:GO ESL Masters Spain;0
200;Esports;214177;Rainbow 6 Spain Nationals;0
200;Esports;42648;Dota 2 ESL One Online CN;0
200;Esports;9486;CS:GO Intel Extreme Masters;0
200;Esports;14811;Dota 2 Arena of Blood;0
200;Esports;5374;League of Legends World Championship;0
200;Esports;141321;CS:GO ESL Championnat;0
200;Esports;31157;CS:GO SECTOR: MOSTBET;0
200;Esports;36599;CS:GO ESEA Advanced EU;0
200;Esports;51810;Dota 2 BTS Pro Series: Americas;0
200;Esports;51809;Dota 2 Amadeus Cup;0
200;Esports;236704;Dota 2 ESL One Birmingham: NA & SA;0
200;Esports;51808;CS:GO Home Sweet Home Cup;0
200;Esports;14013;Dota 2 SIGUL Pro League;0
200;Esports;9465;CS:GO CLUTCH LA League;0
200;Esports;36142;FIFA Liga Pro (2x6);0
200;Esports;9466;CS:GO ESEA Premier EU;0
200;Esports;12301;CS:GO Liga Dell;0
200;Esports;40409;Rainbow 6 Pro League ANZ;0
200;Esports;5356;CS:GO DreamHack Open Leipzig;0
200;Esports;45497;Dota 2 China Professional League;0
200;Esports;5373;CS:GO ESL One;0
200;Esports;5348;Dota 2 Dreamleague;0
200;Esports;5365;League of Legends LCK;0
200;Esports;152239;Rainbow 6 Six Masters;0
200;Esports;5358;League of Legends LEC;0
200;Esports;9471;League of Legends PG Nationals;0
200;Esports;9472;League of Legends UK League Championship;0
200;Esports;9473;League of Legends Ultraliga;0
200;Esports;9474;Rainbow 6 Six Invitational;0
200;Esports;147247;Overwatch Contenders KR;0
200;Esports;9475;CS:GO ESEA Premier NA;0
200;Esports;66027;CS:GO Dreamhack Masters EU Qualifiers;0
200;Esports;51739;Dota 2 BTS Pro Series: SEA;0
200;Esports;13738;League of Legends LCL;0
200;Esports;9477;League of Legends Prime League Pro Division;0
200;Esports;9478;FIFA edivisie;0
200;Esports;236703;Dota 2 ESL One Birmingham: EU & CIS;0
200;Esports;151587;Dota 2 Asia Spring Invitational;0
200;Esports;10839;Dota 2 StarLadder Minor NA Qual.;0
200;Esports;264602;CS:GO BLAST Premier American Showdown;0
200;Esports;61796;CS:GO ESL One: Road to Rio - Asia;0
200;Esports;10840;Dota 2 StarLadder Minor SA Qual.;0
200;Esports;39113;CS:GO ESL Pro League EU;0
200;Esports;74594;Dota 2 WePlay! Pushka League;0
200;Esports;80457;League of Legends European Masters;0
200;Esports;10841;CS:GO Flashpoint EU Qualifiers;0
200;Esports;10842;CS:GO Flashpoint SA Qualifiers;0
200;Esports;36160;Dota 2 No Major No Problem;0
200;Esports;35061;CS:GO eFire Master League;0
200;Esports;9470;Dota 2 ESL One SA Qual.;0
200;Esports;10925;Dota 2 ESL One CN Qual.;0
200;Esports;45671;Dota 2 Hope Development Cup;0
200;Esports;236705;Dota 2 ESL One Birmingham: CN;0
200;Esports;14021;CS:GO Lantrek;0
200;Esports;214103;CS:GO Hellcase Cup;0
200;Esports;11188;League of Legends Liga Portuguesa;0
200;Esports;45792;Dota 2 ESL SEA Championship;0
200;Esports;39055;Rainbow 6 Pro League NA;0
200;Esports;39054;Rainbow 6 Pro League EU;0
200;Esports;43326;CS:GO HIPFIRED Cup;0
200;Esports;39797;Dota 2 Epic Challenger League;0
200;Esports;42759;Dota 2 CDA League;0
200;Esports;66028;CS:GO Dreamhack Masters OC Qualifiers;0
200;Esports;14301;League of Legends PCS;0
200;Esports;45760;Starcraft 2 Afreeca World;0
200;Esports;45568;Dota 2 StayHome Challenge;0
200;Esports;15148;CS:GO ESL ANZ Championship;0
200;Esports;10724;CS:GO Americas Minor Championship;0
200;Esports;10412;Dota 2 StarLadder Minor EU Qual.;0
200;Esports;117179;Dota 2 BEAT Invitational;0
200;Esports;10407;Dota 2 StarLadder Minor SEA Qual.;0
200;Esports;63501;CS:GO ESL One: Road to Rio - SA;0
200;Esports;39842;FIFA Ultimate Quaran Team (2x6);0
200;Esports;19283;Call of Duty;0
200;Esports;11180;CS:GO OGA Counter PIT;0
200;Esports;12184;CS:GO Assembly Winter;0
200;Esports;10406;Dota 2 StarLadder Minor CIS Qual.;0
200;Esports;12186;Dota 2 Parimatch League;0
200;Esports;11181;Dota 2 WESG Qualifiers;0
200;Esports;45220;Dota 2 Asian Gold Occupation;0
200;Esports;37472;Dota 2 WeSave! Charity Play;0
200;Esports;210288;Dota 2 Cyber.bet Cup SEA;0
200;Esports;43624;Dota 2 Masters Tournament;0
200;Esports;10954;League of Legends CBLOL;0
200;Esports;40021;CS:GO ESEA Advanced NA;0
200;Esports;11573;Dota 2 ESL One;0
200;Esports;95461;Overwatch Contenders CN;0
200;Esports;11220;League of Legends TCL;0
200;Esports;139153;CS:GO BLAST Rising;0
200;Esports;37771;Dota 2 Asia Challenger League;0
200;Esports;210553;CS:GO Swiss Esports League;0
200;Esports;11211;League of Legends Dutch League;0
200;Esports;128896;CS:GO DreamHack Masters Spring 2020: North America;0
200;Esports;30112;Dota 2 GGBET Championship;0
200;Esports;45678;CS:GO LOOT.BET/CS;0
200;Esports;12594;CS:GO ESL Pro League;0
200;Esports;40219;Rainbow 6 Pro League South Korea;0
200;Esports;42630;CS:GO MEGOGO Open;0
200;Esports;13997;CS:GO L33T CUP;0
200;Esports;36975;CS:GO Telia Esports Series;0
200;Esports;36879;FIFA Ultimate Quaran Team;0
200;Esports;40347;Dota 2 Chinese DOTA2 Professional Association Qualifier;0
200;Esports;114079;CS:GO Elisa Invitational;0
200;Esports;237645;Rainbow 6;0
200;Esports;12227;Dota 2 China Development League;0
200;Esports;12228;League of Legends Baltic Masters;0
200;Esports;12229;League of Legends Hitpoint Masters;0
200;Esports;12230;Dota 2 Dota 2 Professional League;0
200;Esports;120170;Dota 2 Realms Collide;0
200;Esports;128879;CS:GO DreamHack Masters Spring 2020: Europe;0
200;Esports;5362;CS:GO BLAST Premier;0
200;Esports;5369;CS:GO DreamHack Open Anaheim;0
200;Esports;236889;Dota 2 ESL One Birmingham: SEA;0
200;Esports;6243;Overwatch OWL;0
200;Esports;5357;Call of Duty Call of Duty League;0
200;Esports;36835;Dota 2 Red Star Cup;0
200;Esports;51812;Starcraft 2 Global Starcraft 2 League;0
200;Esports;51811;Dota 2 SECTOR: MOSTBET;0
200;Esports;66720;CS:GO Dreamhack Masters NA Qualifiers;0
200;Esports;14406;CS:GO WESG;0
200;Esports;42644;Dota 2 ESL One Online SA;0
200;Esports;126064;Dota 2 Dota PIT CN;0
200;Esports;13284;CS:GO Asia Minor Championship;0
200;Esports;36420;CS:GO ESL Meisterschaft;0
200;Esports;276;FIFA eClub World Cup;0
200;Esports;235387;CS:GO BLAST Premier CIS Cup;0
200;Esports;77119;CS:GO ESL One: Road to Rio - NA;0
200;Esports;16919;Overwatch Contenders NA;0
200;Esports;38920;CS:GO ESEA Open APAC;0
200;Esports;40924;Dota 2 Aorus League;0
200;Esports;208239;Hearthstone Grandmasters Europe;0
200;Esports;38948;Dota 2 Asian Hero League;0
200;Esports;13821;CS:GO Aorus League;0
200;Esports;42069;Rainbow 6 Pro League LATAM;0
200;Esports;42014;F1 eSports Virtual Grand Prix;0
200;Esports;9476;League of Legends CK;0
200;Esports;15052;Dota 2 Arena of Blood (DO NOT OFFER);0
200;Esports;41590;CS:GO Huya DarkHorse League;0
200;Esports;42822;eNascar Pro Invitational iRacing Series;0
200;Esports;208214;Hearthstone Grandmasters Asia;0
200;Esports;39812;CS:GO ESL Pro League NA;0
200;Esports;16918;Overwatch Contenders EU;0
200;Esports;10176;CS:GO ESEA Premier AU;0
200;Esports;9467;CS:GO WESG Qualifiers;0
200;Esports;210677;Dota 2 Dota PIT EU/CIS;0
200;Esports;9469;Dota 2 ESL One NA Qual.;0
200;Esports;41829;Dota 2 Epic Origins League;0
200;Esports;16931;Dota 2 The Summit;0
200;Esports;66026;CS:GO Dreamhack Masters AS Qualifiers;0
200;Esports;55739;Dota 2 Epic Prime League;0
200;Esports;55839;CS:GO Play From Home;0
200;Esports;11213;League of Legends La Ligue Française;0
200;Esports;28319;Dota 2 Hot Price League;0
200;Esports;38431;Dota 2 Thailand Celestial Cup;0
200;Esports;208163;Dota 2 Gamers Without Borders;0
200;Esports;141138;CS:GO ESL Polish Championship;0
200;Esports;77024;CS:GO ESL One: Road to Rio - EU;0
200;Esports;208162;Dota 2 Cyber.bet Cup EU;0
200;Esports;69898;CS:GO Dreamhack Masters Asia Qualifiers;0
200;Esports;208161;CS:GO RTP Arena Cup;0
200;Esports;15874;CS:GO CIS Minor Championship;0
200;Esports;12079;CS:GO POWER Ligaen;0
200;Esports;15771;League of Legends LPL;0
200;Esports;145269;CS:GO ESL One: Road to Rio - Oceania;0
200;Esports;11189;League of Legends Nordic Championship;0
200;Esports;10949;League of Legends LJL;0
200;Esports;234393;CS:GO Merkur Masters;0
200;Esports;11218;Dota 2 WePlay! Dota 2 Tug of War;0
200;Esports;15208;CS:GO OMG Series;0
200;Esports;11023;CS:GO Flashpoint NA Qualifiers;0
200;Esports;219518;Dota 2 OMG Cup;0
200;Esports;9468;Dota 2 ESL One EU Qual.;0
200;Esports;39185;Pro Evolution Soccer eEuro 2020;0
200;Esports;61768;CS:GO ESL One: Road to Rio - CIS;0
200;Esports;39183;CS:GO Telia League;0
200;Esports;35237;Starcraft 2 GSL Super Tournament;0
200;Esports;10519;League of Legends EBL;0
200;Esports;11182;League of Legends Belgian League;0
200;Esports;117697;CS:GO ESL UK Premiership;0
200;Esports;11614;Dota 2 StarLadder Minor CN Qual.;0
200;Esports;84958;Dota 2 WePlay! Pushka League EU Qual.;0
200;Esports;84925;Dota 2 WePlay! Pushka League CIS Qual.;0
200;Esports;13975;CS:GO LPL Pro League;0
200;Esports;80347;Valorant ESPN Esports Invitational;0
200;Esports;76399;Dota 2 DPL-CDA Professional League;0
200;Esports;84903;Dota 2 WePlay! Pushka League - Division 1;0
200;Esports;84589;Dota 2 WePlay! Pushka League - Division 2;0
203;Golf;9495;PGA Tour 3 Balls 18 hole bets;0
203;Golf;9498;Korn Ferry Tour Tournament Bets;0
203;Golf;34943;Minor League Golf Tour Tournament Bets;0
203;Golf;112783;Golden State Tour 3 Balls 18 Hole Bets;0
203;Golf;97808;The Match Tournament Bets;0
203;Golf;9499;Season Bets Majors;0
203;Golf;36372;1836 Tour;0
203;Golf;11911;Ladies Australian Tour Tournament bets;0
203;Golf;34803;Minor Tours Tournament Bets;0
203;Golf;9497;Challenge Tour Tournament Bets;0
203;Golf;213998;Maridoe Invitational 3 Balls 18 hole bets;0
203;Golf;21679;The PLAYERS Championship 3 Balls 18 hole bets;0
203;Golf;81786;Cactus Tour 3 Balls 18 hole bets;0
203;Golf;37619;West Florida Golf Tour Tournament Bets;0
203;Golf;11486;WGC Tournament bets;0
203;Golf;208537;Maridoe Invitational Tournament Bets;0
203;Golf;13741;European Tour 3 Balls 18 hole bets;0
203;Golf;36864;Cactus Tour Tournament Bets;0
203;Golf;9496;Champions Tour Tournament Bets;0
203;Golf;52532;Outlaw Tour 2 Balls 18 hole bets;0
203;Golf;11924;WGC 3 Balls 18 hole bets;0
203;Golf;52509;Outlaw Tour 3 Balls 18 hole bets;0
203;Golf;5394;Ryder Cup Tournament Bets;0
203;Golf;22796;Ladies European Tour Tournament bets;0
203;Golf;21610;The PLAYERS Championship Tournament Bets;0
203;Golf;52490;Cactus Tour 2 Balls 18 hole bets;0
203;Golf;13742;European Tour 2 Balls 18 hole bets;0
203;Golf;11574;South African Tour Tournament bets;0
203;Golf;208425;KLPGA Championship Tournament Bets;0
203;Golf;11977;WGC 2 Balls 18 hole bets;0
203;Golf;214085;Maridoe Invitational 2 Balls 18 hole bets;0
203;Golf;5389;U.S. PGA Championship Tournament Bets;0
203;Golf;5390;U.S. Open Tournament Bets;0
203;Golf;5391;The Open Championship Tournament Bets;0
203;Golf;5388;The Masters Tournament Bets;0
203;Golf;37676;Golden State Tour Tournament Bets;0
203;Golf;43271;Outlaw Tour Tournament Bets;0
203;Golf;9500;Specials;0
203;Golf;13517;European Tour Tournament Bets;0
203;Golf;36412;TP Tour;0
203;Golf;11718;Australian Tour Tournament Bets;0
203;Golf;113289;Minor Tours 3 Balls 18 hole bets;0
203;Golf;9501;Solheim Cup Tournament Bets;0
203;Golf;9502;The Presidents Cup Tournament Bets;0
203;Golf;15396;Asian Tour Tournament Bets;0
203;Golf;113082;Golden State Tour 2 Balls 18 Hole Bets;0
203;Golf;13579;Season Bets FedEx Cup;0
203;Golf;22695;The PLAYERS Championship 2 Balls 18 hole bets;0
203;Golf;142234;Seminole Skins Tournament Bets;0
203;Golf;9493;PGA Tour 2 Balls 18 hole bets;0
203;Golf;9492;PGA Tour Tournament Bets;0
203;Golf;9490;LPGA Tour 2 Balls 18 hole bets;0
203;Golf;9494;LPGA Tour 3 Balls 18 hole bets;0
203;Golf;9491;LPGA Tour Tournament Bets;0
210;Rugby League;5429;NRL;0
210;Rugby League;9554;Super League;0
210;Rugby League;9558;State of Origin;0
210;Rugby League;13988;Australia Charity Shield;0
210;Rugby League;27460;Australia QLD Cup;0
210;Rugby League;9557;World Club Challenge;0
210;Rugby League;10261;England Championship;0
210;Rugby League;27499;Australia NSW Cup;0
210;Rugby League;9556;NRL 9s (W);0
210;Rugby League;9555;NRL 9s;0
210;Rugby League;12714;Challenge Cup;0
211;Rugby Union;5439;European Champions Cup;0
211;Rugby Union;5438;Six Nations Championship;0
211;Rugby Union;5433;Pro 14;0
211;Rugby Union;5435;World Rugby Sevens Series;0
211;Rugby Union;5437;Super Rugby;0
211;Rugby Union;9560;Lions Tour;0
211;Rugby Union;5431;France Pro D2;0
211;Rugby Union;208284;Super Rugby Aotearoa;0
211;Rugby Union;9559;European Challenge Cup;0
211;Rugby Union;141631;Rugby World Cup 2023;0
211;Rugby Union;28505;Wales Premier Division;0
211;Rugby Union;5434;France Top 14;0
211;Rugby Union;12372;Six Nations Championship (W);0
211;Rugby Union;12371;Six Nations Championship U20;0
211;Rugby Union;5432;England Premiership;0
211;Rugby Union;28494;Premiership Rugby Cup;0
211;Rugby Union;11241;South Africa Varsity Cup;0
213;Tennis;22798;ITF Men Doubles Toulouse;0
213;Tennis;13600;ITF Women Rancho Santa Fe;0
213;Tennis;22821;ITF Men Toulouse;0
213;Tennis;22831;ITF Men Doubles Doha;0
213;Tennis;10128;ITF Men Cancun;0
213;Tennis;15514;ITF Men Doubles Potchefstroom;0
213;Tennis;10127;ITF Women Doubles Monastir;0
213;Tennis;11595;ITF Men Qual. Sharm El Sheikh;0
213;Tennis;11838;ITF Women Perth;0
213;Tennis;15146;ITF Men Qual. Faro;0
213;Tennis;15081;WTA Doubles Lyon;0
213;Tennis;11591;ITF Women Kyoto;0
213;Tennis;39535;National Tournaments Russia Liga Pro Women;0
213;Tennis;11661;ITF Men Glasgow;0
213;Tennis;216677;UTR Pro Match Series Women Singles;0
213;Tennis;11663;ITF Women Glasgow;0
213;Tennis;15182;Challenger Qual. Monterrey;0
213;Tennis;15050;ITF Women Qual. Mildura;0
213;Tennis;13934;ITF Men Doubles Trento;0
213;Tennis;15199;Challenger Qual. Indian Wells;0
213;Tennis;15205;ITF Women Mildura;0
213;Tennis;15206;ITF Women Yokohama;0
213;Tennis;15113;WTA Doubles Indian Wells;0
213;Tennis;15114;WTA Doubles Monterrey;0
213;Tennis;15200;WTA Qual. Indian Wells;0
213;Tennis;15044;ITF Men Qual. Mildura;0
213;Tennis;11672;ITF Women Doubles Antalya;0
213;Tennis;15029;Challenger Monterrey;0
213;Tennis;11492;ITF Women Jodhpur;0
213;Tennis;11491;ITF Women Doubles Perth;0
213;Tennis;39278;Exhibition Matches;0
213;Tennis;11490;ITF Women Doubles Jodhpur;0
213;Tennis;11805;ITF Men Doubles Oberhaching;0
213;Tennis;11685;ITF Men Doubles Paguera;0
213;Tennis;12944;ATP Qual. Dubai;0
213;Tennis;11686;ITF Men Paguera;0
213;Tennis;11689;ITF Men Oberhaching;0
213;Tennis;11475;ITF Men Qual. Glasgow;0
213;Tennis;13917;ITF Women Doubles Altenkirchen;0
213;Tennis;13645;ITF Men Sunderland;0
213;Tennis;11456;ITF Men Qual. Punta del Este;0
213;Tennis;9563;ATP Buenos Aires;0
213;Tennis;10517;ITF Women Doubles Hamilton;0
213;Tennis;153122;Exhibition Marbello Series Exhibition;0
213;Tennis;17031;ATP Indian Wells;0
213;Tennis;153492;Marbello Cup Series;0
213;Tennis;13906;ITF Women Doubles Macon;0
213;Tennis;17338;Davis Cup Doubles;0
213;Tennis;12011;ITF Men Punta del Este;0
213;Tennis;11768;ITF Men Doubles Glasgow;0
213;Tennis;77074;National Tournaments Daily Challenge Tour (W);0
213;Tennis;14913;WTA Indian Wells;0
213;Tennis;14718;WTA Lyon;0
213;Tennis;13856;ITF Women Doubles Sunderland;0
213;Tennis;12067;Challenger Doubles Bergamo;0
213;Tennis;13518;Challenger Calgary;0
213;Tennis;11755;ITF Women Doubles Glasgow;0
213;Tennis;9901;ITF Men Doubles Grenoble;0
213;Tennis;11437;ITF Men Qual. Oberhaching;0
213;Tennis;14877;WTA Monterrey;0
213;Tennis;9914;ITF Men Barnstaple;0
213;Tennis;9954;ITF Men Grenoble;0
213;Tennis;10140;Challenger Doubles Cherbourg;0
213;Tennis;9963;ITF Men Heraklion;0
213;Tennis;11707;ITF Men Doubles Antalya;0
213;Tennis;9973;ITF Men Monastir;0
213;Tennis;10226;Challenger Doubles Cleveland;0
213;Tennis;9978;ITF Men Palmanova;0
213;Tennis;18321;Davis Cup;0
213;Tennis;12837;WTA Doha;0
213;Tennis;13527;WTA Doubles Acapulco;0
213;Tennis;9983;ITF Men Sharm El Sheikh;0
213;Tennis;9991;ITF Women Doubles Grenoble;0
213;Tennis;10019;ITF Women Heraklion;0
213;Tennis;10020;ITF Women Monastir;0
213;Tennis;9568;ATP Doubles New York;0
213;Tennis;15261;ITF Men Mildura;0
213;Tennis;11256;WTA Doubles Dubai;0
213;Tennis;15263;ITF Women Doubles Mildura;0
213;Tennis;15269;ITF Men Doubles Mildura;0
213;Tennis;11049;WTA Qual. Dubai;0
213;Tennis;12525;WTA Qual. Doha;0
213;Tennis;12143;Challenger Doubles Morelos;0
213;Tennis;12150;Challenger Doubles Drummondville;0
213;Tennis;12151;Challenger Doubles Koblenz;0
213;Tennis;15112;Challenger Indian Wells;0
213;Tennis;13503;ITF Women Qual. Altenkirchen;0
213;Tennis;13646;ITF Men Vale Do Lobo;0
213;Tennis;15766;Fed Cup Doubles;0
213;Tennis;13895;ITF Men Doubles Sunderland;0
213;Tennis;13491;ITF Men Qual. Trento;0
213;Tennis;13490;Challenger Qual. Pau;0
213;Tennis;89378;National Tournaments Daily Pro Tour;0
213;Tennis;13616;ITF Women Qual. Perth;0
213;Tennis;244215;UTF Ladies Invitational;0
213;Tennis;12194;ITF Women Doubles Kyoto;0
213;Tennis;13481;Challenger Columbus;0
213;Tennis;11754;ATP Doubles Rio de Janeiro;0
213;Tennis;111979;National Tournaments Belarus Masters League;0
213;Tennis;112267;National Tournaments Belarus Masters League (W);0
213;Tennis;66320;National Tournaments Daily Challenge Tour;0
213;Tennis;13041;WTA Qual. Acapulco;0
213;Tennis;11388;ITF Women Qual. Glasgow;0
213;Tennis;14086;ITF Women Doubles Moscow;0
213;Tennis;13274;WTA Acapulco;0
213;Tennis;11386;ITF Women Qual. Cairo;0
213;Tennis;14092;ITF Men Doubles Vale Do Lobo;0
213;Tennis;67545;International Tennis Series;0
213;Tennis;109206;National Tournaments Daily Pro Tour (W);0
213;Tennis;13542;Challenger Qual. Columbus;0
213;Tennis;13391;ITF Women Qual. Sunderland;0
213;Tennis;9577;WTA Doubles Hua Hin;0
213;Tennis;11377;Challenger Morelos;0
213;Tennis;225693;Atlanta Series Men Singles;0
213;Tennis;9579;WTA Hua Hin;0
213;Tennis;9566;WTA St. Petersburg;0
213;Tennis;9578;WTA Doubles St. Petersburg;0
213;Tennis;9565;ATP Rotterdam;0
213;Tennis;9564;ATP New York;0
213;Tennis;121142;Tennis Point Series;0
213;Tennis;9569;ATP Doubles Rotterdam;0
213;Tennis;9567;ATP Doubles Buenos Aires;0
213;Tennis;13344;ITF Men Qual. Sunderland;0
213;Tennis;13326;ITF Women Qual. Macon;0
213;Tennis;5454;Grand Slam Australian Open Mixed Doubles;0
213;Tennis;104515;National Tournaments Daily Premier Tour (W);0
213;Tennis;10381;ITF Women Doubles Cancun;0
213;Tennis;10380;ITF Men Doubles Cancun;0
213;Tennis;10158;ITF Men Naples;0
213;Tennis;142619;US Pro Tennis Series Women;0
213;Tennis;40589;Russian Masters Women;0
213;Tennis;10758;ITF Men Doubles Sharm El Sheikh;0
213;Tennis;13219;WTA Doubles Doha;0
213;Tennis;9581;ITF Women Antalya;0
213;Tennis;9580;Challenger Bengalaru;0
213;Tennis;9576;ITF Women Trnava;0
213;Tennis;9575;ITF Women Nicholasville;0
213;Tennis;9574;ITF Women Grenoble;0
213;Tennis;9573;ITF Women Cancun;0
213;Tennis;9572;ITF Women Cairo;0
213;Tennis;9571;Challenger Cleveland;0
213;Tennis;9570;Challenger Cherbourg;0
213;Tennis;13842;ITF Men Doubles Trnava;0
213;Tennis;40818;Russia Amateur League;0
213;Tennis;13268;ATP Santiago;0
213;Tennis;13269;ATP Doubles Santiago;0
213;Tennis;13262;ATP Dubai;0
213;Tennis;10333;ITF Women Hamilton;0
213;Tennis;15292;ITF Women Qual. Antalya;0
213;Tennis;13647;ITF Women Altenkirchen;0
213;Tennis;14612;WTA Qual. Monterrey;0
213;Tennis;13276;Challenger Pau;0
213;Tennis;13548;Challenger Qual. Calgary;0
213;Tennis;12440;ITF Men Doubles Punta del Este;0
213;Tennis;11371;Challenger Qual. Koblenz;0
213;Tennis;11369;Challenger Qual. Bergamo;0
213;Tennis;13648;ITF Women Macon;0
213;Tennis;10708;Challenger Doubles Bengalaru;0
213;Tennis;165324;Exhibition The Challenge Match;0
213;Tennis;10435;ITF Women Doubles Nicholasville;0
213;Tennis;5451;Grand Slam Australian Open;0
213;Tennis;41640;Exhibition;0
213;Tennis;5452;Grand Slam Australian Open Women;0
213;Tennis;5453;Grand Slam Australian Open Doubles;0
213;Tennis;5455;Grand Slam Australian Open Women Doubles;0
213;Tennis;13823;Challenger Doubles Columbus;0
213;Tennis;11047;ITF Women Qual. Jodhpur;0
213;Tennis;5460;Grand Slam French Open;0
213;Tennis;140717;UTR Pro Match Series Men Singles;0
213;Tennis;5461;Grand Slam French Open Women;0
213;Tennis;42117;National Tournaments Daily Premier Tour;0
213;Tennis;5462;Grand Slam Wimbledon Women;0
213;Tennis;5463;Grand Slam Wimbledon;0
213;Tennis;15318;ITF Men Qual. Potchefstroom;0
213;Tennis;15325;ITF Women Qual. Potchefstroom;0
213;Tennis;5464;Grand Slam US Open Women;0
213;Tennis;5465;Grand Slam US Open;0
213;Tennis;14581;WTA Qual. Lyon;0
213;Tennis;11048;ITF Women Qual. Kyoto;0
213;Tennis;15341;ITF Women Doubles Yokohama;0
213;Tennis;12568;ITF Men Aktobe;0
213;Tennis;10208;ITF Men Lima;0
213;Tennis;10364;ITF Women Doubles Trnava;0
213;Tennis;15360;ITF Men Qual. Murcia;0
213;Tennis;15370;ITF Men Faro;0
213;Tennis;15371;ITF Men Potchefstroom;0
213;Tennis;13649;ITF Women Sunderland;0
213;Tennis;12619;Specials In the Spotlight;0
213;Tennis;15391;ITF Women Potchefstroom;0
213;Tennis;13992;Challenger Doubles Calgary;0
213;Tennis;13810;Challenger Doubles Pau;0
213;Tennis;13808;ITF Men Rio Cuarto;0
213;Tennis;223414;Austrian Pro Series Men´s Singles;0
213;Tennis;10154;ITF Men Doubles Palmanova;0
213;Tennis;11242;ITF Men Antalya;0
213;Tennis;15415;ITF Men Doubles Faro;0
213;Tennis;13572;ITF Women Qual. Rancho Santa Fe;0
213;Tennis;13669;ITF Men Trento;0
213;Tennis;15648;Challenger Doubles Indian Wells;0
213;Tennis;13793;ITF Women Moscow;0
213;Tennis;15427;Fed Cup Singles;0
213;Tennis;15147;Davis Cup Tournament Bets;0
213;Tennis;10748;ITF Men Doubles Heraklion;0
213;Tennis;236192;MatchPlay 120 Series Men´s Singles;0
213;Tennis;238905;President´s Cup Women´s Single;0
213;Tennis;238904;President´s Cup Men´s Single;0
213;Tennis;10336;ITF Men Doubles Naples;0
213;Tennis;13745;ITF Men Trnava;0
213;Tennis;13081;ATP Qual. Santiago;0
213;Tennis;13080;ATP Qual. Acapulco;0
213;Tennis;15641;ITF Women Doubles Las Vegas;0
213;Tennis;20849;ITF Women Qual. Olimpia;0
213;Tennis;21053;ITF Women Qual. Amiens;0
213;Tennis;13744;ITF Men Doubles Rio Cuarto;0
213;Tennis;11248;WTA Dubai;0
213;Tennis;10111;ITF Men Doubles Barnstaple;0
213;Tennis;15633;ITF Men Doubles Las Vegas;0
213;Tennis;21482;Challenger Qual. Potchefstroom;0
213;Tennis;21491;ITF Men Qual. Toulouse;0
213;Tennis;13036;ATP Doubles Dubai;0
213;Tennis;21511;ITF Men Qual. Porec;0
213;Tennis;42793;National Tournaments Russia Eliminator Cup;0
213;Tennis;21536;Challenger Potchefstroom;0
213;Tennis;15629;ITF Women Las Vegas;0
213;Tennis;10103;ITF Men Doubles Monastir;0
213;Tennis;15620;Challenger Doubles Monterrey;0
213;Tennis;36994;National Tournaments Russia Liga Pro;0
213;Tennis;37042;Russian Masters Pro;0
213;Tennis;15607;ITF Men Las Vegas;0
213;Tennis;24506;ITF Men Doha;0
213;Tennis;15494;ITF Men Murcia;0
213;Tennis;213649;Atlanta Series Women Singles;0
213;Tennis;21620;ITF Men Qual. Doha;0
213;Tennis;13263;ATP Doubles Acapulco;0
213;Tennis;13635;ITF Men Qual. Antalya;0
213;Tennis;13318;ATP Acapulco;0
213;Tennis;21698;ITF Women Amiens;0
213;Tennis;15596;ITF Women Qual. Las Vegas;0
213;Tennis;15595;ITF Men Qual. Las Vegas;0
213;Tennis;21838;ITF Women Irapuato;0
213;Tennis;22055;ITF Men Qual. Geelong;0
213;Tennis;15589;ITF Men Doubles Hurlingham;0
213;Tennis;11252;ATP Qual. Marseille;0
213;Tennis;11250;ATP Doubles Marseille;0
213;Tennis;22152;ITF Men Geelong;0
213;Tennis;10785;ITF Women Doubles Cairo;0
213;Tennis;22231;ITF Men Doubles Geelong;0
213;Tennis;10654;ITF Men Doubles Aktobe;0
213;Tennis;22263;ITF Men Kolkata;0
213;Tennis;208544;Atlanta Series;0
213;Tennis;11246;ATP Marseille;0
213;Tennis;11247;ATP Rio de Janeiro;0
213;Tennis;11251;ATP Doubles Rio de Janiero;0
213;Tennis;11249;ATP Doubles Delray Beach;0
213;Tennis;23831;ITF Women Kazan;0
213;Tennis;22414;ITF Men Doubles Kolkata;0
213;Tennis;11245;ATP Delray Beach;0
213;Tennis;23648;ITF Women Doubles Irapuato;0
213;Tennis;13605;ITF Women Doubles Rancho Santa Fe;0
213;Tennis;22521;ITF Men Loule;0
213;Tennis;22526;ITF Women Doubles Amiens;0
213;Tennis;23447;ITF Women Doubles Olimpia;0
213;Tennis;11255;Challenger Koblenz;0
213;Tennis;15560;ITF Men Hurlingham;0
213;Tennis;15544;ITF Men Qual. Hurlingham;0
213;Tennis;22543;ITF Men Porec;0
213;Tennis;15534;ITF Men Doubles Murcia;0
213;Tennis;15898;Davis Cup Singles;0
213;Tennis;11254;Challenger Drummondville;0
213;Tennis;11253;Challenger Bergamo;0
213;Tennis;37127;National Tournaments Russian Masters Pro Double;0
213;Tennis;37101;Russian Masters;0
213;Tennis;22574;Challenger Doubles Potchefstroom;0
213;Tennis;22622;ITF Women Olimpia;0
213;Tennis;237026;MatchPlay 120 Series Women´s Singles;0
213;Tennis;22683;ITF Men Doubles Porec;0
213;Tennis;15520;ITF Women Doubles Potchefstroom;0
213;Tennis;10776;ITF Women Doubles Heraklion;0
213;Tennis;22780;ITF Men Doubles Loule;0
228;Formula 1;9540;Race: Australian GP 2020;0
228;Formula 1;21721;Qualifying: Australian GP 2020;0
228;Formula 1;23329;Free Practice 1: Australian GP 2020;0
228;Formula 1;9542;Constructors Championship 2020;0
228;Formula 1;9545;Drivers Championship 2020;0
232;Rally;9539;Rally Sweden;0
232;Rally;18342;Rally Mexico;0
232;Rally;9544;Winner WRC 2020;0
286;Ice Hockey;13554;UAE Emirates Hockey League;0
286;Ice Hockey;9425;Slovakia Extraliga;0
286;Ice Hockey;9428;NHL;0
286;Ice Hockey;9424;Russia VHL;0
286;Ice Hockey;9435;Denmark Metal Ligaen;0
286;Ice Hockey;20609;United Kingdom Challenge Cup;0
286;Ice Hockey;9434;Canada OHL;0
286;Ice Hockey;40948;Russia Perm Night Hockey League;0
286;Ice Hockey;9433;Norway GET-ligaen;0
286;Ice Hockey;9432;Sweden SHL;0
286;Ice Hockey;22853;Sweden ATG HockeyEttan Relegation/Promotion;0
286;Ice Hockey;11633;Russia MHL Div B;0
286;Ice Hockey;10948;Germany 2. Bundesliga;0
286;Ice Hockey;9431;KHL;0
286;Ice Hockey;10622;Alps Hockey League;0
286;Ice Hockey;37672;Russia Liga Pro Short - 3x10min;0
286;Ice Hockey;10496;Canada WHL;0
286;Ice Hockey;16118;Ukraine PHL;0
286;Ice Hockey;9423;Russia MHL;0
286;Ice Hockey;26474;Club Tournaments Inter-National League;0
286;Ice Hockey;9427;United Kingdom Elite Ice Hockey League;0
286;Ice Hockey;37005;Russia Night League;0
286;Ice Hockey;11839;Russia Women Championship;0
286;Ice Hockey;9421;Hungary Erste Liga;0
286;Ice Hockey;13339;Ukraine Junior Hockey League;0
286;Ice Hockey;9436;France Ligue Magnus;0
286;Ice Hockey;10260;Norway 1.Division;0
286;Ice Hockey;9437;Poland PLH;0
286;Ice Hockey;38060;Belarus EHL;0
286;Ice Hockey;13546;Belarus Extraliga;0
286;Ice Hockey;9415;Finland Liiga;0
286;Ice Hockey;10508;Switzerland NLA;0
286;Ice Hockey;9422;Latvia LHL;0
286;Ice Hockey;9416;Germany DEL Bundesliga;0
286;Ice Hockey;70538;Russia Comet Division Short Hockey (3x10min);0
286;Ice Hockey;16128;Austria YSL U20;0
286;Ice Hockey;13523;World Championship Division II (W);0
286;Ice Hockey;9417;Sweden Hockeyallsvenskan;0
286;Ice Hockey;9420;Austria EBEL;0
286;Ice Hockey;67202;Russia Liga Pro Short (3x10min);0
286;Ice Hockey;16109;Slovakia 1. Liga;0
286;Ice Hockey;9430;Asia League;0
286;Ice Hockey;9418;Czech Republic 1. Liga;0
286;Ice Hockey;9426;Sweden ATG HockeyEttan;0
286;Ice Hockey;21816;Finland Nuorten SM-liiga U20;0
286;Ice Hockey;9429;AHL;0
286;Ice Hockey;9419;Finland Mestis;0
286;Ice Hockey;11384;Belarus Vysshaya Liga;0
286;Ice Hockey;14767;NCAA;0
286;Ice Hockey;12292;Russia VHL Div B;0
286;Ice Hockey;13519;Slovakia Extraliga U20;0
286;Ice Hockey;9414;Czech Republic Extraliga;0
287;888 Specials;10731;Enhanced Wincasts Global;0
287;888 Specials;11552;Enhanced Specials Boxing;0
287;888 Specials;10091;Enhanced Wincasts UK;0
287;888 Specials;11695;Enhanced Accas Global;0
287;888 Specials;10700;Enhanced Accas Darts;0
287;888 Specials;9440;Enhanced Accas UK;0
288;Australian Rules;12226;Marsh Community Series;0
288;Australian Rules;9442;AFL;0
288;Australian Rules;12891;State of Origin;0
288;Australian Rules;9441;AFL (W);0
289;Bandy;35907;Sweden Elitserien (W);0
289;Bandy;9444;Sweden Elitserien;0
289;Bandy;9443;Norway Elitserien;0
289;Bandy;10456;Sweden Allsvenskan;0
289;Bandy;11025;Finland Bandyliiga;0
290;Baseball;12607;MLB Spring Training;0
290;Baseball;44246;Taiwan Chinese Professional Second Team;0
290;Baseball;121587;South Korea KBO League;0
290;Baseball;39745;Taiwan Chinese Professional Baseball;0
290;Baseball;45656;Nicaragua Campeonato GPO;0
290;Baseball;81309;South Korea KBO League Preseason;0
290;Baseball;9445;MLB;0
291;Chess;208882;Exhibition Matches Online Steinitz Memorial Blitz Tournament (W);0
291;Chess;9447;International Tournaments Prague Chess Festival;0
291;Chess;52594;Exhibition Matches Pepe & Divis Invitational (Online);0
291;Chess;9450;World Championship Tournament Bets;0
291;Chess;9449;International Tournaments Norway Chess;0
291;Chess;9448;World Championship Candidates;0
291;Chess;11175;Speed Chess Championship Matches;0
291;Chess;15437;Grand Prix (W) Lausanne;0
291;Chess;15878;Exhibition Matches Nutcracker Tournament;0
291;Chess;10914;International Tournaments Grenke Chess Classic;0
291;Chess;45644;Banter Blitz Matches;0
291;Chess;143752;Online Nations Cup;0
291;Chess;209457;Lindores Abbey Rapid Challenge;0
291;Chess;208160;Exhibition Matches Online Steinitz Memorial Blitz Tournament;0
291;Chess;52595;Magnus Carlsen Invitational;0
291;Chess;135025;Speed Chess Championship Tournament Bets;0
291;Chess;58553;Exhibition Matches Giri´s Secret Training (Online);0
292;Cricket;9459;ICC T20 World Cup 2020;0
292;Cricket;9454;Sheffield Shield;0
292;Cricket;9451;International Twenty20;0
292;Cricket;9457;IPL;0
292;Cricket;11178;Pakistan Super League;0
292;Cricket;11006;International Test Cricket;0
292;Cricket;9455;ICC T20 World Cup (W);0
292;Cricket;15646;Road Safety World Series;0
292;Cricket;9452;New Zealand Ford Trophy;0
292;Cricket;10964;ICC T20 World Cup Warm-Up Matches (W);0
292;Cricket;9453;International Twenty20 (W);0
292;Cricket;9456;New Zealand Plunket Shield;0
292;Cricket;219551;T10 Vincy Premier League;0
292;Cricket;9460;ICC World Cup 2023;0
292;Cricket;34933;The Ashes Series;0
292;Cricket;139866;T20 Big Bash League;0
292;Cricket;11424;County Championship Div 1;0
292;Cricket;11425;County Championship Div 2;0
292;Cricket;9888;South Africa Momentum One Day Cup;0
292;Cricket;38991;Hapur Premier League;0
292;Cricket;9458;The Hundred;0
292;Cricket;11751;International One Day;0
292;Cricket;13736;World Test Championship;0
293;Darts;52801;The Modus Icons of Darts;0
293;Darts;14217;PDC European Tour Belgian Championship;0
293;Darts;58464;PDC Home Tour;0
293;Darts;9463;Unibet Premier League of Darts;0
293;Darts;9464;PDC World Championship;0
293;Darts;45492;Exhibiton Matches;0
293;Darts;52823;Czech Darts Premier League;0
293;Darts;227491;Modus Champions Series;0
293;Darts;52822;Modus - A Night At The Darts;0
293;Darts;217958;Australia Darts ISO Challenge;0
293;Darts;81117;PDC Unibet Home Tour;0
293;Darts;15247;UK Open;0
293;Darts;13084;PDC Players Championship;0
293;Darts;71448;Remote Darts League;0
293;Darts;208328;German Super League;0
294;Floorball;10485;Sweden Allsvenskan Norra;0
294;Floorball;12912;Norway Eliteserien;0
294;Floorball;19371;Norway Eliteserien (W);0
294;Floorball;10477;Sweden Superligan (W);0
294;Floorball;9487;Sweden Superligan;0
294;Floorball;10486;Sweden Allsvenskan Södra;0
294;Floorball;10604;Finland Salibandyliiga;0
295;Gaelic Sports;16829;Gaelic Football Allianz Football League;0
295;Gaelic Sports;9488;Hurling All-Ireland Senior Championship;0
295;Gaelic Sports;9489;Gaelic Football All-Ireland Senior Championship;0
295;Gaelic Sports;16830;Hurling National Hurling League;0
296;Greyhounds;33015;UK Harlow;0
296;Greyhounds;56837;Australia Richmond;0
296;Greyhounds;139844;Australia Cannington;0
296;Greyhounds;84853;Australia Murray Bridge;0
296;Greyhounds;147620;Australia Townsville;0
296;Greyhounds;10397;UK Monmore;0
296;Greyhounds;69633;Australia The Gardens;0
296;Greyhounds;37465;UK Newcastle;0
296;Greyhounds;9504;UK Ante-Post;0
296;Greyhounds;14763;UK Yarmouth;0
296;Greyhounds;213969;Australia Albion Park;0
296;Greyhounds;213898;Australia Gosford;0
296;Greyhounds;117740;Australia Warragul;0
296;Greyhounds;39609;UK Nottingham;0
296;Greyhounds;123029;Australia Shepparton;0
296;Greyhounds;39611;UK Kinsley;0
296;Greyhounds;14771;UK Poole;0
296;Greyhounds;9503;UK Daily Specials;0
296;Greyhounds;33140;UK Pelaw Grange;0
296;Greyhounds;39567;UK Central Park;0
296;Greyhounds;39612;UK Sheffield;0
296;Greyhounds;121845;Australia Sale;0
296;Greyhounds;73833;Australia Gunnedah;0
296;Greyhounds;39613;UK Sunderland;0
296;Greyhounds;89589;Australia Warrnambool;0
296;Greyhounds;84868;Australia Grafton;0
296;Greyhounds;17508;UK Peterborough;0
296;Greyhounds;39569;UK Hove;0
296;Greyhounds;147323;Australia Mandurah;0
296;Greyhounds;39813;Ireland Daily Specials;0
296;Greyhounds;20734;UK Belle Vue;0
296;Greyhounds;69764;Australia The Meadows;0
296;Greyhounds;39568;UK Crayford;0
296;Greyhounds;95031;Australia Healesville;0
297;Handball;12468;Romania Liga Nationala Women;0
297;Handball;14091;Russia Cup (W);0
297;Handball;26000;North Macedonia Super Liga;0
297;Handball;13819;Belarus 1st League;0
297;Handball;20217;Challenge Cup (W);0
297;Handball;15890;Russia Vyschaya Liga Men;0
297;Handball;26005;Hungary Handball Cup;0
297;Handball;12630;Syria Premier League;0
297;Handball;13428;Iceland Úrvalsdeild;0
297;Handball;29757;Russia Cup;0
297;Handball;9522;Spain Liga ASOBAL;0
297;Handball;10414;Portugal 2nd Division;0
297;Handball;10929;Austria HLA;0
297;Handball;9518;France LNH D1;0
297;Handball;9524;Germany Bundesliga;0
297;Handball;13570;Slovenia Division 1 Women;0
297;Handball;13954;France LFH D1;0
297;Handball;11985;Turkey Süperlig Erkek;0
297;Handball;11700;Romania Cup Women;0
297;Handball;9519;Poland Superliga;0
297;Handball;9508;Denmark Herre Håndbold Ligaen;0
297;Handball;26429;France Coupe de France Women;0
297;Handball;12190;Sweden Allsvenskan;0
297;Handball;9510;Sweden Handbollsligan;0
297;Handball;11586;Hungary NB1 Men;0
297;Handball;22917;Serbia Cup (W);0
297;Handball;28252;International Friendly Matches;0
297;Handball;14022;Russia Super League Reserves;0
297;Handball;10928;Germany 2. Bundesliga;0
297;Handball;15810;Portugal Cup;0
297;Handball;10650;Russia Super League;0
297;Handball;12697;Algeria National 1;0
297;Handball;36284;Ukraine Super League;0
297;Handball;11479;Qatar Premier League;0
297;Handball;11039;Hungary NB1 (W);0
297;Handball;35316;Turkey Kupasi Women;0
297;Handball;12084;Poland Puchar Polski;0
297;Handball;10671;Denmark 1. Division Men;0
297;Handball;14991;Croatia Dukat Premijer Liga;0
297;Handball;13743;EHF Cup (W);0
297;Handball;30216;Serbia Superliga;0
297;Handball;12080;Greece A1;0
297;Handball;17827;France Coupe de France;0
297;Handball;24273;North Macedonia 1 Division (W);0
297;Handball;12074;Belarus 1st League Women;0
297;Handball;24226;Turkey Süperlig (W);0
297;Handball;11442;Montenegro Montenegro Cup (W);0
297;Handball;13026;Denmark 1. Division (W);0
297;Handball;14348;Algeria Cup (W);0
297;Handball;9512;Norway 1st Division;0
297;Handball;9511;Denmark Dame Håndbold Ligaen;0
297;Handball;9509;Norway REMA 1000-ligaen;0
297;Handball;9513;Germany Bundesliga Women;0
297;Handball;9514;Norway REMA 1000-ligaen (W);0
297;Handball;9515;Czech Republic Extraliga;0
297;Handball;9516;Estonia Meistriliiga;0
297;Handball;9505;Champions League;0
297;Handball;9517;Finland SM-Liiga;0
297;Handball;9520;Romania Liga Nationala;0
297;Handball;9521;Russia Super League (W);0
297;Handball;9507;SEHA League;0
297;Handball;9506;EHF Cup;0
297;Handball;9523;Sweden SHE;0
297;Handball;9525;Champions League (W);0
297;Handball;22912;Croatia 1. HRL Women;0
297;Handball;11912;Finland SM-Liiga Qualification;0
297;Handball;21835;Estonia Esiliiga;0
297;Handball;40889;Belarus 2nd Division;0
297;Handball;42845;Belarus National League;0
297;Handball;16199;Spain Copa del Rey;0
297;Handball;40539;Belarus Division 2;0
297;Handball;17401;Argentina Liga de Honor (W);0
297;Handball;14170;Serbia Superliga (W);0
297;Handball;13371;Norway 1st Division (W);0
297;Handball;12318;Syria Premier League (W);0
297;Handball;14559;Kenya KHF National League;0
298;Horse Racing;9531;Dubai Ante-Post;0
298;Horse Racing;9530;UK & Ireland Cheltenham Festival Specials;0
298;Horse Racing;210449;Australia Parkes;0
298;Horse Racing;9529;UK & Ireland Ante-Post Cheltenham Festival;0
298;Horse Racing;9528;UK & Ireland Ante-Post Flat;0
298;Horse Racing;9527;UK & Ireland Ante-Post National Hunt;0
298;Horse Racing;77098;Australia Grafton;0
298;Horse Racing;9526;UK & Ireland Daily Specials;0
298;Horse Racing;12455;UK & Ireland Lingfield;0
298;Horse Racing;28426;South Africa Turffontein;0
298;Horse Racing;208165;Sweden Swedish Horse Racing Derby Specials;0
298;Horse Racing;208164;Australia Gatton;0
298;Horse Racing;42514;Australia Ante-Post;0
298;Horse Racing;23291;UK & Ireland Kempton;0
298;Horse Racing;13950;UK & Ireland Chelmsford City;0
298;Horse Racing;57993;Australia Cairns;0
298;Horse Racing;121676;International Kasamatsu;0
298;Horse Racing;34870;UK & Ireland Taunton;0
298;Horse Racing;69071;Australia Roma;0
298;Horse Racing;15803;UK & Ireland Carlisle;0
298;Horse Racing;208957;Australia Strathalbyn;0
298;Horse Racing;14303;International Riyadh;0
298;Horse Racing;94990;Australia Port Macquarie;0
298;Horse Racing;34811;UK & Ireland Kelso;0
298;Horse Racing;157183;Australia Leeton;0
298;Horse Racing;157182;Australia Kembla Grange;0
298;Horse Racing;102648;Australia Ipswich;0
298;Horse Racing;66696;Australia Sunshine Coast;0
298;Horse Racing;13559;UK & Ireland Southwell;0
298;Horse Racing;226159;International Ante-Post;0
298;Horse Racing;13792;UK & Ireland Market Rasen;0
298;Horse Racing;147134;International Mizusawa;0
298;Horse Racing;52596;UK & Ireland Ante-Post Royal Ascot;0
298;Horse Racing;9535;France Ante-Post;0
298;Horse Racing;213547;Australia Tamworth;0
298;Horse Racing;9534;South Africa Ante-Post;0
298;Horse Racing;9533;UK & Ireland Long-Term Specials;0
298;Horse Racing;133720;Australia Sapphire Coast;0
298;Horse Racing;9532;UK & Ireland Ante-Post Grand National;0
299;Nascar;15058;FanShield 500;0
299;Nascar;11913;Pennzoil 400;0
299;Nascar;12191;Strat 200;0
299;Nascar;12192;Boyd Gaming 300;0
299;Nascar;9543;NASCAR Cup Series Championship 2020;0
299;Nascar;9538;Daytona 500;0
299;Nascar;9537;Bluegreen Vacations Duel 2 at Daytona;0
299;Nascar;9536;Bluegreen Vacations Duel 1 at Daytona;0
299;Nascar;212886;Toyota 500 at Darlington;0
299;Nascar;10436;NextEra Energy 250;0
299;Nascar;212771;Toyota 200 at Darlington;0
299;Nascar;13991;Production Alliance Group 300;0
299;Nascar;21323;Folds of Honor QuikTrip 500;0
299;Nascar;236433;NC Education Lottery 200;0
299;Nascar;236527;Alsco 500 at Charlotte;0
299;Nascar;208166;The Real Heroes 400 at Darlington Raceway;0
299;Nascar;219307;Coca-Cola 600 at Charlotte Motor Speedway;0
299;Nascar;219356;Coca-Cola 600 at Charlotte;0
299;Nascar;13612;Auto Club 400;0
299;Nascar;10450;NASCAR Racing Experience 300;0
299;Nascar;15818;LS Tractor 200;0
299;Nascar;26645;EchoPark 250;0
299;Nascar;26663;Vet Tix/Camping World 200;0
299;Nascar;151397;NASCAR Cup Series Race at Darlington Raceway;0
299;Nascar;232732;Alsco 300 at Charlotte;0
300;Speedway;9541;Winner 2020;0
301;Supercars;13043;Race 2: Adelaide 500;0
301;Supercars;9546;Supercars Championship 2020;0
301;Supercars;22489;Race 1 : Melbourne 400;0
301;Supercars;11587;Race 1: Adelaide 500;0
301;Supercars;12633;Top 10 Shootout Race 1: Adelaide 500;0
302;Olympic Games;14315;Athletics Triple Jump (W);0
302;Olympic Games;9547;Athletics 100 m Men;0
302;Olympic Games;12307;Athletics Heptathlon (W);0
302;Olympic Games;9548;Medal Specials Overall;0
302;Olympic Games;12345;Athletics Long Jump (W);0
303;Politics;155274;Brazil In the Spotlight;0
303;Politics;9549;USA Primaries;0
303;Politics;45708;Norway Elections;0
303;Politics;9553;USA In the Spotlight;0
303;Politics;9552;USA Elections;0
303;Politics;9551;United Kingdom Elections;0
303;Politics;9550;United Kingdom In the Spotlight;0
303;Politics;154606;Brazil Elections;0
304;Snooker;34023;Tour Championship;0
304;Snooker;13460;Players Championship;0
304;Snooker;36787;European Amateur Snooker Championship;0
304;Snooker;11244;Shoot Out;0
304;Snooker;42338;Armenian Snooker Cup;0
304;Snooker;20434;Gibraltar Open;0
304;Snooker;9562;World Championship;0
304;Snooker;14972;Championship League;0
304;Snooker;9561;Welsh Open;0
304;Snooker;232059;Championship League 2020;0
305;Trotting;231346;Norway Bergen;0
305;Trotting;11393;Denmark Ålborg;0
305;Trotting;14389;Finland Lahti;0
305;Trotting;210827;Denmark Charlottenlund;0
305;Trotting;129984;Norway Biri;0
305;Trotting;135163;Sweden Vaggeryd;0
305;Trotting;97942;Sweden Drottning Silvias Pokal;0
305;Trotting;20060;France Grand Criterium de Vitesse;0
305;Trotting;11773;Finland Tampere;0
305;Trotting;41897;Sweden Paralympiatravet;0
305;Trotting;112379;Sweden Hagmyren;0
305;Trotting;9582;Sweden Solvalla;0
305;Trotting;12751;Finland Mikkeli;0
305;Trotting;146233;Sweden Visby;0
305;Trotting;13353;France Prix de Paris;0
305;Trotting;9588;France Prix d´Amerique;0
305;Trotting;52597;Sweden Swedish Trotting Derby for Mares;0
305;Trotting;11815;Sweden Jägersro;0
305;Trotting;9587;Sweden Specials;0
305;Trotting;27760;Sweden Swedish Trotting Derby;0
305;Trotting;13543;Sweden Halmstad;0
305;Trotting;35444;Finland Oulu;0
305;Trotting;12742;Sweden Romme;0
305;Trotting;216941;Sweden Solänget;0
305;Trotting;45716;Sweden Rättvik;0
305;Trotting;27797;Sweden Östersund;0
305;Trotting;122198;Sweden Åmål;0
305;Trotting;242990;Sweden Harper Hanovers;0
305;Trotting;10744;France Vincennes;0
305;Trotting;16873;Finland Joensuu;0
305;Trotting;234238;Sweden Lindesberg;0
305;Trotting;13500;Sweden Örebro;0
305;Trotting;122622;Norway Forus;0
305;Trotting;11925;Sweden Kalmar;0
305;Trotting;12629;Sweden Umåker;0
305;Trotting;208167;Denmark Copenhagen Cup;0
305;Trotting;14060;Norway Momarken;0
305;Trotting;241984;Finland Seinäjoki;0
305;Trotting;15787;Sweden Färjestad;0
305;Trotting;125576;Norway Sörlandet;0
305;Trotting;223295;Norway Klosterskogen;0
305;Trotting;11993;Sweden Bergsåker;0
305;Trotting;10161;Sweden Mantorp;0
305;Trotting;9586;Sweden Elitloppet;0
305;Trotting;12045;Sweden Axevalla;0
305;Trotting;14378;Norway Jarlsberg;0
305;Trotting;57751;Sweden Umeå;0
305;Trotting;9585;Finland Vermo;0
305;Trotting;9584;Norway Bjerke;0
305;Trotting;97067;Sweden Konung Gustaf V:s Pokal;0
305;Trotting;14302;Sweden Eskilstuna;0
305;Trotting;11670;Sweden Gävle;0
305;Trotting;124856;Sweden Dannero;0
305;Trotting;14377;Sweden Bollnäs;0
305;Trotting;9583;Sweden Åby;0
305;Trotting;15103;Denmark Skive;0
305;Trotting;74741;Sweden Årjäng;0
305;Trotting;14162;Sweden Boden;0
306;TV & Novelty;21580;Global Eurovision;0
306;TV & Novelty;43702;Norway Alle mot 1;0
306;TV & Novelty;9591;United Kingdom Love Island;0
306;TV & Novelty;120461;United Kingdom Celebrities;0
306;TV & Novelty;9590;United Kingdom Dancing on Ice;0
306;TV & Novelty;66045;United Kingdom Britains Got Talent;0
306;TV & Novelty;9589;Norway Melodi Grand Prix;0
306;TV & Novelty;36832;Global In the Spotlight;0
306;TV & Novelty;9592;United Kingdom Awards & Prizes;0
306;TV & Novelty;16227;Denmark Melodi Grand Prix;0
306;TV & Novelty;39057;Sweden TV Shows;0
306;TV & Novelty;39049;Sweden Let´s Dance;0
307;Volleyball;34213;Russia Liga Pro;0
307;Volleyball;13330;Czech Republic Cup;0
307;Volleyball;9598;Germany Bundesliga;0
307;Volleyball;23426;Croatia A1 Liga;0
307;Volleyball;15495;Saudi Arabia Premier League;0
307;Volleyball;13335;Turkey 1. Lig;0
307;Volleyball;11262;CEV Cup (W);0
307;Volleyball;57994;Russia Liberty League(W);0
307;Volleyball;15709;Thailand Thailand League (W);0
307;Volleyball;9599;Germany Bundesliga (W);0
307;Volleyball;9600;Italy Serie A1 (W);0
307;Volleyball;10548;Philippines NCAA (W);0
307;Volleyball;12907;Greece A1;0
307;Volleyball;53188;Tajikistan Champions Cup;0
307;Volleyball;16762;Russia Vysshaya Liga A (W);0
307;Volleyball;10666;South Korea V-League (W);0
307;Volleyball;14112;Croatia Cup;0
307;Volleyball;67594;Russia Liberty League (W);0
307;Volleyball;10518;South Korea V-League;0
307;Volleyball;225742;Belarus Volleyball Challenge Mixed;0
307;Volleyball;11263;Challenge Cup (W);0
307;Volleyball;12856;Argentina Liga Feminina (W);0
307;Volleyball;16840;Algeria Cup;0
307;Volleyball;12855;Club Tournaments (W) South American Club Championship;0
307;Volleyball;11770;Qatar QVL;0
307;Volleyball;12013;Iran Premier League;0
307;Volleyball;11379;Kazakhstan Vyschaya Liga (W);0
307;Volleyball;11445;Iran Division 1;0
307;Volleyball;13393;Italy Serie A2 (W);0
307;Volleyball;9601;Poland Puchar Polski (W);0
307;Volleyball;14892;Turkey 1. Lig (W);0
307;Volleyball;13406;Spain Superliga (W);0
307;Volleyball;13524;Russia Vyshaaya Liga A;0
307;Volleyball;12081;Turkey U19 League;0
307;Volleyball;9602;Turkey Sultanlarligi (W);0
307;Volleyball;10265;Romania Divizia A1 (W);0
307;Volleyball;31434;Thailand Thailand League;0
307;Volleyball;14895;Norway Eliteserien (W);0
307;Volleyball;9603;Poland PlusLiga;0
307;Volleyball;26343;Slovenia 1. Liga;0
307;Volleyball;16095;Serbia Savezna League (W);0
307;Volleyball;37816;Russia Saint Petersburg Leagues (W);0
307;Volleyball;12839;Portugal II Division (W);0
307;Volleyball;12696;Algeria Championnat National 2;0
307;Volleyball;16893;Turkey 2. Lig;0
307;Volleyball;12695;Denmark Landspokal Cup (W);0
307;Volleyball;26434;Croatia 1st League (W);0
307;Volleyball;43925;Belarus MVL Mixed;0
307;Volleyball;15740;Belarus Division A;0
307;Volleyball;14934;Netherlands DELA League (W);0
307;Volleyball;15747;Bulgaria Cup (W);0
307;Volleyball;37673;Russia Saint Petersburg Leagues;0
307;Volleyball;13470;Kazakhstan Vysschaya Liga;0
307;Volleyball;9604;Italy Coppa Italia A1;0
307;Volleyball;9605;Russia Super League (W);0
307;Volleyball;12694;Algeria Championnat National;0
307;Volleyball;9606;Russia Super League;0
307;Volleyball;9607;Brazil Superliga (W);0
307;Volleyball;9608;Belgium 1st League;0
307;Volleyball;9609;France Ligue A;0
307;Volleyball;9610;France Ligue A (W);0
307;Volleyball;9611;Italy SuperLega;0
307;Volleyball;9612;Turkey Efelerligi;0
307;Volleyball;12173;Brazil Superliga B (W);0
307;Volleyball;13496;Kazakhstan National League;0
307;Volleyball;9613;Champions League (W);0
307;Volleyball;45756;Belarus Amateur League;0
307;Volleyball;10021;Russia Youth League;0
307;Volleyball;14293;Indonesia Proliga;0
307;Volleyball;14459;Argentina Serie A1;0
307;Volleyball;12810;Italy Coppa Italia A2-A3;0
307;Volleyball;10786;Belgium Ereklasse (W);0
307;Volleyball;14364;Ukraine Vyscha Liga (W);0
307;Volleyball;13139;Greece A1 (W);0
307;Volleyball;10787;Greece League Cup;0
307;Volleyball;16108;Poland I Liga;0
307;Volleyball;21903;Greece 2nd Division (W);0
307;Volleyball;21875;Cyprus Cup;0
307;Volleyball;12878;NCAA;0
307;Volleyball;13573;Cyprus Division A;0
307;Volleyball;21797;Egypt Egyptian Volley League;0
307;Volleyball;13571;Denmark 1. Division (W);0
307;Volleyball;12643;Denmark Landspokal Cup;0
307;Volleyball;14355;Ukraine Vyscha Liga;0
307;Volleyball;13562;Denmark 2. Division;0
307;Volleyball;12608;Bulgaria Super League (W);0
307;Volleyball;230361;Belarus Volleyball Challenge;0
307;Volleyball;14574;Philippines Super Liga (W);0
307;Volleyball;12895;Japan V Challenge League 2;0
307;Volleyball;15312;Russia Youth League (W);0
307;Volleyball;14040;Russia Vysshaya Liga B (W);0
307;Volleyball;12768;Finland Mestaruusliiga (W);0
307;Volleyball;64084;Chinese Taipei UVL;0
307;Volleyball;64085;Chinese Taipei UVL (W);0
307;Volleyball;13028;Sweden Elitserien;0
307;Volleyball;13032;Romania Divizia A1;0
307;Volleyball;12496;Brazil Superliga B;0
307;Volleyball;38187;Russia Yekaterinburg Leagues (W);0
307;Volleyball;38186;Russia Yekaterinburg Championship;0
307;Volleyball;13613;Denmark VolleyLigaen;0
307;Volleyball;14708;Netherlands A League;0
307;Volleyball;28728;Iceland Mizunodeild (W);0
307;Volleyball;10567;Kazakhstan U23 League;0
307;Volleyball;15136;Ukraine Cup;0
307;Volleyball;12749;Ukraine Super Liga (W);0
307;Volleyball;11915;Spain Superliga;0
307;Volleyball;21547;Ukraine Super Liga;0
307;Volleyball;237212;Belarus Volleyball Challenge (W);0
307;Volleyball;13547;Bahrain Cup;0
307;Volleyball;10233;Club Tournaments Baltic League;0
307;Volleyball;10986;Italy Serie A2;0
307;Volleyball;12409;Czech Republic Extraliga (W);0
307;Volleyball;16131;Greece 2nd Division;0
307;Volleyball;11673;Kazakhstan National League (W);0
307;Volleyball;10403;Club Tournaments South American Club Championship;0
307;Volleyball;15690;Philippines UAAP (W);0
307;Volleyball;15003;Serbia Cup (W);0
307;Volleyball;11260;Czech Republic Extraliga;0
307;Volleyball;10187;Bulgaria Super League;0
307;Volleyball;37822;Russia Liga Pro (W);0
307;Volleyball;14861;Indonesia Proliga (W);0
307;Volleyball;14187;Denmark VolleyLigaen (W);0
307;Volleyball;121626;Russia Canaveral League;0
307;Volleyball;9593;CEV Cup;0
307;Volleyball;9594;Challenge Cup;0
307;Volleyball;12716;Club Tournaments Arab Champions Championship;0
307;Volleyball;43896;Russia Regional Leagues;0
307;Volleyball;13079;Sweden Elitserien (W);0
307;Volleyball;10705;Poland LSK (W);0
307;Volleyball;15704;Turkey 2. Lig (W);0
307;Volleyball;14992;Peru Liga Nacional (W);0
307;Volleyball;9595;Champions League;0
307;Volleyball;21287;Argentina Serie A2;0
307;Volleyball;9596;Brazil Superliga;0
307;Volleyball;43897;Russia Regional Leagues (W);0
307;Volleyball;23189;Cyprus Division A (W);0
307;Volleyball;12705;Algeria Championnat National (W);0
307;Volleyball;9597;Finland Mestaruusliiga;0
308;Winter Olympic Games;9614;Medal Specials Overall;0
309;Winter Sports;9621;Cross-country Women;0
309;Winter Sports;9617;Biathlon Men;0
309;Winter Sports;9620;Biathlon Specials;0
309;Winter Sports;9615;Biathlon Team Mixed;0
309;Winter Sports;9619;Ski Jumping Men;0
309;Winter Sports;11917;Alpine Skiing Women;0
309;Winter Sports;9618;Cross-country Men;0
309;Winter Sports;10706;Speed Skating Women;0
309;Winter Sports;10661;Speed Skating Men;0
309;Winter Sports;9616;Biathlon Women;0
309;Winter Sports;10263;Alpine Skiing Men;0
310;WWE/Pro Wrestling;23591;-WrestleMania;0
310;WWE/Pro Wrestling;9625;Money in the Bank;0
310;WWE/Pro Wrestling;11266;WrestleMania;0
310;WWE/Pro Wrestling;14209;AEW Revolution;0
310;WWE/Pro Wrestling;13794;Props/Futures;0
310;WWE/Pro Wrestling;11265;Elimination Chamber;0
310;WWE/Pro Wrestling;11264;-Super ShowDown;0
310;WWE/Pro Wrestling;136693;NXT NXT on USA Network;0
310;WWE/Pro Wrestling;9624;Super ShowDown;0
310;WWE/Pro Wrestling;9623;NXT TakeOver;0
310;WWE/Pro Wrestling;136692;AEW Dynamite;0
310;WWE/Pro Wrestling;51817;TV Specials;0
310;WWE/Pro Wrestling;51816;SmackDown;0
310;WWE/Pro Wrestling;212008;Backlash;0
310;WWE/Pro Wrestling;104167;NXT;0
310;WWE/Pro Wrestling;19054;-Elimination Chamber;0
310;WWE/Pro Wrestling;208619;AEW;0
310;WWE/Pro Wrestling;11267;AEW Props/Futures;0
310;WWE/Pro Wrestling;9622;-TV Specials;0
310;WWE/Pro Wrestling;76869;Raw;0
345;Water Polo;11042;Hungary OB I;0
345;Water Polo;12573;Champions League;0
345;Water Polo;12981;Euro Cup;0
345;Water Polo;22628;World League Europa Cup;0
352;Futsal;41788;Belarus Premierliga 5x5;0
352;Futsal;14308;Russia Russia Cup;0
352;Futsal;44395;Belarus Volkovyssk Cup;0
352;Futsal;112842;Champions Series;0
352;Futsal;42923;Belarus Kamenetsk League;0
352;Futsal;16200;Spain Copa de Espana;0
352;Futsal;42911;Belarus Vyshchaya Liga;0
352;Futsal;12302;Russia Super League;0
352;Futsal;41776;Belarus Regional Leagues;0
352;Futsal;12231;Italy Serie A;0
352;Futsal;11652;Spain Primera División;0
352;Futsal;41910;Belarus ALF Basic League;0
366;Motorcycling;15755;Championship (Moto3 2020);0
366;Motorcycling;19704;Race: Qatar GP (Moto2 2020);0
366;Motorcycling;15752;Drivers Championship (MotoGP 2020);0
366;Motorcycling;19757;Race: Qatar GP (Moto3 2020);0
366;Motorcycling;15754;Championship (Moto2 2020);0
369;Netball;17631;ANZ Premiership;0
370;Sumo;18621;Haru Basho;0
398;IndyCar;26913;Grand Prix of St. Petersburg;0
432;Bowls;34252;Grand Prix;1
505;Table Tennis;37160;Challenger Series Men Singles;0
505;Table Tennis;96180;Russia Master Tour;0
505;Table Tennis;81837;Russia TT Masters League Women;0
505;Table Tennis;45239;Russia Master Tour Women;0
505;Table Tennis;211588;Ukraine;0
505;Table Tennis;37111;TT Cup Men Singles;0
505;Table Tennis;39394;Russia Moscow Liga Pro Women;0
505;Table Tennis;208159;China Liga Pro China;0
505;Table Tennis;85957;Brazil Brazil Autumn Cup;0
505;Table Tennis;78922;Brazil Exhibition Autumn League;0
505;Table Tennis;37757;TT Cup Women Singles;0
505;Table Tennis;51911;Russia TT Masters League;0
505;Table Tennis;219982;Armenia ITT Cup (W);0
505;Table Tennis;71625;Armenia ITT Cup;0
505;Table Tennis;51815;Ukraine Win Cup;0
505;Table Tennis;52373;Ukraine Win Cup Women;0
505;Table Tennis;37228;Russia Moscow Liga Pro;0
505;Table Tennis;42383;Master Tour;0
505;Table Tennis;37318;Setka Cup Men;0
505;Table Tennis;37881;Setka Cup Women;0
505;Table Tennis;37329;TT Star Pro Series Men Singles;0
534;Kung-Volleyball;45746;Amateur League 3v3 (Bo3 Sets);1
538;Esports eFormula1;57478;China Grand Prix Simulation;0
538;Esports eFormula1;45775;Vietnam Virtual Grand Prix 2020 (Esport event);0
538;Esports eFormula1;227307;Monaco GP Simultation;0
538;Esports eFormula1;124540;Dutch Grand Prix (Interlagos) Simulation;0
542;Esports eNascar;124090;Finish Line 150 at Dover (Esports event);0
542;Esports eNascar;57724;Invitational Series at Richmond Raceway 2020 (Esports event);0
542;Esports eNascar;119587; Pro Invitational Series at Dover (Esports event);0
542;Esports eNascar;119970;Pro Invitational Series at Dover (Esports event);0
542;Esports eNascar;45785;Ford City Showdown Bristol 2020 (Esport event);0
542;Esports eNascar;151371;Pro Invitational Series at North Wilkesboro Speedway (Esports Event);0
542;Esports eNascar;85470;Invitational Series at Talladega Superspeedway 2020 (Esports event);0
542;Esports eNascar;96085;Geico 70 at Talladega Superspeedway (Esports event);0
545;Esports eSupercars;152862;Round 5 - Spa Race 2 (Esports event);0
545;Esports eSupercars;245409;Round 8 - Interlagos Race 1 (Esports event);0
545;Esports eSupercars;125093;Round 5 - Spa Race 1 (Esports event);0
545;Esports eSupercars;45805;Round 1 - Phillip Island;0
545;Esports eSupercars;99705;Round 4 - Watkins Glen Race 1 (Esports event);0
545;Esports eSupercars;56096;Round 2 - Barcelona Race 2 (Esports event);0
545;Esports eSupercars;153016;Round 5 - Spa Race 3 (Esports event);0
545;Esports eSupercars;219794;Round 7 - Daytona Roval Race 2 (Esports event);0
545;Esports eSupercars;51814;Round 2 - Barcelona Race 1 (Esports event);0
545;Esports eSupercars;51813;Round 2 - Silverstone Race 1 (Esports event);0
545;Esports eSupercars;120612;Round 4 - Watkins Glen Race 2 (Esports event);0
545;Esports eSupercars;218602;Round 7 - Charlotte Speedway Race 1 (Esports event);0
545;Esports eSupercars;65682;Round 3 - Mount Panorama Race 1 (esports event);0
545;Esports eSupercars;56918;Round 2 - Silverstone Race 2 (Esports event);0
545;Esports eSupercars;85765;Round 3 - Mount Panorama Race 3 (Esports event);0
545;Esports eSupercars;68824;Round 3 - Mount Panorama Race 1 (Esports event);0
545;Esports eSupercars;219151;Round 7 - Daytona Roval Race 1 (Esports event);0
545;Esports eSupercars;216001;Round 7 - Daytona Race 1 (Esports event);0
545;Esports eSupercars;120389;Round 4 - Montreal Race 2 (Esports event);0
545;Esports eSupercars;85668;Round 3 - Mount Panorama Race 2 (Esports event);0
545;Esports eSupercars;99678;Round 4 - Montreal Race 1 (Esports event);0
545;Esports eSupercars;245422;Round 8 - Phillip Island 1 (Esports event);0
545;Esports eSupercars;245711;Round 8 - Phillip Island Race 1 (Esports event);0
1405;Cycling Track;56254;Keirin;1
1463;Esports eIndyCar;68823;Firestone 175 Twin Ring Motegi (Esports event);0
1463;Esports eIndyCar;66721;Firestone 175 Twin Ring Motegi (esports event);0
1463;Esports eIndyCar;127589;First Responder 175 at Indianapolis (Esports event);0
1463;Esports eIndyCar;96152;AutoNation INDYCAR Challenge at COTA (Esports event);0
