1593@s.s@Fútbol@s.s@1162516@s.s@1st half - Both teams to score@s.s@0@s.s@["Yes","No"]
1593@s.s@Fútbol@s.s@1162483@s.s@Exact Number of Goals@s.s@0@s.s@["0","1","2","3","4","5","6+"]
1593@s.s@Fútbol@s.s@1165910@s.s@1st half - Player sent off - Away team@s.s@0@s.s@["Yes","No"]
1593@s.s@Fútbol@s.s@1162593@s.s@Odd / Even – Away team@s.s@0@s.s@["Even","Odd"]
1593@s.s@Fútbol@s.s@1162574@s.s@Total de tarjetas equipo visitante (Segunda mitad)@s.s@0@s.s@["0","1","2","3+"]
1593@s.s@Fútbol@s.s@1162569@s.s@Match Card Points@s.s@0@s.s@["0-30","31-45","46-60","61-75","76+"]
1593@s.s@Fútbol@s.s@1162573@s.s@Total de tarjetas equipo local (Primera mitad)@s.s@0@s.s@["0","1","2","3+"]
1593@s.s@Fútbol@s.s@1162570@s.s@1st Half - Match Card Points@s.s@0@s.s@["0-10","11-25","26-40","41+"]
1593@s.s@Fútbol@s.s@11173512@s.s@Correct Score (incl other) 2@s.s@0@s.s@["4:3","4:4","0:7","5:2","Other","0:8","5:3","0:9","6:1","0:10","6:2","1:6","7:0","1:7","7:1","1:8","8:0","2:5","8:1","2:6","9:0","3:4","10:0","3:5"]
1593@s.s@Fútbol@s.s@11173520@s.s@Total Goals Aggregated@s.s@0@s.s@["0-1 goals","2-3 goals","4-5 goals","6+"]
1593@s.s@Fútbol@s.s@1162506@s.s@1st half – 3 way@s.s@0@s.s@["1","X","2"]
1593@s.s@Fútbol@s.s@1162471@s.s@Over / Under@s.s@0@s.s@["Over","Under"]
1593@s.s@Fútbol@s.s@1165909@s.s@1st half - Player sent off -  Home team@s.s@0@s.s@["Yes","No"]
1593@s.s@Fútbol@s.s@1162602@s.s@Overtime Goal@s.s@0@s.s@["Yes","No"]
1593@s.s@Fútbol@s.s@1162566@s.s@First Team Card@s.s@0@s.s@["1","2","None"]
1593@s.s@Fútbol@s.s@1162601@s.s@To Qualify@s.s@0@s.s@["1","2"]
1593@s.s@Fútbol@s.s@1162522@s.s@1st Half - Handicap@s.s@0@s.s@["1","X","2"]
1593@s.s@Fútbol@s.s@1162479@s.s@Halftime / Fulltime@s.s@0@s.s@["1\/1","1\/X","1\/2","X\/1","X\/X","X\/2","2\/1","2\/X","2\/2"]
1593@s.s@Fútbol@s.s@1162558@s.s@Odd / Even Corners@s.s@0@s.s@["Odd","Even"]
1593@s.s@Fútbol@s.s@1162481@s.s@First Team To Score@s.s@0@s.s@["1","2","None"]
1593@s.s@Fútbol@s.s@1162491@s.s@Matchbet + Both  Teams to Score@s.s@0@s.s@["1\/GG","X\/GG","2\/GG","1\/NG","X\/NG","2\/NG"]
1593@s.s@Fútbol@s.s@1162477@s.s@Which Team To Score@s.s@0@s.s@["Only Home","Only Away","Both Teams","None"]
1593@s.s@Fútbol@s.s@1162493@s.s@Matchflow@s.s@0@s.s@["First goal Home and 1","First goal Home and X","First goal Home and 2","First goal away and 1","First goal away and X","First goal away and 2","No Goal"]
1593@s.s@Fútbol@s.s@1162475@s.s@Handicap@s.s@0@s.s@["1","X","2","1","X","2","1","X","2","1","X","2"]
1593@s.s@Fútbol@s.s@1162474@s.s@Odd / Even goales@s.s@0@s.s@["Even","Odd"]
1593@s.s@Fútbol@s.s@1162470@s.s@Draw No Bet@s.s@0@s.s@["1","2"]
1593@s.s@Fútbol@s.s@1162472@s.s@Correct Score@s.s@0@s.s@["4:0","4:2","4:1","5:0","5:1","6:0","2:1","1:0","2:0","3:0","3:2","3:1","1:1","3:3","2:2","0:0","0:2","1:2","0:1","1:3","2:3","0:3","1:4","2:4","0:4","0:5","0:6","1:5"]
1593@s.s@Fútbol@s.s@1162553@s.s@1st half - Last Corner@s.s@0@s.s@["1","2","None"]
1593@s.s@Fútbol@s.s@1162469@s.s@Double Chance@s.s@0@s.s@["1X","12","X2"]
1593@s.s@Fútbol@s.s@1162473@s.s@Asian Handicap Main Line@s.s@0@s.s@["1","2"]
1593@s.s@Fútbol@s.s@1162552@s.s@Last Corner@s.s@0@s.s@["1","2","None"]
1593@s.s@Fútbol@s.s@1162468@s.s@3 way@s.s@0@s.s@["1","X","2"]
1593@s.s@Fútbol@s.s@1162551@s.s@1st half - Number of corners - Home team@s.s@0@s.s@["0-1","2","3","4+"]
1593@s.s@Fútbol@s.s@1162550@s.s@Number of Corners - Home team@s.s@0@s.s@["0-2","3-4","5-6","7+"]
1593@s.s@Fútbol@s.s@1162549@s.s@1st half - 1st. Corner@s.s@0@s.s@["1","2","None"]
1593@s.s@Fútbol@s.s@1162548@s.s@First Corner@s.s@0@s.s@["1","2","None"]
1593@s.s@Fútbol@s.s@1162547@s.s@1st half - Odd / Even Corner@s.s@0@s.s@["Odd","Even"]
1593@s.s@Fútbol@s.s@1162546@s.s@1st half - Who will win the corners ( 1-X-2 )@s.s@0@s.s@["1","X","2"]
1593@s.s@Fútbol@s.s@1162514@s.s@1st Half - Exact Goals@s.s@0@s.s@["0","1","2+"]
1593@s.s@Fútbol@s.s@1162518@s.s@1st Half  Over/Under Home Team -@s.s@0@s.s@["Over","Under"]
1593@s.s@Fútbol@s.s@1162532@s.s@2nd Half - Correct Score 2@s.s@0@s.s@["3:0","Other","0:3","3:1","1:3","4:0","0:4","5:0","0:5"]
1593@s.s@Fútbol@s.s@1162535@s.s@2nd half - Totals Away team@s.s@0@s.s@["Over","Under"]
1593@s.s@Fútbol@s.s@1162476@s.s@Correct Score – HT / FT@s.s@0@s.s@["0-0 1-0","0-0 0-0","0-0 0-1","0-0 2-0","0-0 1-1","0-0 0-2","0-0 2-1","0-0 0-3","0-0 3-0","0-0 4+","0-0 1-2","0-1 0-3","1-1 1-1","0-1 0-1","0-1 0-2","1-0 1-0","1-1 4+","0-1 1-1","1-0 1-1","0-1 1-2","1-0 2-0","4+ 4+","0-1 2-1","1-0 2-1","0-1 4+","1-0 3-0","0-2 0-2","0-2 0-3","1-0 4+","0-2 1-2","2-0 2-0","2-0 2-1","0-2 4+","2-0 3-0","0-3 0-3","2-0 4+","0-3 4+","2-1 2-1","1-0 1-2","1-1 1-2","2-1 4+","1-1 2-1","3-0 3-0","1-2 1-2","3-0 4+","1-2 4+"]
1593@s.s@Fútbol@s.s@1162478@s.s@Winning Margins@s.s@0@s.s@["HT > 2","HT 2","HT 1","AT 1","AT 2","AT > 2","X"]
1593@s.s@Fútbol@s.s@1162488@s.s@Goals Home Team@s.s@0@s.s@["0","1","2","3+"]
1593@s.s@Fútbol@s.s@1162489@s.s@Goals Away Team@s.s@0@s.s@["0","1","2","3+"]
1593@s.s@Fútbol@s.s@1162531@s.s@2nd Half - Correct Score@s.s@0@s.s@["0:0","0:1","0:2","1:0","1:1","1:2","2:0","2:1","2:2","Other"]
1593@s.s@Fútbol@s.s@1162528@s.s@2nd Half -Matchbet + Both Team to Score@s.s@0@s.s@["1\/GG","X\/GG","2\/GG","1\/NG","X\/NG","2\/NG"]
1593@s.s@Fútbol@s.s@1162534@s.s@2nd half - Totals Home team@s.s@0@s.s@["Over","Under"]
1593@s.s@Fútbol@s.s@1162520@s.s@1st Half - Clean sheet home team@s.s@0@s.s@["Yes","No"]
1593@s.s@Fútbol@s.s@1162563@s.s@Total Match Card Points HT@s.s@0@s.s@["Over","Under","Over","Under","Over","Under","Over","Under","Over","Under"]
1593@s.s@Fútbol@s.s@1162562@s.s@Total Match Card Points@s.s@0@s.s@["Over","Under","Over","Under","Over","Under","Over","Under","Over","Under"]
1593@s.s@Fútbol@s.s@1162529@s.s@2nd half - Double Chance + Both team to score@s.s@0@s.s@["1X \/ Yes","X2 \/ Yes","12 \/ Yes","1X \/ No","X2 \/ No","12 \/ No"]
1593@s.s@Fútbol@s.s@1162530@s.s@2nd Half - Goals@s.s@0@s.s@["0","1","2+"]
1593@s.s@Fútbol@s.s@1162511@s.s@1st Half - Double Chance@s.s@0@s.s@["1X","12","X2"]
1593@s.s@Fútbol@s.s@1162482@s.s@Last Team To Score@s.s@0@s.s@["1","2","None"]
1593@s.s@Fútbol@s.s@1162490@s.s@Matchbet + Over/Under@s.s@0@s.s@["1 + Over","X + Over","2 + Over","1 + Under","X + Under","2 + Under","1 + Over","X + Over","2 + Over","1 + Under","X + Under","2 + Under","1 + Over","X + Over","2 + Over","1 + Under","X + Under","2 + Under","1 + Over","X + Over","2 + Over","1 + Under","X + Under","2 + Under"]
1593@s.s@Fútbol@s.s@1162512@s.s@1st half – Odd / Even Goals@s.s@0@s.s@["Even","Odd"]
1593@s.s@Fútbol@s.s@1162515@s.s@1st Half  Over/Under@s.s@0@s.s@["Over","Under","Over","Under","Over","Under"]
1593@s.s@Fútbol@s.s@1162480@s.s@Both Teams to Score@s.s@0@s.s@["Yes","No"]
1593@s.s@Fútbol@s.s@1162524@s.s@2nd half - Double Chance@s.s@0@s.s@["1X","12","X2"]
1593@s.s@Fútbol@s.s@1162497@s.s@Double Chance Match + 1st half - Both teams to score@s.s@0@s.s@["1X \/ Yes","X2 \/ Yes","12 \/ Yes","1X \/ No","X2 \/ No","12 \/ No"]
1593@s.s@Fútbol@s.s@1162498@s.s@Double Chance Match + 2nd half - Both teams to score@s.s@0@s.s@["1X \/ Yes","X2 \/ Yes","12 \/ Yes","1X \/ No","X2 \/ No","12 \/ No"]
1593@s.s@Fútbol@s.s@1162499@s.s@Multiscores@s.s@0@s.s@["1:0, 2:0 or 3:0","X","0:1 , 0:2 or 0:3","2:1, 3:1 or 4:1","Other homewin","1:2, 1:3 or 1:4","4:0, 5:0 or 6:0","Other awaywin","0:4, 0:5 or 0:6","3:2, 4:2, 4:3 or 5:1","2:3, 2:4, 3:4 or 1:5"]
1593@s.s@Fútbol@s.s@1162500@s.s@1st half - Asian Handicap@s.s@0@s.s@["1","2","2","1","1","2"]
1593@s.s@Fútbol@s.s@1162501@s.s@Asian Handicap@s.s@0@s.s@["1","2","2","1","1","2","2","1","1","2"]
1593@s.s@Fútbol@s.s@1162502@s.s@1st half - Asian Over / Under@s.s@0@s.s@["Over","Under","Over","Under","Over","Under"]
1593@s.s@Fútbol@s.s@1162503@s.s@Asian - Over / Under@s.s@0@s.s@["Over","Under","Over","Under","Over","Under","Over","Under","Over","Under"]
1593@s.s@Fútbol@s.s@1162504@s.s@2nd half - Asian Handicap@s.s@0@s.s@["1","2","2","1","1","2"]
1593@s.s@Fútbol@s.s@1162505@s.s@2nd half - Asian Over / Under@s.s@0@s.s@["Over","Under","Over","Under","Over","Under"]
1593@s.s@Fútbol@s.s@1162508@s.s@1st half - 3 way + Over / Under@s.s@0@s.s@["1 + Over","X + Over","2 + Over","1 + Under","X + Under","2 + Under"]
1593@s.s@Fútbol@s.s@1162510@s.s@1st half - Correct Score@s.s@0@s.s@["1:0","0:0","0:1","2:0","1:1","0:2","2:1","2:2","1:2","Others"]
1593@s.s@Fútbol@s.s@1162525@s.s@2nd half - 3-way@s.s@0@s.s@["1","X","2"]
1593@s.s@Fútbol@s.s@1162526@s.s@2nd half -  Over / Under@s.s@0@s.s@["Over","Under","Over","Under","Over","Under"]
1593@s.s@Fútbol@s.s@1162527@s.s@2nd Half - Matchbet and Total@s.s@0@s.s@["1 + Over","X + Over","2 + Over","1 + Under","X + Under","2 + Under"]
1593@s.s@Fútbol@s.s@1162533@s.s@2nd half - Both teams to score@s.s@0@s.s@["Yes","No"]
1593@s.s@Fútbol@s.s@1162538@s.s@2nd  Half - First Team to score @s.s@0@s.s@["1","2","None"]
1593@s.s@Fútbol@s.s@1162539@s.s@2nd Half - Handicap@s.s@0@s.s@["1","X","2"]
1593@s.s@Fútbol@s.s@1162540@s.s@2nd half - Odd / Even Goals@s.s@0@s.s@["Even","Odd"]
1593@s.s@Fútbol@s.s@1162579@s.s@Both Halves Under 1.5 ?@s.s@0@s.s@["Yes","No"]
1593@s.s@Fútbol@s.s@1162582@s.s@Home to win both halves ?@s.s@0@s.s@["Yes","No"]
1593@s.s@Fútbol@s.s@1162583@s.s@Away to win both halves ?@s.s@0@s.s@["Yes","No"]
1593@s.s@Fútbol@s.s@1162584@s.s@Highest Scoring Half@s.s@0@s.s@["1st","2nd","Equal"]
1593@s.s@Fútbol@s.s@1162585@s.s@Highest scoring half - Home team@s.s@0@s.s@["1st","2nd","Equal"]
1593@s.s@Fútbol@s.s@1162586@s.s@Highest scoring half - Away team@s.s@0@s.s@["1st","2nd","Equal"]
1593@s.s@Fútbol@s.s@1162587@s.s@Home to win either half?@s.s@0@s.s@["Yes","No"]
1593@s.s@Fútbol@s.s@1162588@s.s@Away to win either half?@s.s@0@s.s@["Yes","No"]
1593@s.s@Fútbol@s.s@1162590@s.s@Homewin Nil@s.s@0@s.s@["Yes","No"]
1593@s.s@Fútbol@s.s@1162591@s.s@Awaywin Nil@s.s@0@s.s@["Yes","No"]
1593@s.s@Fútbol@s.s@1162592@s.s@Odd / Even - Home team@s.s@0@s.s@["Even","Odd"]
1593@s.s@Fútbol@s.s@1162598@s.s@1st. Goal - ( Interval 15 Min )@s.s@0@s.s@["None","1-15","16-30","31-45","46-60","61-75","76-90"]
1593@s.s@Fútbol@s.s@1162599@s.s@First 10 Minutes@s.s@0@s.s@["1","X","2"]
1593@s.s@Fútbol@s.s@1162484@s.s@Clean Sheet Home Team@s.s@0@s.s@["Yes","No"]
1593@s.s@Fútbol@s.s@1162485@s.s@Clean Sheet Away Team@s.s@0@s.s@["Yes","No"]
1593@s.s@Fútbol@s.s@1162486@s.s@Totals away team@s.s@0@s.s@["Over","Under"]
1593@s.s@Fútbol@s.s@1162487@s.s@Totals home team@s.s@0@s.s@["Over","Under"]
1593@s.s@Fútbol@s.s@1162492@s.s@Both teams to  score + Totals@s.s@0@s.s@["Yes \/ Over","Yes \/ Under","No \/ Over","No \/ Under"]
1593@s.s@Fútbol@s.s@1162494@s.s@Both teams to score - 1st half + 2nd half@s.s@0@s.s@["Yes \/ Yes","No \/ Yes","Yes \/ No","No \/ No"]
1593@s.s@Fútbol@s.s@1162495@s.s@Double Chance and Total@s.s@0@s.s@["1X \/ Over","X2 \/ Over","12  \/ Over","1X \/ Under","X2 \/ Under","12 \/ Under","1X \/ Over","X2 \/ Over","12  \/ Over","1X \/ Under","X2 \/ Under","12 \/ Under","1X \/ Over","X2 \/ Over","12  \/ Over","1X \/ Under","X2 \/ Under","12 \/ Under","1X \/ Over","X2 \/ Over","12  \/ Over","1X \/ Under","X2 \/ Under","12 \/ Under"]
1593@s.s@Fútbol@s.s@1162496@s.s@Double Chance and Both Team to Score@s.s@0@s.s@["1X \/ Yes","X2 \/ Yes","12 \/ Yes","1X \/ No","X2 \/ No","12 \/ No"]
1593@s.s@Fútbol@s.s@1162507@s.s@1st half - Draw No Bet@s.s@0@s.s@["1","2"]
1593@s.s@Fútbol@s.s@1162509@s.s@1st Half - Matchbet + Both Teams To Score@s.s@0@s.s@["1\/GG","X\/GG","2\/GG","1\/NG","X\/NG","2\/NG"]
1593@s.s@Fútbol@s.s@1162513@s.s@1st Half  Double Chance + Both Team to Score@s.s@0@s.s@["1X \/ Yes","X2 \/ Yes","12 \/ Yes","1X \/ No","X2 \/ No","12 \/ No"]
1593@s.s@Fútbol@s.s@1162519@s.s@1st Half Over/Under Away Team@s.s@0@s.s@["Under","Over"]
1593@s.s@Fútbol@s.s@1162521@s.s@1st Half - Clean sheet away team@s.s@0@s.s@["Yes","No"]
1593@s.s@Fútbol@s.s@1162523@s.s@2nd half - Draw No Bet@s.s@0@s.s@["1","2"]
1593@s.s@Fútbol@s.s@1162536@s.s@2nd  Half - Clean sheet home team@s.s@0@s.s@["Yes","No"]
1593@s.s@Fútbol@s.s@1162537@s.s@2nd  Half - Clean sheet away team@s.s@0@s.s@["Yes","No"]
1593@s.s@Fútbol@s.s@1162575@s.s@ThreeWay@s.s@0@s.s@["1","X","2"]
1593@s.s@Fútbol@s.s@1162576@s.s@Home No Bet@s.s@0@s.s@["X","2"]
1593@s.s@Fútbol@s.s@1162577@s.s@Away No Bet@s.s@0@s.s@["X","1"]
1593@s.s@Fútbol@s.s@1162517@s.s@1st Half First  Team to score@s.s@0@s.s@["1","2","None"]
1593@s.s@Fútbol@s.s@1162580@s.s@Home To Score In Both Halves ?@s.s@0@s.s@["Yes","No"]
1593@s.s@Fútbol@s.s@1162581@s.s@Away To Score In Both Halves ?@s.s@0@s.s@["Yes","No"]
1593@s.s@Fútbol@s.s@1162597@s.s@First Goal (Interval 10 Min)@s.s@0@s.s@["None","1-10","11-20","21-30","31-40","41-50","51-60","61-70","71-80","81-90"]
1593@s.s@Fútbol@s.s@1162603@s.s@Penalties after FT ?@s.s@0@s.s@["Yes","No"]
1593@s.s@Fútbol@s.s@1162604@s.s@How Will The Match Be Decided@s.s@0@s.s@["1 Regular Time","1 (at Overtime)","1 (at Penalties)","2 (Regular Time)","2 (at Overtime)","2 (at Penalties)"]
1593@s.s@Fútbol@s.s@1162596@s.s@Player sent off - Away team@s.s@0@s.s@["Yes","No"]
1593@s.s@Fútbol@s.s@1162595@s.s@Player sent off - Home team@s.s@0@s.s@["Yes","No"]
1593@s.s@Fútbol@s.s@1162600@s.s@1st half - Player sent off@s.s@0@s.s@["Yes","No"]
1593@s.s@Fútbol@s.s@1162594@s.s@Player Sent Off@s.s@0@s.s@["Yes","No"]
1593@s.s@Fútbol@s.s@1162572@s.s@1st half -  Exact Match Cards@s.s@0@s.s@["0","1","2","3","4","5","6+"]
1593@s.s@Fútbol@s.s@1162571@s.s@Exact Match Cards@s.s@0@s.s@["0-3","4","5","6","7","8","9","10","11","12+"]
1593@s.s@Fútbol@s.s@1162568@s.s@1st half -  Match Cards@s.s@0@s.s@["1","X","2"]
1593@s.s@Fútbol@s.s@1162567@s.s@1st half - 1st. Team Card@s.s@0@s.s@["1","2","None"]
1593@s.s@Fútbol@s.s@1162565@s.s@Total Away Cards@s.s@0@s.s@["0-1","3","2","4+"]
1593@s.s@Fútbol@s.s@1162564@s.s@Total Home Cards@s.s@0@s.s@["0-1","3","2","4+"]
1593@s.s@Fútbol@s.s@1162561@s.s@1st half – Total Match Cards@s.s@0@s.s@["Over","Under","Over","Under","Over","Under","Over","Under"]
1593@s.s@Fútbol@s.s@1162560@s.s@Total Match Cards@s.s@0@s.s@["Over","Under","Over","Under","Over","Under","Over","Under","Over","Under"]
1593@s.s@Fútbol@s.s@1162559@s.s@Which team that will see more cards in the match ( 1-X-2 )@s.s@0@s.s@["1","X","2"]
1593@s.s@Fútbol@s.s@1162557@s.s@1st half – Total Corner Aggregated@s.s@0@s.s@["0-4","5-6","7+"]
1593@s.s@Fútbol@s.s@1162556@s.s@Corner Total Aggregated@s.s@0@s.s@["0-8","9-11","12+"]
1593@s.s@Fútbol@s.s@1162554@s.s@Number of Corners - Away team@s.s@0@s.s@["0-2","3-4","5-6","7+"]
1593@s.s@Fútbol@s.s@1162545@s.s@1st half - Corner Handicap@s.s@0@s.s@["2","1","1","2","2","1"]
1593@s.s@Fútbol@s.s@1162544@s.s@1st half - Total Corners@s.s@0@s.s@["Over","Under","Over","Under","Over","Under"]
1593@s.s@Fútbol@s.s@1162543@s.s@Corner Handicap@s.s@0@s.s@["2","1","1","2","2","1"]
1593@s.s@Fútbol@s.s@1162542@s.s@Total Corners@s.s@0@s.s@["Over","Under","Over","Under","Over","Under","Over","Under","Over","Under"]
1593@s.s@Fútbol@s.s@1162541@s.s@Corner Matchbet@s.s@0@s.s@["1","X","2"]
1593@s.s@Fútbol@s.s@1162555@s.s@1st half - Number of corners - Away team@s.s@0@s.s@["0-1","2","3","4+"]
1593@s.s@Fútbol@s.s@1162578@s.s@Both Halves Over 1.5 ?@s.s@0@s.s@["Yes","No"]
1593@s.s@Fútbol@s.s@1162605@s.s@Overtime - Yes / No@s.s@0@s.s@["Yes","No"]
1607@s.s@Baseball@s.s@1254437@s.s@Moneyline@s.s@0@s.s@["1","2"]
1607@s.s@Baseball@s.s@1380842@s.s@Over / Under ( Incl.OT )@s.s@0@s.s@["Over","Under"]
1607@s.s@Baseball@s.s@1254439@s.s@Asian Handicap (Incl.OT)@s.s@0@s.s@["1","2","1","2","2","1"]
1607@s.s@Baseball@s.s@1254438@s.s@Totals@s.s@0@s.s@["Over","Under"]
1608@s.s@Basketball@s.s@1254451@s.s@4th Quarter - 1X2@s.s@0@s.s@["1","2","X"]
1608@s.s@Basketball@s.s@1254445@s.s@1st Half - Winner@s.s@0@s.s@["1","2"]
1608@s.s@Basketball@s.s@1254442@s.s@Over / Under ( Incl.OT )@s.s@0@s.s@["Over","Under"]
1608@s.s@Basketball@s.s@1254443@s.s@BasketballOddType.AsianHandicapMainLine@s.s@0@s.s@["2","1"]
1608@s.s@Basketball@s.s@1254467@s.s@Highest Scoring Quarter@s.s@0@s.s@["Equals","1st Quarter","2nd Quarter","3rd Quarter","4th Quarter"]
1608@s.s@Basketball@s.s@1254464@s.s@Odd / Even points@s.s@0@s.s@["Odd","Even"]
1608@s.s@Basketball@s.s@1254449@s.s@2nd Quarter - 1X2@s.s@0@s.s@["1","2","X"]
1608@s.s@Basketball@s.s@1254452@s.s@2nd Quarter - Draw no bet@s.s@0@s.s@["1","2"]
1608@s.s@Basketball@s.s@1254453@s.s@3rd Quarter - Draw No Bet@s.s@0@s.s@["1","2"]
1608@s.s@Basketball@s.s@1254458@s.s@3rd Quarter – Odd / Even Points@s.s@0@s.s@["Odd","Even"]
1608@s.s@Basketball@s.s@1254459@s.s@4th Quarter – Odd / Even Points@s.s@0@s.s@["Odd","Even"]
1608@s.s@Basketball@s.s@1254448@s.s@1st half - Odd / Even points@s.s@0@s.s@["Odd","Even"]
1608@s.s@Basketball@s.s@1254460@s.s@2nd Quarter - Over/Under@s.s@0@s.s@["Over","Under"]
1608@s.s@Basketball@s.s@1254461@s.s@3rd Quarter - Over/Under@s.s@0@s.s@["Over","Under"]
1608@s.s@Basketball@s.s@1254447@s.s@1st Half - Over/Under@s.s@0@s.s@["Over","Under"]
1608@s.s@Basketball@s.s@1254446@s.s@1st half - Asian Handicap@s.s@0@s.s@["2","1"]
1608@s.s@Basketball@s.s@1254450@s.s@3rd Quarter - 1X2@s.s@0@s.s@["1","2","X"]
1608@s.s@Basketball@s.s@1254444@s.s@Handicap (Incl. OT)@s.s@0@s.s@["2","1","1","2","2","1","2","1","2","1","2","1","2","1"]
1608@s.s@Basketball@s.s@1254462@s.s@4th Quarter - Over/Under@s.s@0@s.s@["Over","Under"]
1608@s.s@Basketball@s.s@1254454@s.s@4th Quarter - Draw No Bet@s.s@0@s.s@["1","2"]
1608@s.s@Basketball@s.s@1254441@s.s@3 way@s.s@0@s.s@["1","X","2"]
1608@s.s@Basketball@s.s@1254455@s.s@1st Quarter - Points Spread@s.s@0@s.s@["2","1"]
1608@s.s@Basketball@s.s@1254456@s.s@2nd Quarter - Points Spread@s.s@0@s.s@["2","1"]
1608@s.s@Basketball@s.s@1254457@s.s@3rd Quarter - Points Spread@s.s@0@s.s@["2","1"]
1608@s.s@Basketball@s.s@1254463@s.s@Halftime / Fulltime@s.s@0@s.s@["1\/1","1\/X","1\/2","X\/1","X\/X","X\/2","2\/1","2\/X","2\/2"]
1608@s.s@Basketball@s.s@1254465@s.s@Matchbet + Over / Under ( Incl.OT )@s.s@0@s.s@["1 + Under","2 + Under","1 + Over","2 + Over"]
1608@s.s@Basketball@s.s@1254466@s.s@Overtime - Yes / No@s.s@0@s.s@["Yes","No"]
1608@s.s@Basketball@s.s@1254440@s.s@2 way – ( Incl.OT )@s.s@0@s.s@["1","2"]
1609@s.s@Tenis@s.s@1254470@s.s@Correct Set Score (best of 3 sets)@s.s@0@s.s@["2:0","0:2","2:1","1:2"]
1609@s.s@Tenis@s.s@1254482@s.s@Total Number of Sets (best of 5)@s.s@0@s.s@["3 Set","4 Set","5 Set"]
1609@s.s@Tenis@s.s@1254471@s.s@First Set Total@s.s@0@s.s@["Under","Over"]
1609@s.s@Tenis@s.s@1254472@s.s@Winner (Sidebet)@s.s@0@s.s@["1","2"]
1609@s.s@Tenis@s.s@1254468@s.s@2-way Odds@s.s@0@s.s@["1","2"]
1609@s.s@Tenis@s.s@1254469@s.s@1st Set Winner@s.s@0@s.s@["1","2"]
1609@s.s@Tenis@s.s@1254473@s.s@Double Result@s.s@0@s.s@["1\/1","2\/1","1\/2","2\/2"]
1609@s.s@Tenis@s.s@1254474@s.s@Odd/Even@s.s@0@s.s@["Even","Odd"]
1609@s.s@Tenis@s.s@1254475@s.s@Set handicap@s.s@0@s.s@["1","2","2","1"]
1609@s.s@Tenis@s.s@1254476@s.s@Over/Under@s.s@0@s.s@["Over","Under"]
1609@s.s@Tenis@s.s@1254478@s.s@Total Number of Sets (best of 3)@s.s@0@s.s@["2 Set","3 Set"]
1609@s.s@Tenis@s.s@1254479@s.s@Player 1 to win a set@s.s@0@s.s@["Yes","No"]
1609@s.s@Tenis@s.s@1254477@s.s@2nd Set Winner@s.s@0@s.s@["1","2"]
1609@s.s@Tenis@s.s@1254480@s.s@Player 2 to win a set@s.s@0@s.s@["Yes","No"]
1609@s.s@Tenis@s.s@1254481@s.s@Correct Set Score (best of 5 sets)@s.s@0@s.s@["3:0","3:1","3:2","2:3","1:3","0:3"]
1609@s.s@Tenis@s.s@1443472@s.s@Asian Handicap@s.s@0@s.s@["2","1"]
1610@s.s@League of Legends@s.s@1268819@s.s@ First Map Winner@s.s@0@s.s@["1","2"]
1610@s.s@League of Legends@s.s@1268818@s.s@ Asian Handicap@s.s@0@s.s@["2","1"]
1610@s.s@League of Legends@s.s@1254483@s.s@2-way@s.s@0@s.s@["1","2"]
1610@s.s@League of Legends@s.s@1296560@s.s@ Correct Set Score (Best Of 3)@s.s@0@s.s@["2:0","0:2","2:1","1:2"]
1610@s.s@League of Legends@s.s@1268820@s.s@ Second Map Winner@s.s@0@s.s@["1","2"]
1610@s.s@League of Legends@s.s@1268821@s.s@ Correct Set Score (Best Of 5)@s.s@0@s.s@["3:0","0:3","3:1","1:3","3:2","2:3"]
1611@s.s@Counter-Strike@s.s@1254485@s.s@ First Map Winner@s.s@0@s.s@["1","2"]
1611@s.s@Counter-Strike@s.s@1254488@s.s@ Correct Set Score (Best Of 3)@s.s@0@s.s@["2:0","0:2","2:1","1:2"]
1611@s.s@Counter-Strike@s.s@1254486@s.s@ Second Map Winner@s.s@0@s.s@["1","2"]
1611@s.s@Counter-Strike@s.s@1254487@s.s@ Asian Handicap@s.s@0@s.s@["2","1"]
1611@s.s@Counter-Strike@s.s@1254484@s.s@2-way@s.s@0@s.s@["1","2"]
1612@s.s@Dota 2@s.s@1363400@s.s@ 3 way@s.s@0@s.s@["1","X","2"]
1612@s.s@Dota 2@s.s@1254492@s.s@ Asian Handicap@s.s@0@s.s@["1","2"]
1612@s.s@Dota 2@s.s@1254491@s.s@ Second Map Winner@s.s@0@s.s@["1","2"]
1612@s.s@Dota 2@s.s@1254490@s.s@ First Map Winner@s.s@0@s.s@["1","2"]
1612@s.s@Dota 2@s.s@1254489@s.s@ Winner@s.s@0@s.s@["1","2"]
1612@s.s@Dota 2@s.s@1254493@s.s@ Correct Set Score (Best Of 3)@s.s@0@s.s@["2:0","0:2","2:1","1:2"]
1613@s.s@Badminton@s.s@1254494@s.s@Winner@s.s@0@s.s@["1","2"]
1613@s.s@Badminton@s.s@1295009@s.s@Resultado en sets (mejor de 3)@s.s@0@s.s@["2:0","0:2","2:1","1:2"]
1613@s.s@Badminton@s.s@1295008@s.s@Over/Under@s.s@0@s.s@["Over","Under"]
1613@s.s@Badminton@s.s@1295012@s.s@Número exacto de sets (mejor de 3)@s.s@0@s.s@["2 Set","3 Set"]
1613@s.s@Badminton@s.s@1295011@s.s@Ganador con Handicap Asiático@s.s@0@s.s@["2","1"]
1613@s.s@Badminton@s.s@1295010@s.s@1º Set - Ganador@s.s@0@s.s@["1","2"]
1614@s.s@Darts@s.s@1254497@s.s@Most 180s@s.s@0@s.s@["1","X","2"]
1614@s.s@Darts@s.s@1254496@s.s@First Player To Score a 180@s.s@0@s.s@["None","1","2"]
1614@s.s@Darts@s.s@1254499@s.s@Totals 180s Player 1@s.s@0@s.s@["Over","Under"]
1614@s.s@Darts@s.s@1254498@s.s@Total 180s@s.s@0@s.s@["Over","Under"]
1614@s.s@Darts@s.s@1254495@s.s@Winner@s.s@0@s.s@["1","2"]
1614@s.s@Darts@s.s@1254500@s.s@Totals 180s Player 2@s.s@0@s.s@["Over","Under"]
1614@s.s@Darts@s.s@1360949@s.s@1st Leg Winner@s.s@0@s.s@["1","2"]
1615@s.s@Rugby@s.s@1443853@s.s@Totals Away Team@s.s@0@s.s@["Over","Under"]
1615@s.s@Rugby@s.s@1444126@s.s@Matchbet Tries@s.s@0@s.s@["1","X","2"]
1615@s.s@Rugby@s.s@1443852@s.s@Matchbet Totals@s.s@0@s.s@["X + Under","1 + Under","2 + Over","1 + Over","X + Over","2 + Under"]
1615@s.s@Rugby@s.s@1254503@s.s@Over/Under@s.s@0@s.s@["Over","Under"]
1615@s.s@Rugby@s.s@1443851@s.s@Draw No Bet@s.s@0@s.s@["1","2"]
1615@s.s@Rugby@s.s@1443860@s.s@Halftime - Total Margins@s.s@0@s.s@["0 to 6","7 to 13","14 to 20","21 to 27","28 to 34","35 to 41","42 plus"]
1615@s.s@Rugby@s.s@1444128@s.s@Total Tries@s.s@0@s.s@["Over","Under"]
1615@s.s@Rugby@s.s@1254507@s.s@1X2 - First Half@s.s@0@s.s@["1","X","2"]
1615@s.s@Rugby@s.s@1444127@s.s@Handicap Tries@s.s@0@s.s@["1","X","2"]
1615@s.s@Rugby@s.s@1444136@s.s@1st Half - Total Tries Home Team@s.s@0@s.s@["Over","Under"]
1615@s.s@Rugby@s.s@1444137@s.s@First Half - Odd/Even (Tries)@s.s@0@s.s@["Even","Odd"]
1615@s.s@Rugby@s.s@1443859@s.s@1st Half - Totals Away Team@s.s@0@s.s@["Under","Over"]
1615@s.s@Rugby@s.s@1444133@s.s@1st Half - Handicap Tries@s.s@0@s.s@["1","X","2","2"]
1615@s.s@Rugby@s.s@1444131@s.s@1st  Half - Total Tries Away Team@s.s@0@s.s@["Over","Under"]
1615@s.s@Rugby@s.s@1444129@s.s@Odd/Even Tries@s.s@0@s.s@["Even","Odd"]
1615@s.s@Rugby@s.s@1254508@s.s@Asian Handicap - First Half@s.s@0@s.s@["2","1","1","2","1","2"]
1615@s.s@Rugby@s.s@1444132@s.s@1st half - Draw No Bet Tries@s.s@0@s.s@["1","2"]
1615@s.s@Rugby@s.s@1444130@s.s@Draw No Bet Tries@s.s@0@s.s@["1","2"]
1615@s.s@Rugby@s.s@1443858@s.s@1st Half - Totals Home Team@s.s@0@s.s@["Under","Over"]
1615@s.s@Rugby@s.s@1443856@s.s@European Handicaps@s.s@0@s.s@["2","1","X","2","1","X","2","X","1","X","2","1","X","1","2"]
1615@s.s@Rugby@s.s@1254504@s.s@Halftime / Fulltime@s.s@0@s.s@["1\/1","1\/X","1\/2","X\/1","X\/X","X\/2","2\/1","2\/X","2\/2"]
1615@s.s@Rugby@s.s@1254502@s.s@Asian Handicap@s.s@0@s.s@["2","1","1","2","1","2","1","2","1","2"]
1615@s.s@Rugby@s.s@1254505@s.s@Highest Scoring Half@s.s@0@s.s@["1st","2nd","Equal"]
1615@s.s@Rugby@s.s@1254509@s.s@1st Half - Odd/Even@s.s@0@s.s@["Even","Odd"]
1615@s.s@Rugby@s.s@1443855@s.s@Winning Margins@s.s@0@s.s@["Home Team 8 - 14","X","Away Team 1 - 7","Home Team &gt; 14","Away Team &gt; 14","Home Team 1 - 7","Away Team 8 - 14"]
1615@s.s@Rugby@s.s@1254501@s.s@1X2@s.s@0@s.s@["1","X","2"]
1615@s.s@Rugby@s.s@1254506@s.s@Odd/Even@s.s@0@s.s@["Even","Odd"]
1615@s.s@Rugby@s.s@1443854@s.s@Totals Home Team@s.s@0@s.s@["Over","Under"]
1615@s.s@Rugby@s.s@1443857@s.s@Asian Total - First Half@s.s@0@s.s@["Over","Under","Under","Over","Under","Over"]
1615@s.s@Rugby@s.s@1444134@s.s@1st Half - Matchbet Tries@s.s@0@s.s@["1","X","2"]
1615@s.s@Rugby@s.s@1444135@s.s@1st Half - Total Tries@s.s@0@s.s@["Over","Under"]
1616@s.s@Table tennis@s.s@1254510@s.s@Winner@s.s@0@s.s@["1","2"]
1617@s.s@Tennis@s.s@1337848@s.s@Correct Set Score (best of 3 sets)@s.s@0@s.s@["2:0","0:2","2:1","1:2"]
1617@s.s@Tennis@s.s@1254652@s.s@Winner (Sidebet)@s.s@0@s.s@["1","2"]
1617@s.s@Tennis@s.s@1337847@s.s@1st Set Winner@s.s@0@s.s@["1","2"]
1617@s.s@Tennis@s.s@1337849@s.s@First Set Total@s.s@0@s.s@["Under","Over"]
1617@s.s@Tennis@s.s@1254651@s.s@2-way Odds@s.s@0@s.s@["1","2"]
1618@s.s@ESport League of Legends@s.s@1352946@s.s@ Correct Set Score (Best Of 3)@s.s@0@s.s@["2:0","0:2","2:1","1:2"]
1618@s.s@ESport League of Legends@s.s@1272457@s.s@ Asian Handicap@s.s@0@s.s@["1","2"]
1618@s.s@ESport League of Legends@s.s@1272458@s.s@ First Map Winner@s.s@0@s.s@["1","2"]
1618@s.s@ESport League of Legends@s.s@1254653@s.s@2-way@s.s@0@s.s@["1","2"]
1618@s.s@ESport League of Legends@s.s@1272460@s.s@ Correct Set Score (Best Of 5)@s.s@0@s.s@["3:0","0:3","3:1","1:3","3:2","2:3"]
1618@s.s@ESport League of Legends@s.s@1272459@s.s@ Second Map Winner@s.s@0@s.s@["1","2"]
1619@s.s@Soccer@s.s@1260793@s.s@2nd half - 3-way@s.s@0@s.s@["1","X","2"]
1619@s.s@Soccer@s.s@1260805@s.s@2nd  Half - Clean sheet away team@s.s@0@s.s@["Yes","No"]
1619@s.s@Soccer@s.s@1260817@s.s@Away to win both halves ?@s.s@0@s.s@["Yes","No"]
1619@s.s@Soccer@s.s@1260818@s.s@Highest Scoring Half@s.s@0@s.s@["1st","2nd","Equal"]
1619@s.s@Soccer@s.s@1260806@s.s@2nd  Half - First Team to score @s.s@0@s.s@["1","2","None"]
1619@s.s@Soccer@s.s@1260787@s.s@1st Half Over/Under Away Team@s.s@0@s.s@["Under","Over"]
1619@s.s@Soccer@s.s@1260790@s.s@1st Half - Handicap@s.s@0@s.s@["1","X","2"]
1619@s.s@Soccer@s.s@1260782@s.s@1st Half - Exact Goals@s.s@0@s.s@["0","1","2+"]
1619@s.s@Soccer@s.s@1260794@s.s@2nd half -  Over / Under@s.s@0@s.s@["Over","Under","Over","Under","Over","Under"]
1619@s.s@Soccer@s.s@1260786@s.s@1st Half  Over/Under Home Team -@s.s@0@s.s@["Over","Under"]
1619@s.s@Soccer@s.s@1260819@s.s@Highest scoring half - Home team@s.s@0@s.s@["1st","2nd","Equal"]
1619@s.s@Soccer@s.s@1260820@s.s@Highest scoring half - Away team@s.s@0@s.s@["1st","2nd","Equal"]
1619@s.s@Soccer@s.s@1260807@s.s@2nd Half - Handicap@s.s@0@s.s@["1","X","2"]
1619@s.s@Soccer@s.s@1260785@s.s@1st Half First  Team to score@s.s@0@s.s@["1","2","None"]
1619@s.s@Soccer@s.s@1260780@s.s@1st half – Odd / Even Goals@s.s@0@s.s@["Even","Odd"]
1619@s.s@Soccer@s.s@1260795@s.s@2nd Half - Matchbet and Total@s.s@0@s.s@["1 + Over","X + Over","2 + Over","1 + Under","X + Under","2 + Under"]
1619@s.s@Soccer@s.s@1260808@s.s@2nd half - Odd / Even Goals@s.s@0@s.s@["Even","Odd"]
1619@s.s@Soccer@s.s@1260821@s.s@Home to win either half?@s.s@0@s.s@["Yes","No"]
1619@s.s@Soccer@s.s@1260788@s.s@1st Half - Clean sheet home team@s.s@0@s.s@["Yes","No"]
1619@s.s@Soccer@s.s@1260792@s.s@2nd half - Double Chance@s.s@0@s.s@["1X","12","X2"]
1619@s.s@Soccer@s.s@1260822@s.s@Away to win either half?@s.s@0@s.s@["Yes","No"]
1619@s.s@Soccer@s.s@1260779@s.s@1st Half - Double Chance@s.s@0@s.s@["1X","12","X2"]
1619@s.s@Soccer@s.s@1260789@s.s@1st Half - Clean sheet away team@s.s@0@s.s@["Yes","No"]
1619@s.s@Soccer@s.s@1260796@s.s@2nd Half -Matchbet + Both Team to Score@s.s@0@s.s@["1\/GG","X\/GG","2\/GG","1\/NG","X\/NG","2\/NG"]
1619@s.s@Soccer@s.s@1260797@s.s@2nd half - Double Chance + Both team to score@s.s@0@s.s@["1X \/ Yes","X2 \/ Yes","12 \/ Yes","1X \/ No","X2 \/ No","12 \/ No"]
1619@s.s@Soccer@s.s@1260802@s.s@2nd half - Totals Home team@s.s@0@s.s@["Over","Under"]
1619@s.s@Soccer@s.s@1260778@s.s@1st half - Correct Score@s.s@0@s.s@["1:0","0:0","0:1","2:0","1:1","0:2","2:1","2:2","1:2","Others"]
1619@s.s@Soccer@s.s@1260777@s.s@1st Half - Matchbet + Both Teams To Score@s.s@0@s.s@["1\/GG","X\/GG","2\/GG","1\/NG","X\/NG","2\/NG"]
1619@s.s@Soccer@s.s@1254694@s.s@3 way@s.s@0@s.s@["1","X","2"]
1619@s.s@Soccer@s.s@1254696@s.s@Draw No Bet@s.s@0@s.s@["1","2"]
1619@s.s@Soccer@s.s@1260803@s.s@2nd half - Totals Away team@s.s@0@s.s@["Over","Under"]
1619@s.s@Soccer@s.s@1316124@s.s@How Will The Match Be Decided@s.s@0@s.s@["1 Regular Time","1 (at Overtime)","1 (at Penalties)","2 (Regular Time)","2 (at Overtime)","2 (at Penalties)"]
1619@s.s@Soccer@s.s@1316123@s.s@Penalties after FT ?@s.s@0@s.s@["Yes","No"]
1619@s.s@Soccer@s.s@1260798@s.s@2nd Half - Goals@s.s@0@s.s@["0","1","2+"]
1619@s.s@Soccer@s.s@1260799@s.s@2nd Half - Correct Score@s.s@0@s.s@["0:0","0:1","0:2","1:0","1:1","1:2","2:0","2:1","2:2","Other"]
1619@s.s@Soccer@s.s@1260791@s.s@2nd half - Draw No Bet@s.s@0@s.s@["1","2"]
1619@s.s@Soccer@s.s@1316122@s.s@Overtime Goal@s.s@0@s.s@["Yes","No"]
1619@s.s@Soccer@s.s@1254697@s.s@Over / Under@s.s@0@s.s@["Over","Under"]
1619@s.s@Soccer@s.s@1254698@s.s@Correct Score@s.s@0@s.s@["4:0","4:1","4:2","5:0","5:1","1:0","2:0","2:1","3:0","3:1","3:2","6:0","3:3","2:2","1:1","0:0","0:1","0:2","0:3","0:4","0:5","1:2","1:3","1:4","1:5","2:3","2:4","0:6"]
1619@s.s@Soccer@s.s@1316121@s.s@To Qualify@s.s@0@s.s@["1","2"]
1619@s.s@Soccer@s.s@1260800@s.s@2nd Half - Correct Score 2@s.s@0@s.s@["3:0","Other","0:3","3:1","1:3","4:0","0:4","5:0","0:5"]
1619@s.s@Soccer@s.s@1260816@s.s@Home to win both halves ?@s.s@0@s.s@["Yes","No"]
1619@s.s@Soccer@s.s@1260801@s.s@2nd half - Both teams to score@s.s@0@s.s@["Yes","No"]
1619@s.s@Soccer@s.s@1260804@s.s@2nd  Half - Clean sheet home team@s.s@0@s.s@["Yes","No"]
1619@s.s@Soccer@s.s@1260783@s.s@1st Half  Over/Under@s.s@0@s.s@["Over","Under","Over","Under","Over","Under"]
1619@s.s@Soccer@s.s@1260784@s.s@1st half - Both teams to score@s.s@0@s.s@["Yes","No"]
1619@s.s@Soccer@s.s@1260773@s.s@2nd half - Asian Over / Under@s.s@0@s.s@["Over","Under","Over","Under","Over","Under"]
1619@s.s@Soccer@s.s@1260813@s.s@Both Halves Under 1.5 ?@s.s@0@s.s@["Yes","No"]
1619@s.s@Soccer@s.s@1254695@s.s@Double Chance@s.s@0@s.s@["1X","12","X2"]
1619@s.s@Soccer@s.s@1260814@s.s@Home To Score In Both Halves ?@s.s@0@s.s@["Yes","No"]
1619@s.s@Soccer@s.s@1260815@s.s@Away To Score In Both Halves ?@s.s@0@s.s@["Yes","No"]
1619@s.s@Soccer@s.s@1316125@s.s@Overtime - Yes / No@s.s@0@s.s@["Yes","No"]
1619@s.s@Soccer@s.s@1260781@s.s@1st Half  Double Chance + Both Team to Score@s.s@0@s.s@["1X \/ Yes","X2 \/ Yes","12 \/ Yes","1X \/ No","X2 \/ No","12 \/ No"]
1619@s.s@Soccer@s.s@1260809@s.s@ThreeWay@s.s@0@s.s@["1","X","2"]
1619@s.s@Soccer@s.s@1260810@s.s@Home No Bet@s.s@0@s.s@["X","2"]
1619@s.s@Soccer@s.s@1260811@s.s@Away No Bet@s.s@0@s.s@["X","1"]
1619@s.s@Soccer@s.s@1260812@s.s@Both Halves Over 1.5 ?@s.s@0@s.s@["Yes","No"]
1619@s.s@Soccer@s.s@1260776@s.s@1st half - 3 way + Over / Under@s.s@0@s.s@["1 + Over","X + Over","2 + Over","1 + Under","X + Under","2 + Under"]
1619@s.s@Soccer@s.s@1260775@s.s@1st half - Draw No Bet@s.s@0@s.s@["1","2"]
1619@s.s@Soccer@s.s@1260774@s.s@1st half – 3 way@s.s@0@s.s@["1","X","2"]
1619@s.s@Soccer@s.s@1260762@s.s@Both teams to  score + Totals@s.s@0@s.s@["Yes \/ Over","Yes \/ Under","No \/ Over","No \/ Under"]
1619@s.s@Soccer@s.s@1254699@s.s@Asian - Over / Under@s.s@0@s.s@["Over","Under","Over","Under","Over","Under","Over","Under","Over","Under"]
1619@s.s@Soccer@s.s@1260743@s.s@Asian Handicap Main Line@s.s@0@s.s@["2","1"]
1619@s.s@Soccer@s.s@1260744@s.s@Odd / Even goales@s.s@0@s.s@["Even","Odd"]
1619@s.s@Soccer@s.s@1260745@s.s@Handicap@s.s@0@s.s@["1","X","2","1","X","2","1","X","2","1","X","2"]
1619@s.s@Soccer@s.s@1260746@s.s@Correct Score – HT / FT@s.s@0@s.s@["0-0 1-0","0-0 0-0","0-0 0-1","0-0 2-0","0-0 1-1","0-0 0-2","0-0 2-1","0-0 0-3","0-0 3-0","0-0 4+","0-0 1-2","0-1 0-3","1-1 1-1","0-1 0-1","0-1 0-2","1-0 1-0","1-1 4+","0-1 1-1","1-0 1-1","0-1 1-2","1-0 2-0","4+ 4+","0-1 2-1","1-0 2-1","0-1 4+","1-0 3-0","0-2 0-2","0-2 0-3","1-0 4+","0-2 1-2","2-0 2-0","2-0 2-1","0-2 4+","2-0 3-0","0-3 0-3","2-0 4+","0-3 4+","2-1 2-1","1-0 1-2","1-1 1-2","2-1 4+","1-1 2-1","3-0 3-0","1-2 1-2","3-0 4+","1-2 4+"]
1619@s.s@Soccer@s.s@1260747@s.s@Which Team To Score@s.s@0@s.s@["Only Home","Only Away","Both Teams","None"]
1619@s.s@Soccer@s.s@1260748@s.s@Winning Margins@s.s@0@s.s@["HT > 2","HT 2","HT 1","AT 1","AT 2","AT > 2","X"]
1619@s.s@Soccer@s.s@1260749@s.s@Halftime / Fulltime@s.s@0@s.s@["1\/1","1\/X","1\/2","X\/1","X\/X","X\/2","2\/1","2\/X","2\/2"]
1619@s.s@Soccer@s.s@1260750@s.s@Both Teams to Score@s.s@0@s.s@["Yes","No"]
1619@s.s@Soccer@s.s@1260751@s.s@First Team To Score@s.s@0@s.s@["1","2","None"]
1619@s.s@Soccer@s.s@1260752@s.s@Last Team To Score@s.s@0@s.s@["1","2","None"]
1619@s.s@Soccer@s.s@1260753@s.s@Exact Number of Goals@s.s@0@s.s@["0","1","2","3","4","5","6+"]
1619@s.s@Soccer@s.s@1260754@s.s@Clean Sheet Home Team@s.s@0@s.s@["Yes","No"]
1619@s.s@Soccer@s.s@1260755@s.s@Clean Sheet Away Team@s.s@0@s.s@["Yes","No"]
1619@s.s@Soccer@s.s@1260756@s.s@Totals away team@s.s@0@s.s@["Over","Under"]
1619@s.s@Soccer@s.s@1260757@s.s@Totals home team@s.s@0@s.s@["Over","Under"]
1619@s.s@Soccer@s.s@1260758@s.s@Goals Home Team@s.s@0@s.s@["0","1","2","3+"]
1619@s.s@Soccer@s.s@1260759@s.s@Goals Away Team@s.s@0@s.s@["0","1","2","3+"]
1619@s.s@Soccer@s.s@1260760@s.s@Matchbet + Over/Under@s.s@0@s.s@["1 + Over","X + Over","2 + Over","1 + Under","X + Under","2 + Under","1 + Over","X + Over","2 + Over","1 + Under","X + Under","2 + Under","1 + Over","X + Over","2 + Over","1 + Under","X + Under","2 + Under","1 + Over","X + Over","2 + Over","1 + Under","X + Under","2 + Under"]
1619@s.s@Soccer@s.s@1260761@s.s@Matchbet + Both  Teams to Score@s.s@0@s.s@["1\/GG","X\/GG","2\/GG","1\/NG","X\/NG","2\/NG"]
1619@s.s@Soccer@s.s@1260763@s.s@Matchflow@s.s@0@s.s@["First goal Home and 1","First goal Home and X","First goal Home and 2","First goal away and 1","First goal away and X","First goal away and 2","No Goal"]
1619@s.s@Soccer@s.s@1260764@s.s@Both teams to score - 1st half + 2nd half@s.s@0@s.s@["Yes \/ Yes","No \/ Yes","Yes \/ No","No \/ No"]
1619@s.s@Soccer@s.s@1260765@s.s@Double Chance and Total@s.s@0@s.s@["1X \/ Over","X2 \/ Over","12  \/ Over","1X \/ Under","X2 \/ Under","12 \/ Under","1X \/ Over","X2 \/ Over","12  \/ Over","1X \/ Under","X2 \/ Under","12 \/ Under","1X \/ Over","X2 \/ Over","12  \/ Over","1X \/ Under","X2 \/ Under","12 \/ Under","1X \/ Over","X2 \/ Over","12  \/ Over","1X \/ Under","X2 \/ Under","12 \/ Under"]
1619@s.s@Soccer@s.s@1260766@s.s@Double Chance and Both Team to Score@s.s@0@s.s@["1X \/ Yes","X2 \/ Yes","12 \/ Yes","1X \/ No","X2 \/ No","12 \/ No"]
1619@s.s@Soccer@s.s@1260767@s.s@Double Chance Match + 1st half - Both teams to score@s.s@0@s.s@["1X \/ Yes","X2 \/ Yes","12 \/ Yes","1X \/ No","X2 \/ No","12 \/ No"]
1619@s.s@Soccer@s.s@1260768@s.s@Double Chance Match + 2nd half - Both teams to score@s.s@0@s.s@["1X \/ Yes","X2 \/ Yes","12 \/ Yes","1X \/ No","X2 \/ No","12 \/ No"]
1619@s.s@Soccer@s.s@1260769@s.s@Multiscores@s.s@0@s.s@["1:0, 2:0 or 3:0","X","0:1 , 0:2 or 0:3","2:1, 3:1 or 4:1","Other homewin","1:2, 1:3 or 1:4","4:0, 5:0 or 6:0","Other awaywin","0:4, 0:5 or 0:6","3:2, 4:2, 4:3 or 5:1","2:3, 2:4, 3:4 or 1:5"]
1619@s.s@Soccer@s.s@1260770@s.s@1st half - Asian Handicap@s.s@0@s.s@["1","2","2","1","2","1"]
1619@s.s@Soccer@s.s@1260771@s.s@1st half - Asian Over / Under@s.s@0@s.s@["Over","Under","Over","Under","Over","Under"]
1619@s.s@Soccer@s.s@1260772@s.s@2nd half - Asian Handicap@s.s@0@s.s@["1","2","2","1","2","1"]
1619@s.s@Soccer@s.s@1254834@s.s@Asian Handicap@s.s@0@s.s@["1","2","1","2","1","2","1","2","1","2"]
1619@s.s@Soccer@s.s@1379257@s.s@Total Match Card Points HT@s.s@0@s.s@["Over","Under","Over","Under","Over","Under","Over","Under"]
1619@s.s@Soccer@s.s@1261400@s.s@Which team that will see more cards in the match ( 1-X-2 )@s.s@0@s.s@["1","X","2"]
1619@s.s@Soccer@s.s@1261399@s.s@Odd / Even Corners@s.s@0@s.s@["Odd","Even"]
1619@s.s@Soccer@s.s@1261408@s.s@Exact Match Cards@s.s@0@s.s@["0-3","4","5","6","7","8","9","10","11","12+"]
1619@s.s@Soccer@s.s@1261411@s.s@1st half - Player sent off@s.s@0@s.s@["Yes","No"]
1619@s.s@Soccer@s.s@1261383@s.s@Total Corners@s.s@0@s.s@["Over","Under","Over","Under","Over","Under","Over","Under","Over","Under"]
1619@s.s@Soccer@s.s@1261398@s.s@1st half – Total Corner Aggregated@s.s@0@s.s@["0-4","5-6","7+"]
1619@s.s@Soccer@s.s@1261397@s.s@Corner Total Aggregated@s.s@0@s.s@["0-8","9-11","12+"]
1619@s.s@Soccer@s.s@1261405@s.s@First Team Card@s.s@0@s.s@["1","2","None"]
1619@s.s@Soccer@s.s@1261382@s.s@Corner Matchbet@s.s@0@s.s@["1","X","2"]
1619@s.s@Soccer@s.s@1261395@s.s@Number of Corners - Away team@s.s@0@s.s@["0-2","3-4","5-6","7+"]
1619@s.s@Soccer@s.s@1261404@s.s@Total Away Cards@s.s@0@s.s@["0-1","3","2","4+"]
1619@s.s@Soccer@s.s@1261394@s.s@1st half - Last Corner@s.s@0@s.s@["1","2","None"]
1619@s.s@Soccer@s.s@1261409@s.s@1st half -  Exact Match Cards@s.s@0@s.s@["0","1","2","3","4","5","6+"]
1619@s.s@Soccer@s.s@1261410@s.s@Player Sent Off@s.s@0@s.s@["Yes","No"]
1619@s.s@Soccer@s.s@1261393@s.s@Last Corner@s.s@0@s.s@["1","2","None"]
1619@s.s@Soccer@s.s@1261384@s.s@Corner Handicap@s.s@0@s.s@["2","1","1","2","2","1"]
1619@s.s@Soccer@s.s@1261407@s.s@1st half -  Match Cards@s.s@0@s.s@["1","X","2"]
1619@s.s@Soccer@s.s@1261401@s.s@Total Match Cards@s.s@0@s.s@["Over","Under","Over","Under","Over","Under","Over","Under","Over","Under"]
1619@s.s@Soccer@s.s@1261406@s.s@1st half - 1st. Team Card@s.s@0@s.s@["1","2","None"]
1619@s.s@Soccer@s.s@1261396@s.s@1st half - Number of corners - Away team@s.s@0@s.s@["0-1","2","3","4+"]
1619@s.s@Soccer@s.s@1379258@s.s@Match Card Points@s.s@0@s.s@["0-30","31-45","46-60","61-75","76+"]
1619@s.s@Soccer@s.s@1379259@s.s@1st Half - Match Card Points@s.s@0@s.s@["0-10","11-25","26-40","41+"]
1619@s.s@Soccer@s.s@1261385@s.s@1st half - Total Corners@s.s@0@s.s@["Over","Under","Over","Under","Over","Under"]
1619@s.s@Soccer@s.s@1261403@s.s@Total Home Cards@s.s@0@s.s@["0-1","3","2","4+"]
1619@s.s@Soccer@s.s@1261392@s.s@1st half - Number of corners - Home team@s.s@0@s.s@["0-1","2","3","4+"]
1619@s.s@Soccer@s.s@1379256@s.s@Total Match Card Points@s.s@0@s.s@["Over","Under","Over","Under","Over","Under","Over","Under","Over","Under"]
1619@s.s@Soccer@s.s@1261391@s.s@Number of Corners - Home team@s.s@0@s.s@["0-2","3-4","5-6","7+"]
1619@s.s@Soccer@s.s@1261390@s.s@1st half - 1st. Corner@s.s@0@s.s@["1","2","None"]
1619@s.s@Soccer@s.s@1261389@s.s@First Corner@s.s@0@s.s@["1","2","None"]
1619@s.s@Soccer@s.s@1261388@s.s@1st half - Odd / Even Corner@s.s@0@s.s@["Odd","Even"]
1619@s.s@Soccer@s.s@1261387@s.s@1st half - Who will win the corners ( 1-X-2 )@s.s@0@s.s@["1","X","2"]
1619@s.s@Soccer@s.s@1261386@s.s@1st half - Corner Handicap@s.s@0@s.s@["2","1","1","2","2","1"]
1619@s.s@Soccer@s.s@1261402@s.s@1st half – Total Match Cards@s.s@0@s.s@["Over","Under","Over","Under","Over","Under","Over","Under"]
1619@s.s@Soccer@s.s@1379261@s.s@Total de tarjetas equipo visitante (Segunda mitad)@s.s@0@s.s@["0","1","2","3+"]
1619@s.s@Soccer@s.s@1261413@s.s@Player sent off - Away team@s.s@0@s.s@["Yes","No"]
1619@s.s@Soccer@s.s@1261412@s.s@Player sent off - Home team@s.s@0@s.s@["Yes","No"]
1619@s.s@Soccer@s.s@1379260@s.s@Total de tarjetas equipo local (Primera mitad)@s.s@0@s.s@["0","1","2","3+"]
1619@s.s@Soccer@s.s@1260823@s.s@Homewin Nil@s.s@0@s.s@["Yes","No"]
1619@s.s@Soccer@s.s@1260829@s.s@First 10 Minutes@s.s@0@s.s@["1","X","2"]
1619@s.s@Soccer@s.s@1260825@s.s@Odd / Even - Home team@s.s@0@s.s@["Even","Odd"]
1619@s.s@Soccer@s.s@1260826@s.s@Odd / Even – Away team@s.s@0@s.s@["Even","Odd"]
1619@s.s@Soccer@s.s@1260827@s.s@First Goal (Interval 10 Min)@s.s@0@s.s@["None","1-10","11-20","21-30","31-40","41-50","51-60","61-70","71-80","81-90"]
1619@s.s@Soccer@s.s@1260828@s.s@1st. Goal - ( Interval 15 Min )@s.s@0@s.s@["None","1-15","16-30","31-45","46-60","61-75","76-90"]
1619@s.s@Soccer@s.s@1260824@s.s@Awaywin Nil@s.s@0@s.s@["Yes","No"]
1621@s.s@ESport Dota@s.s@1254793@s.s@ Correct Set Score (Best Of 3)@s.s@0@s.s@["2:0","0:2","2:1","1:2"]
1621@s.s@ESport Dota@s.s@1254790@s.s@ First Map Winner@s.s@0@s.s@["1","2"]
1621@s.s@ESport Dota@s.s@1254789@s.s@ Winner@s.s@0@s.s@["1","2"]
1621@s.s@ESport Dota@s.s@1254791@s.s@ Second Map Winner@s.s@0@s.s@["1","2"]
1621@s.s@ESport Dota@s.s@1254792@s.s@ Asian Handicap@s.s@0@s.s@["2","1"]
1622@s.s@ESport Counter-Strike@s.s@1257230@s.s@ Second Map Winner@s.s@0@s.s@["1","2"]
1622@s.s@ESport Counter-Strike@s.s@1257229@s.s@ First Map Winner@s.s@0@s.s@["1","2"]
1622@s.s@ESport Counter-Strike@s.s@1257231@s.s@ Asian Handicap@s.s@0@s.s@["2","1"]
1622@s.s@ESport Counter-Strike@s.s@1257232@s.s@ Correct Set Score (Best Of 3)@s.s@0@s.s@["2:0","0:2","2:1","1:2"]
1622@s.s@ESport Counter-Strike@s.s@1255095@s.s@2-way@s.s@0@s.s@["1","2"]
1624@s.s@Ice Hockey@s.s@1256704@s.s@1X2@s.s@1@s.s@["1","X","2"]
1624@s.s@Ice Hockey@s.s@1256705@s.s@Ganador (1-X-2)@s.s@1@s.s@["1","2","X"]
1626@s.s@Hockey sobre hielo@s.s@86614481@s.s@Totals @s.s@0@s.s@["Over","Under"]
1626@s.s@Hockey sobre hielo@s.s@86614480@s.s@Total@s.s@0@s.s@["Over","Under"]
1626@s.s@Hockey sobre hielo@s.s@1260830@s.s@1X2@s.s@1@s.s@["1","X","2"]
1626@s.s@Hockey sobre hielo@s.s@1260831@s.s@Ganador (1-X-2)@s.s@1@s.s@["1","2","X"]
1637@s.s@Snooker@s.s@23089191@s.s@Winner@s.s@0@s.s@["1","2"]
1637@s.s@Snooker@s.s@23089192@s.s@Asian Handicap@s.s@0@s.s@["2","1","1","2","1","2"]
1637@s.s@Snooker@s.s@23089193@s.s@Totals@s.s@0@s.s@["Over","Under","Over","Under","Over","Under"]
1822@s.s@Voleibol@s.s@10735886@s.s@Winner@s.s@0@s.s@["1","2"]
1822@s.s@Voleibol@s.s@22050922@s.s@Who wins first set@s.s@0@s.s@["1","2"]
1822@s.s@Voleibol@s.s@22050925@s.s@Who Wins 4th Set?@s.s@0@s.s@["1","2"]
1822@s.s@Voleibol@s.s@22050924@s.s@Who Wins Third Set@s.s@0@s.s@["1","2"]
1822@s.s@Voleibol@s.s@22050927@s.s@1st Set - Total@s.s@0@s.s@["Over","Under","Over","Under","Over","Under"]
1822@s.s@Voleibol@s.s@22050926@s.s@Who Wins 5th Set?@s.s@0@s.s@["1","2"]
1822@s.s@Voleibol@s.s@22050923@s.s@Who wins second set@s.s@0@s.s@["1","2"]
1822@s.s@Voleibol@s.s@22050920@s.s@Asian Handicap@s.s@0@s.s@["1","2"]
1822@s.s@Voleibol@s.s@22050921@s.s@How many sets will exceed score limit?@s.s@0@s.s@["0 Set","1 Set","2 Set","3 Set","4 Set","5 Set"]
1822@s.s@Voleibol@s.s@22050917@s.s@Correct Set Score@s.s@0@s.s@["3:0","3:1","3:2","2:3","1:3","0:3"]
1822@s.s@Voleibol@s.s@22050930@s.s@Will be the 4th Set played ?@s.s@0@s.s@["Yes","No"]
1822@s.s@Voleibol@s.s@22050931@s.s@Will be the 5th Set played ?@s.s@0@s.s@["Yes","No"]
1822@s.s@Voleibol@s.s@22050918@s.s@Total Number Of Sets (Best Of 5)@s.s@0@s.s@["3 Set","4 Set","5 Set"]
1822@s.s@Voleibol@s.s@22050919@s.s@Total@s.s@0@s.s@["Under","Over"]
1822@s.s@Voleibol@s.s@22050929@s.s@1st Set - Odd/even@s.s@0@s.s@["Even","Odd"]
1822@s.s@Voleibol@s.s@22050928@s.s@1st Set - Handicap@s.s@0@s.s@["2","1","2","1","2","1"]
1823@s.s@Fútbol sala@s.s@10881872@s.s@1X2@s.s@0@s.s@["1","X","2"]
1823@s.s@Fútbol sala@s.s@10881873@s.s@Over/Under@s.s@0@s.s@["Over","Under"]
1854@s.s@Beach Volley@s.s@16561742@s.s@1st Set Handicap@s.s@0@s.s@["2","1","2","1","2","1"]
1854@s.s@Beach Volley@s.s@16597956@s.s@Total@s.s@0@s.s@["Over","Under"]
1854@s.s@Beach Volley@s.s@16561743@s.s@1st Set Total@s.s@0@s.s@["Over","Under","Over","Under","Over","Under"]
1854@s.s@Beach Volley@s.s@16561738@s.s@Winner@s.s@0@s.s@["1","2"]
1854@s.s@Beach Volley@s.s@16561741@s.s@1st Set Winner@s.s@0@s.s@["1","2"]
1854@s.s@Beach Volley@s.s@16561739@s.s@Asian Handicap@s.s@0@s.s@["2","1"]
1854@s.s@Beach Volley@s.s@16561740@s.s@Correct Set Score@s.s@0@s.s@["2:0","0:2","2:1","1:2"]
4195@s.s@Speedway@s.s@102376236@s.s@Sport[1033].OddType[3]@s.s@0@s.s@["1","X","2"]
