Football;0
Politics;0
eSports Tennis;0
eSports Rugby;0
Formula 1;0
eSports Basketball;0
Basketball;0
UFC;0
TV-Games;0
American Football;0
Badminton;0
Boxing;0
Handball;0
Bicycle Racing;0
Motorsport;0
Mega Baseball;0
Tennis;0
Table Tennis;0
Baseball;0
eSports Taekwondo;0
FIFA;0
eSports Golf;0
eSports Baseball;0
eSports Martial Arts;0
Cricket;0
eSports Ice Hockey;0
Street Fighter;0
The King of Fighters;0
eSports Floorball;1
Rocket League;0
Darts;0
Volleyball;0
Golf;0
eSports Wrestling ;0
Esports;0
Ice Hockey;0
Counter Strike;0
Greyhound AntePost;1
Beach Volleyball;1
Marble Curling;1
Nordic combined;1
Beach Soccer;1
Ball Hockey;1
Eurovision;0
Motorbikes;0
Special Bets;0
Teqball;1
Marble Waves;1
Dota;0
Brawlout;1
Marble Billiards;1
Marble Shooting;1
Marble Golf;1
Squash;1
eSports Volleyball;0
PES;0
League Of Legends;0
eSports Handball;0
eSports Lacrosse;1
Injustice;1
Blade and Soul;1
Bandy;1
eSports American Football;0
eSports Mini Ice Hockey;0
eSports Cricket;0
Rugby;0
Live Darts;0
Athletics;0
Martial Arts;0
Floorball;1
Worms;1
Mortal Kombat;1
BattleField;1
Tekken;1
TwentyOne;1
Heroes;1
Durak;1
eSports Pool;1
Playgrounds;1
LaserLeague;1
eSports Poker;1
CrossOut;1
eSports Footvolley;1
Pixel Cup Soccer;1
Killer Instinct;1
Table Football Pro;1
Sociable Soccer;1
eSports Table Football;1
eSports Australian Rules;1
Assault Squad;1
Jump force;1
Card football;1
Marble Football;1
Sekiro;1
Bomberman;1
Rumble Stars;1
TABS;1
Robot Champions;1
Boxing Champs;1
Baccarat;1
Kopanito Soccer;1
Marble Fidget Spinners;1
Raid: Shadow Legends;1
StarCraft;1
Dead Or Alive;1
Sailing;1
Biathlon;1
Skiing;1
Gaelic Football;1
Hurling;1
Speedway;1
Billiards;1
Netball;1
Poker;1
Water Polo;1
Alpine Skiing;1
Olympiad;1
Ski Jumping;1
Surfing;1
Australian Rules;1
World of tanks;1
SpykeBots;1
Chess;1
Snooker;1
Futsal;0
Special bets;0
eSports Bicycle Racing;0
