7;Soccer;8605;Guatemala - Liga Nacional;0
7;Soccer;8606;Northern Ireland - Premier;0
7;Soccer;8607;Swiss - Challenge League;0
7;Soccer;8608;Portugal - Segunda Liga;0
7;Soccer;8609;Bolivia - Premiera;0
7;Soccer;8611;Scotland Challenge Cup;0
7;Soccer;8612;Slovakia - Fortuna Liga;0
7;Soccer;8613;Ireland - Premier;0
7;Soccer;8614;Hungary - NB I;0
7;Soccer;8615;England - Southern South League;0
7;Soccer;8618;Portugal - Campeonato Nacional;0
7;Soccer;8575;Russian Cup;0
7;Soccer;8603;Copa Sudamericana;0
7;Soccer;3213;French League Cup;0
7;Soccer;35493;Uganda - Super League Women;0
7;Soccer;8568;Copa America;0
7;Soccer;13232;Italy - Serie A Women;0
7;Soccer;8581;Turkey - 1. Lig;0
7;Soccer;13231;Greece - Super League Women;0
7;Soccer;234096;FIFA Esports GT G-26 League [12 mins play];0
7;Soccer;15236;England - Isthmian Div 1 North;0
7;Soccer;8617;Brazil - Pernambucano;0
7;Soccer;8610;Costa Rica - Primera Div;0
7;Soccer;8589;Mexico Cup;0
7;Soccer;201098;FIFA Esports Live Arena [10 mins play];0
7;Soccer;11423;India - Mumbai Elite League;0
7;Soccer;11422;India - I-League 2nd Division;0
7;Soccer;11421;Uruguay - Reserves;0
7;Soccer;11420;Mexico - Primera Div Women;0
7;Soccer;11419;Malta - 1st Division;0
7;Soccer;11418;South Africa - National;0
7;Soccer;11417;Egypt - 2nd Division;0
7;Soccer;11416;Bahrain - 2nd Div;0
7;Soccer;11415;Argentina - Primera A Women;0
7;Soccer;11414;Belgium - Reserve Pro League;0
7;Soccer;11413;Argentina - Primera C;0
7;Soccer;11412;Argentina - Nacional B;0
7;Soccer;8619;Morocco - Botola;0
7;Soccer;8620;Northern Ireland League Cup;0
7;Soccer;8622;Brazil - Goiano;0
7;Soccer;8623;Brazil - Paulista A2;0
7;Soccer;8624;Brazil - Paulista A3;0
7;Soccer;8625;Brazil - Brasileiro Women;0
7;Soccer;8626;Brazil - Potiguar;0
7;Soccer;8627;AFC Cup Qualifying;0
7;Soccer;8628;Australia - NPL Victoria;0
7;Soccer;199637;Faroe Islands - 1. deild;0
7;Soccer;11312;AFC Champions League;0
7;Soccer;35893;Belarus - Reserves;0
7;Soccer;8629;Bahrain - Premier League;0
7;Soccer;8630;Brazil - Mineiro;0
7;Soccer;8631;Italy Serie D Cup;0
7;Soccer;8632;Kuwait - Premier League;0
7;Soccer;11335;Scotland - Reserve League;0
7;Soccer;11334;Qatar - U23 League;0
7;Soccer;11333;Netherlands - Reserve League;0
7;Soccer;11332;Egypt Cup;0
7;Soccer;11327;Montenegro - Prva Liga;0
7;Soccer;11326;Algeria - 1st Div;0
7;Soccer;11325;England - National North;0
7;Soccer;15334;Bosnia Cup;0
7;Soccer;16935;Jamaica - Super League;0
7;Soccer;11316;Malta - Premier League;0
7;Soccer;8633;Nigeria - Premier League;0
7;Soccer;11314;England - National South;0
7;Soccer;8634;Spain Cup Women;0
7;Soccer;8583;Portugal Cup;0
7;Soccer;11306;English FA Cup Women;0
7;Soccer;8635;Finland - Veikkausliiga;0
7;Soccer;15358;Belarus Super Cup;0
7;Soccer;8636;Germany - Region North East;0
7;Soccer;11300;Romania Cup;0
7;Soccer;13230;Portugal - 1st Div Women;0
7;Soccer;8637;Brazil - Brasiliense;0
7;Soccer;8638;Brazil - Piauiense;0
7;Soccer;15379;English Herts Senior Cup;0
7;Soccer;16795;Kazakhstan - PFL;0
7;Soccer;198867;Taiwan - Premier League;0
7;Soccer;36149;Uganda - FBL;0
7;Soccer;16644;Czech Republic - CFL;0
7;Soccer;15388;Czech Republic - NFL;0
7;Soccer;1794;Poland Cup;0
7;Soccer;1844;English FA Trophy;0
7;Soccer;8639;Albania Cup;0
7;Soccer;16235;Australia - Brisbane Premier League Women;0
7;Soccer;16233;Australia - Gold Coast Premier League;0
7;Soccer;37967;Friendly;0
7;Soccer;16231;Austria - Regional Mid;0
7;Soccer;36492;FIFA Esports Quaran-Team 2020;0
7;Soccer;16223;Myanmar - National League 2;0
7;Soccer;16220;UEFA Nations League;0
7;Soccer;16212;Australia - Brisbane Capital League 1;0
7;Soccer;198059;Faroe Islands - Betrideildin;0
7;Soccer;16201;Romania - Liga 3;0
7;Soccer;10938;Paraguay - Primera Div;0
7;Soccer;10688;Netherlands - Eredivisie Women ;0
7;Soccer;10687;Mexico - Ascenso Liga;0
7;Soccer;234035;FIFA Esports Battle Champions League [8 mins play];0
7;Soccer;16188;USA - USL Championship;0
7;Soccer;16180;Lithuania - A Lyga;0
7;Soccer;16172;Slovenia - 2.SNL;0
7;Soccer;16171;Australia - Brisbane Premier League Reserves;0
7;Soccer;16161;Australia - Brisbane Premier League;0
7;Soccer;15473;Cameroon - Elite Two;0
7;Soccer;10684;Palestine - West Bank Premier League;0
7;Soccer;13229;Brazil - Sul-Matogrossense;0
7;Soccer;10685;Brazil Nordeste Cup;0
7;Soccer;10686;Germany - 1.Bundesliga Women;0
7;Soccer;16152;Vietnam - V League;0
7;Soccer;10689;UAE - Premier League;0
7;Soccer;10691;Thailand - Thai League 1;0
7;Soccer;10692;England - Professional Development;0
7;Soccer;10694;Israel - Liga Alef;0
7;Soccer;10607;Scottish FA Cup;0
7;Soccer;15540;England - Isthmian Div 1 South;0
7;Soccer;13435;Barbados - Premier Division;0
7;Soccer;14252;Australia - NPL New South Wales;0
7;Soccer;10608;Finnish Cup;0
7;Soccer;192879;Turkmenistan - Yokary Liga;0
7;Soccer;10086;English Northern League Challenge Cup;0
7;Soccer;192880;Korea - K-League 2;0
7;Soccer;192881;Croatia Cup;0
7;Soccer;10087;Iceland League Cup;0
7;Soccer;10088;Northern Ireland - Development League;0
7;Soccer;38047;FIFA Esports La Liga Challenge [18 mins play];0
7;Soccer;38018;FIFA 2020 La Liga Challenge [18 mins play];0
7;Soccer;38001;FIFA Esports Quaran-Team 2020 [12 mins play];0
7;Soccer;13462;Austrian OFB Cup;0
7;Soccer;8640;Argentina - Primera D;0
7;Soccer;8641;Jamaica - Premier League;0
7;Soccer;197399;Belarus - 1st Div;0
7;Soccer;15569;Sweden - Superettan;0
7;Soccer;10690;Peru - Primera;0
7;Soccer;10693;Chile - Primera League;0
7;Soccer;16093;Denmark - 2nd Div Group 2;0
7;Soccer;10870;England - Northern League;0
7;Soccer;10871;Greece - Super League 2;0
7;Soccer;10872;England - Premier League 2;0
7;Soccer;10873;Germany - Oberliga Hamburg;0
7;Soccer;10874;Germany - Oberliga Westfalen;0
7;Soccer;10875;Ghana - Premier League;0
7;Soccer;1806;Belgium - First Division A;0
7;Soccer;13206;Venezuela - Segunda;0
7;Soccer;13501;Denmark - Reserves League;0
7;Soccer;10876;Italy - Lega Pro Group A;0
7;Soccer;10877;Italy - Lega Pro Group B;0
7;Soccer;10879;Italy - Lega Pro Group C;0
7;Soccer;16060;Czech Republic - MSFL;0
7;Soccer;10880;CAF Super Cup;0
7;Soccer;16052;Transfer Specials;0
7;Soccer;15929;Denmark - 2nd Div Group 1;0
7;Soccer;15928;Ireland - Munster Senior League;0
7;Soccer;15927;Australia - South Premier League Women;0
7;Soccer;15926;Euro 2021 Women Qualifying;0
7;Soccer;15925;Saudi Arabia - Youth League;0
7;Soccer;15924;Jordan - Premier;0
7;Soccer;8643;Germany Berlin Cup;0
7;Soccer;8642;Olympic Qualifier Women;0
7;Soccer;15635;Germany - Region Bavaria;0
7;Soccer;196675;Taiwan - Mulan League Women;0
7;Soccer;10878;Japan - J-League 1 ;0
7;Soccer;37365;Bhutan - Super League;0
7;Soccer;37382;Malawi - Super League;0
7;Soccer;11075;Australia - NPL Queensland;0
7;Soccer;237551;Burundi Cup;0
7;Soccer;37383;Aruba - Division di Honor;0
7;Soccer;8644;Germany - Region West;0
7;Soccer;1804;Norway - Eliteserien;0
7;Soccer;15656;North Macedonia Cup;0
7;Soccer;6029;Colombia - Primera B;0
7;Soccer;8646;Manager Specials;0
7;Soccer;14267;Uzbekistan - Super League;0
7;Soccer;11043;Oman - Premier League;0
7;Soccer;15668;Estonia - Esiliiga;0
7;Soccer;11044;Israel - Liga Bet;0
7;Soccer;265445;Kosovo Cup;0
7;Soccer;8567;Czech Republic Cup;0
7;Soccer;1803;Netherlands - Eredivisie;0
7;Soccer;8569;Ukraine - Premier League;0
7;Soccer;37790;Saint Kitts and Nevis - Premier League;0
7;Soccer;15691;Ireland - Leinster Senior League;0
7;Soccer;1801;Poland - Ekstraklasa;0
7;Soccer;14273;Estonia Super Cup;0
7;Soccer;1827;Scotland - League Two;0
7;Soccer;15700;Germany Niederrhein Cup;0
7;Soccer;10309;Guatemala - Primera Nacional de Ascenso;0
7;Soccer;1823;England - League One;0
7;Soccer;1800;Romania - Liga 1;0
7;Soccer;1828;Greece - Super League;0
7;Soccer;10310;Trinidad and Tobago - Pro League;0
7;Soccer;8570;Sweden - Allsvenskan;0
7;Soccer;14286;Kosovo - Superleague;0
7;Soccer;13411;Brazil - Amazonense;0
7;Soccer;10311;Brazil - Cearense;0
7;Soccer;8645;Brazil - Paulista;0
7;Soccer;10312;Algeria Cup;0
7;Soccer;10313;Wales - Premier;0
7;Soccer;13564;Belgium Reserve Pro League Cup;0
7;Soccer;8621;Brazil - Alagoano;0
7;Soccer;10762;Bangladesh - Premier League;0
7;Soccer;1832;Israel - Premier League;0
7;Soccer;10920;Liverpool F. C. Specials;0
7;Soccer;13596;Northern Ireland - Championship;0
7;Soccer;15733;Estonia - Meistriliiga;0
7;Soccer;15734;Slovakia - 2nd Div;0
7;Soccer;2642;AFC Champions League Qualifying;0
7;Soccer;1799;Czech Republic - First League;0
7;Soccer;1856;Denmark - 1st Div;0
7;Soccer;1798;Denmark - Superligaen;0
7;Soccer;1797;Europa League;0
7;Soccer;1796;Greece Cup;0
7;Soccer;1853;English Football League Cup;0
7;Soccer;1795;Champions League;0
7;Soccer;1793;Russia - Premier Liga;0
7;Soccer;1791;Euro 2020;0
7;Soccer;45625;Tajikistan - Premier;0
7;Soccer;13109;New Zealand - Premier;0
7;Soccer;13108;France - National 2;0
7;Soccer;1851;Spain - Tercera League;0
7;Soccer;45626;Tajikistan Super Cup;0
7;Soccer;45627;Taiwan - University League;0
7;Soccer;219913;AFC Asian Cup;0
7;Soccer;45629;Taiwan - University League Women;0
7;Soccer;13051;Chile - Primera B;0
7;Soccer;1822;Turkey - Super Ligi;0
7;Soccer;14324;Germany - Oberliga Mittelrhein;0
7;Soccer;1847;English FA Cup;0
7;Soccer;14330;Scotland - Lowland League;0
7;Soccer;13052;South Africa Cup;0
7;Soccer;13050;Friendly Intl Women ;0
7;Soccer;14341;Germany - Oberliga Rheinland-Pfalz/Saar;0
7;Soccer;14344;Uganda - Premier League;0
7;Soccer;1846;Friendly International;0
7;Soccer;13684;Wales - Championship South;0
7;Soccer;1835;Spain - Segunda B G1;0
7;Soccer;45819;FIFA Esports Bundesliga Challenge [12 mins play];0
7;Soccer;1843;Spain - Segunda B G3;0
7;Soccer;1842;Spain - Segunda B G2;0
7;Soccer;1840;Spain - Segunda B G4;0
7;Soccer;1824;England - League Two;0
7;Soccer;45814;FIFA Esports Russia Premier League [10 mins play];0
7;Soccer;45813;FIFA Esports Elite Club Friendly [16 mins play];0
7;Soccer;28229;Australia Victoria Community Shield Women;1
7;Soccer;12982;South Africa - Reserve League;0
7;Soccer;12980;Australia - Queensland Premier League Women;0
7;Soccer;12916;Brazil - Gaucho;0
7;Soccer;12975;Argentina - Metropolitana B;0
7;Soccer;12974;Germany - Oberliga Niedersachsen;0
7;Soccer;12973;Germany - Oberliga Hessen;0
7;Soccer;12972;Australia FFA Cup Qualifying;0
7;Soccer;12971;North Macedonia - Prva Liga;0
7;Soccer;12970;Germany - Oberliga Schleswig-Holstein;0
7;Soccer;13327;Austria Vienna TOTO Cup;0
7;Soccer;13328;Germany - 2.Bundesliga Women;0
7;Soccer;14154;CAF Champions League;0
7;Soccer;1775;Euro 2020 Qualifying;0
7;Soccer;1821;Mexico - Primera Div;0
7;Soccer;14153;Armenia - Premier;0
7;Soccer;12936;Luxembourg - Fortis;0
7;Soccer;12917;Netherlands - Tweede Divisie;0
7;Soccer;12915;Hungary - NB II;0
7;Soccer;12914;Cambodia - Premier League;0
7;Soccer;12890;Mexico - Segunda Division;0
7;Soccer;12889;Greece - Football League;0
7;Soccer;12888;Kenya - Premier League;0
7;Soccer;12887;France - Ligue 1 Women;0
7;Soccer;12854;Australia - South Premier League Reserves;0
7;Soccer;12831;Korea - K-League 1;0
7;Soccer;12785;Argentina - Torneo Federal A;0
7;Soccer;222795;Vietnam Cup;0
7;Soccer;12736;English Premier League 2 Cup;0
7;Soccer;12735;Scotland League Cup Women;0
7;Soccer;222958;Belarus - 2nd Div;0
7;Soccer;14453;Malaysia - Premier League;0
7;Soccer;14454;Indonesia - League 1;0
7;Soccer;14455;Kazakhstan Super Cup;0
7;Soccer;27356;Brazil - Amapaense;0
7;Soccer;12661;Scotland - Premier League Women;0
7;Soccer;12660;Bosnia - Premier;0
7;Soccer;12659;UAE Cup;0
7;Soccer;12658;Germany - Oberliga NOFV Sud;0
7;Soccer;12657;Cyprus - 2nd Div;0
7;Soccer;14476;Tunisia Cup;0
7;Soccer;12656;Jordan Shield Cup;0
7;Soccer;12655;Bulgaria - Second League;0
7;Soccer;14481;Brazil - Paraense;0
7;Soccer;12654;El Salvador - Primera;0
7;Soccer;14486;Kenya - Super League;0
7;Soccer;1862;World Cup 2022;0
7;Soccer;14507;Romania Cup Women;0
7;Soccer;14511;Brazil - Catarinense;0
7;Soccer;12606;Slovenia - 1.SNL;0
7;Soccer;12605;Azerbaijan - Premier;0
7;Soccer;12604;Venezuela - Primera;0
7;Soccer;27365;Argentina Superliga Cup;0
7;Soccer;12603;Germany - Oberliga Bremen;0
7;Soccer;14152;Wales Cup;0
7;Soccer;14546;Georgia - Erovnuli League;0
7;Soccer;14151;Northern Ireland Cup;0
7;Soccer;223884;Burundi - League B Nationale;0
7;Soccer;12566;Australia - Queensland Premier League;0
7;Soccer;12565;Ukraine - U21 Champ;0
7;Soccer;12564;Azerbaijan - 1st Division;0
7;Soccer;12563;Albania - Super League;0
7;Soccer;14150;Belgian Cup;0
7;Soccer;14597;Serbia - First League;0
7;Soccer;14602;Poland - Ekstraklasa Women;0
7;Soccer;12562;Australia - South State League;0
7;Soccer;12561;Thailand - Thai League 2;0
7;Soccer;14485;Singapore - Premier League;0
7;Soccer;14205;Germany - Oberliga Baden-Wurttemberg;0
7;Soccer;14620;England League Cup Women;0
7;Soccer;13357;Iceland League Cup Women;0
7;Soccer;14634;Austria - Landesliga;0
7;Soccer;14645;Lithuania Super Cup;0
7;Soccer;1859;Spain Cup;0
7;Soccer;14651;Ecuador - Primera B;0
7;Soccer;12509;Brazil - Paranaense;0
7;Soccer;13380;Georgia Super Cup;0
7;Soccer;1112;Spain Super Cup;0
7;Soccer;10123;Poland - 1st Div;0
7;Soccer;10124;Germany - Region South West;0
7;Soccer;10125;Iran - Persian Gulf League;0
7;Soccer;1113;Scotland - Championship;0
7;Soccer;41821;England Premier League Specials;0
7;Soccer;14689;USA - NPSL;0
7;Soccer;1114;Germany - 1.Bundesliga;0
7;Soccer;2222;Argentina - Superliga;0
7;Soccer;24161;Germany Hessen Cup;0
7;Soccer;24150;English Lancashire Challenge Trophy;0
7;Soccer;14713;Brazil - Gaucho 2;0
7;Soccer;14720;Brazil - Tocantinense;0
7;Soccer;28998;Burundi - Premier League;0
7;Soccer;28326;Argentina Superliga Cup Reserves;0
7;Soccer;14726;CAF Confederations Cup;0
7;Soccer;24096;Qatar Emir Cup;0
7;Soccer;29670;Hungary - NB I Women;0
7;Soccer;29786;Kenya Cup;0
7;Soccer;8571;Austria - 2nd Div;0
7;Soccer;12430;Panama - LFP;0
7;Soccer;30078;Brazil - Brasileiro A2 Women;0
7;Soccer;2235;Norway - 1st Division;0
7;Soccer;14765;Brazil - Baiano;0
7;Soccer;23374;England - Northern League Div 1;0
7;Soccer;30798;Argentina - Torneo Regional Federal Amateur;0
7;Soccer;30799;Haiti - Division 1;0
7;Soccer;28211;Australia - NPL Western Australia;0
7;Soccer;31082;Saudi Arabia Cup;0
7;Soccer;22865;Armenia Cup;0
7;Soccer;22848;Premier League International Cup U23;0
7;Soccer;31264;Arab Club Champions Cup;0
7;Soccer;31384;Australia - Northern NSW State League 1;0
7;Soccer;12393;England - National League Women;0
7;Soccer;31502;Mexico - Liga Premier;0
7;Soccer;31607;Gambia - GFA League;0
7;Soccer;31608;Guatemala - Liga Nacional Women;0
7;Soccer;12392;Germany - Oberliga NOFV Nord;0
7;Soccer;12391;Israel - Ligat Al Women;0
7;Soccer;13381;England - Championship Women;0
7;Soccer;14712;Nicaragua - Primera Div;0
7;Soccer;12390;Myanmar - National League;0
7;Soccer;12389;Belgium - Super League Women;0
7;Soccer;12388;UAE - 1st Division;0
7;Soccer;12387;Portugal - Champ U23;0
7;Soccer;14788;Vietnam Super Cup;0
7;Soccer;31998;Indonesia - League 2;0
7;Soccer;12386;Kuwait Emir Cup;0
7;Soccer;12385;Croatia - 2.HNL;0
7;Soccer;12384;Bahrain Cup;0
7;Soccer;32198;Angola - Girabola;0
7;Soccer;12383;Serbia - Superliga;0
7;Soccer;12382;Australia - NPL Southern Australia;0
7;Soccer;32783;Ivory Coast Cup;0
7;Soccer;12381;Poland Cup Women;0
7;Soccer;12380;Brazil - Acreano;0
7;Soccer;12379;Brazil - Maranhense;0
7;Soccer;12378;Egypt Super Cup;0
7;Soccer;33907;Hong Kong FA Cup;0
7;Soccer;22597;English Lincolnshire Senior Cup;0
7;Soccer;13382;Morocco - Botola 2;0
7;Soccer;40771;Russian League 7x7 [50 mins play];0
7;Soccer;14827;Bulgaria Cup;0
7;Soccer;33866;Australia FFA Cup;0
7;Soccer;14224;Malaysia - Super League;0
7;Soccer;1826;Scotland - League One;0
7;Soccer;14838;Turkey - Bayanlar Ligi Women;0
7;Soccer;10568;Qatar Stars Cup;0
7;Soccer;34004;Tunisia - Ligue 3;0
7;Soccer;13410;Ivory Coast - 1st Div;0
7;Soccer;1817;Scotland - Premiership;0
7;Soccer;2615;Copa Libertadores;0
7;Soccer;8616;Brazil - Carioca;0
7;Soccer;22507;Russia - 2nd Div;0
7;Soccer;14864;Belgium - First Amateur Division;0
7;Soccer;14866;Malta Cup;0
7;Soccer;2645;South Africa - Premier;0
7;Soccer;14869;Brazil - Matogrossense;0
7;Soccer;10491;Brazil - Capixaba;0
7;Soccer;1816;England - Championship;0
7;Soccer;14882;Spain - Segunda Women;0
7;Soccer;10490;Argentina Cup;0
7;Soccer;22363;Friendly Intl U23 Women;0
7;Soccer;22296;Estonia Cup;0
7;Soccer;21980;Ukraine Cup;0
7;Soccer;21703;Serbia Cup;0
7;Soccer;2826;French Cup;0
7;Soccer;259845;Montenegro - Third League;0
7;Soccer;39989;Russian League 8x8 [50 mins play];0
7;Soccer;20672;Belarus Cup;0
7;Soccer;253345;Estonia - Meistriliiga Women;0
7;Soccer;205905;Belarus - Premier Women;0
7;Soccer;20551;Brazil - Mineiro 2;0
7;Soccer;20550;Hungary - NB III;0
7;Soccer;228312;Korea - K-League 3;0
7;Soccer;10418;Egypt - Premier;0
7;Soccer;10419;Israel - Leumit League;0
7;Soccer;10420;Honduras - Liga Nacional;0
7;Soccer;10421;England - Southern Central League;0
7;Soccer;1121;France - Ligue 1;0
7;Soccer;1123;Germany - 2.Bundesliga;0
7;Soccer;11966;Argentina - Reserve League;0
7;Soccer;10937;Ecuador - Primera A;0
7;Soccer;11965;Costa Rica - Liga de Ascenso;0
7;Soccer;20054;Estonia - Esiliiga B;0
7;Soccer;3968;Copa Libertadores Qualifying;0
7;Soccer;11943;Romania - Liga 2;0
7;Soccer;11964;Germany Hamburg Cup;0
7;Soccer;11963;Brazil - Paraibano;0
7;Soccer;11962;Zambia - Super League;0
7;Soccer;11961;Panama - Reserves;0
7;Soccer;11960;Tanzania - Premier League;0
7;Soccer;39788;Belarus Amateur Cup 8x8 [50 mins Play];0
7;Soccer;11959;Gibraltar - National League;0
7;Soccer;11958;Australia - Westfield Premier League Women;0
7;Soccer;1813;England - Premier League;0
7;Soccer;39772;Belarus Amateur Cup [50 mins Play];0
7;Soccer;11957;Qatar - Stars League;0
7;Soccer;3962;Colombia - Primera;0
7;Soccer;11956;Qatar - Second League;0
7;Soccer;11955;Turkey - 3rd Div;0
7;Soccer;266208;Germany Cup Women;0
7;Soccer;1126;Italy - Serie A;0
7;Soccer;1128;Spain - La Liga;0
7;Soccer;8572;Denmark Cup;0
7;Soccer;11944;Tunisia - Ligue 1;0
7;Soccer;11942;Spain - Superliga Women;0
7;Soccer;11938;Uruguay - Primera Div;0
7;Soccer;11937;Germany - Oberliga Niederrhein;0
7;Soccer;11936;Ireland - 1st Div;0
7;Soccer;1130;France - Ligue 2;0
7;Soccer;8573;Bulgaria - First League;0
7;Soccer;8574;Austria - Bundesliga;0
7;Soccer;15060;Georgia - Erovnuli League 2;0
7;Soccer;8576;Sweden Cup;0
7;Soccer;14233;Austria - Regional East;0
7;Soccer;8577;Germany - Region North;0
7;Soccer;1141;Italy - Serie B;0
7;Soccer;1142;Italy Cup;0
7;Soccer;1144;Australia - League A;0
7;Soccer;8578;France - National;0
7;Soccer;1147;Portugal - Primeira Liga;0
7;Soccer;8579;Croatia - 1.HNL;0
7;Soccer;8580;Brazil Super Cup;0
7;Soccer;1152;Spain - Segunda;0
7;Soccer;8582;India - Super League;0
7;Soccer;13255;Brazil - Sergipano;0
7;Soccer;13234;Czech Republic - Division 1 Women;0
7;Soccer;3967;English Football League Trophy;0
7;Soccer;8584;Germany - 3.Bundesliga;0
7;Soccer;8585;Swiss - Super League;0
7;Soccer;8586;Turkey Cup;0
7;Soccer;8587;England - National League;0
7;Soccer;13233;Italy - Serie D;0
7;Soccer;14240;Armenia - 1st Div;0
7;Soccer;15093;USA - MLS;0
7;Soccer;249234;FIFA Esports Battle CIS Cup [8 mins play];0
7;Soccer;18937;Faroe Islands - Effodeildin;0
7;Soccer;18936;Australia - New South Wales Premier League Women;0
7;Soccer;35104;Cameroon - League Women;0
7;Soccer;18846;Cuba - Campeonato Nacional;0
7;Soccer;8588;Cyprus - 1st Div;0
7;Soccer;11723;Oman Cup;0
7;Soccer;11722;England Isthmian League Cup;0
7;Soccer;18740;Senegal - Ligue 1;0
7;Soccer;11721;Turkey - 2nd Div;0
7;Soccer;35297;Gambia - 2nd Division;0
7;Soccer;15122;Norway Cup Qualifying;0
7;Soccer;11720;Colombia Cup;0
7;Soccer;35309;Fiji - National League;0
7;Soccer;18595;Ireland League Cup;0
7;Soccer;18473;Russia - FNL;0
7;Soccer;246817;Syria - Premier League;0
7;Soccer;11611;CONCACAF Champions League;0
7;Soccer;8590;Netherlands Cup;0
7;Soccer;11616;Japan - J-League 2;0
7;Soccer;8591;Belgium - First Division B;0
7;Soccer;8592;Hungary Cup;0
7;Soccer;8593;Saudi Arabia - 1st Div;0
7;Soccer;8594;German DFB Cup;0
7;Soccer;11619;Algeria - 2nd Div;0
7;Soccer;11612;Recopa Sudamericana;0
7;Soccer;8595;Cameroon - Elite One;0
7;Soccer;35219;Hong Kong - Premier League;0
7;Soccer;35308;Belarus - Premier;0
7;Soccer;17946;Tunisia - Ligue 2;0
7;Soccer;28000;Latvia - Virsliga;0
7;Soccer;8596;England - Isthmian Premier;0
7;Soccer;39241;Belarus - Amateur League [70 mins play];0
7;Soccer;13434;AFC Cup;0
7;Soccer;8597;England - Super League Women;0
7;Soccer;8598;India - I-League;0
7;Soccer;17753;Germany - Oberliga Bayern Sud;0
7;Soccer;15190;Slovakia Cup;0
7;Soccer;17752;Germany - Oberliga Bayern Nord;0
7;Soccer;8599;Cyprus Cup;0
7;Soccer;8600;Netherlands - Eerste Divisie;0
7;Soccer;15197;Israel Cup;0
7;Soccer;8601;Japan J-League Cup;0
7;Soccer;8602;Italy Serie C Cup;0
7;Soccer;201796;FIFA Esports Battle EPL [8 mins play];0
7;Soccer;8604;Brazil Cup;0
9;BasketBall;8670;KBL;0
9;BasketBall;14277;Israel - Premier;0
9;BasketBall;14137;France - Pro A;0
9;BasketBall;14319;Bulgaria - BL;0
9;BasketBall;14365;Austria - Bundesliga;0
9;BasketBall;14400;Slovakia - Extraliga;0
9;BasketBall;12958;Greece - A1 Women;0
9;BasketBall;14403;Slovenia - 1. SKL;0
9;BasketBall;14412;Hungary - NB I;0
9;BasketBall;14417;Switzerland - SBL;0
9;BasketBall;14419;Romania - Nationala;0
9;BasketBall;12627;Italy - Serie A2;0
9;BasketBall;8729;NBA Draft;0
9;BasketBall;8728;NCAAB Tournament Propositions;0
9;BasketBall;8726;NBA Championship Props;0
9;BasketBall;8724;NCAAB Regular Season Props;0
9;BasketBall;12545;Estonia - 1st League;0
9;BasketBall;8667;Brazil - NBB;0
9;BasketBall;8665;Mexico - Nacional League;0
9;BasketBall;14647;Iceland - Premier League;0
9;BasketBall;8662;Italy Cup;0
9;BasketBall;12485;FIBA Americup Qualify;0
9;BasketBall;12358;Friendly;0
9;BasketBall;14629;Chile - LNB;0
9;BasketBall;12377;Spain - LFB Women;0
9;BasketBall;14834;Czech Republic - ZBL Women;0
9;BasketBall;14835;Czech Republic - Liga 1 Women;0
9;BasketBall;12360;France - LFB Women;0
9;BasketBall;12359;FIBA Asia Cup Qualifiers;0
9;BasketBall;12349;FIBA World Cup Qualifiers;0
9;BasketBall;39781;Russia 3x3 Liga Pro;0
9;BasketBall;15066;Russia - Superleague 2 Women;0
9;BasketBall;14381;Adriatic League;0
9;BasketBall;8650;Germany - Bundesliga;0
9;BasketBall;1399;Olympic Qualify Men;0
9;BasketBall;11841;Eurocup Women;0
9;BasketBall;11816;Euroleague Women;0
9;BasketBall;11780;Iceland - Premier League Women;0
9;BasketBall;15124;WNCAAB;0
9;BasketBall;11541;EuroBasket Qualify;0
9;BasketBall;15150;Champions League;0
9;BasketBall;11448;Poland - Basket Liga;0
9;BasketBall;11288;Indonesia Srikandi Cup Women;0
9;BasketBall;38398;Tajikistan - National Championship;0
9;BasketBall;15542;Russia - Superleague 1 Women;0
9;BasketBall;15543;Turkey Cup Women;0
9;BasketBall;15471;FIBA Europe Cup;0
9;BasketBall;37938;Russia - Regional League;0
9;BasketBall;8669;Argentina - Liga A;0
9;BasketBall;8668;Israel Cup;0
9;BasketBall;37888;Russia 3x3 Liga Pro Women;0
9;BasketBall;11077;KBL Women;0
9;BasketBall;11076;Japan - B League;0
9;BasketBall;15655;Alpe Adria Cup;0
9;BasketBall;8666;Serbia - SuperLeague;0
9;BasketBall;10115;Italy - A1 Women;0
9;BasketBall;8648;Spain Cup;0
9;BasketBall;37787;Taiwan - Students League Women;0
9;BasketBall;37786;Taiwan - Students League;0
9;BasketBall;10713;Poland - 1st Division Women;0
9;BasketBall;8664;NCAAB;0
9;BasketBall;8663;Latvia-Estonia League;0
9;BasketBall;8651;Turkey Cup;0
9;BasketBall;8647;Greece Cup;0
9;BasketBall;8653;Australia - NBL;0
9;BasketBall;193841;Taiwan - SBL Women;0
9;BasketBall;8661;Belgium - BLB;0
9;BasketBall;8660;Denmark - Basketligaen;0
9;BasketBall;8659;British Basketball League Trophy;0
9;BasketBall;8658;Finland - Korisliiga;0
9;BasketBall;8657;British Basketball League;0
9;BasketBall;8656;Norway - BLNO;0
9;BasketBall;8655;Cyprus - Division 1;0
9;BasketBall;8654;Lithuania Cup;0
9;BasketBall;8652;Poland - Basket Women;0
9;BasketBall;8649;Poland Cup;0
9;BasketBall;10973;NBA All-Star Weekend;0
9;BasketBall;10699;Uruguay - LUB;0
9;BasketBall;16072;Spain Cup Women;0
9;BasketBall;16126;Italy - Lega 1;0
9;BasketBall;16089;Lithuania - NKL;0
9;BasketBall;10272;France - Pro B;0
9;BasketBall;16222;Turkey - TBL2;0
9;BasketBall;16641;Hungary Cup Women;0
9;BasketBall;10600;Australia - WNBL;0
9;BasketBall;10807;French Leaders Cup;0
9;BasketBall;10809;Germany Cup;0
9;BasketBall;17239;Finland - Korisliiga Women;0
9;BasketBall;10808;Sweden - Basketligan;0
9;BasketBall;11016;Germany - Pro A;0
9;BasketBall;35532;Russia - Nevskaya League Division 1;0
9;BasketBall;1221;China - CBA;0
9;BasketBall;1195;NBA;0
9;BasketBall;1177;Spain - ACB League;0
9;BasketBall;247154;Nicaragua Torneo Carlos Ulloa;0
9;BasketBall;35274;Turkey - TBL;0
9;BasketBall;11015;Asean Basketball League;0
9;BasketBall;35203;Russian Superleague 2;0
9;BasketBall;1131;Greece - A1 League;0
9;BasketBall;19792;Philippines Cup;0
9;BasketBall;20117;Turkey - TBL Women;0
9;BasketBall;10192;Ukraine - FBU SuperLiga;0
9;BasketBall;10191;Russia - Premier League Women;0
9;BasketBall;205903;Cameroon National Championship;0
9;BasketBall;20940;Albania - Superleague;0
9;BasketBall;21568;Champions League Americas;0
9;BasketBall;33820;Barbados - Premier League;0
9;BasketBall;2045;VTB United League;0
9;BasketBall;2486;Eurocup;0
9;BasketBall;33748;Argentina - Torneo Federal;0
9;BasketBall;33196;Mexico - LMBPF Women;0
9;BasketBall;30056;Mexico - CIBACOPA League;0
9;BasketBall;1116;Euroleague;0
9;BasketBall;31240;Japan - B2 League;0
9;BasketBall;30351;WNBA;0
9;BasketBall;10721;Friendly International;0
9;BasketBall;27131;Russia Cup;0
9;BasketBall;2003;Spain - LEB League;0
9;BasketBall;45652;Esports NBA 2K [4x5 min];0
9;BasketBall;36286;Taiwan - SBL;0
9;BasketBall;13626;Lithuania - LKL;0
9;BasketBall;8725;NBA Awards;0
9;BasketBall;13413;Russian Superleague 1;0
9;BasketBall;13366;Turkey - BSL Women;0
9;BasketBall;13365;Sweden - Basketligan Women;0
9;BasketBall;14123;Netherlands - Eredivisie;0
9;BasketBall;14122;Turkey - BSL;0
9;BasketBall;14134;Croatia - A1 League;0
9;BasketBall;14135;Israel - Premier Women;0
9;BasketBall;14136;Czech Republic - NBL;0
9;BasketBall;14138;Portugal - LBP;0
9;BasketBall;14139;Indonesia - IBL;0
9;BasketBall;14161;Finland - Division 1;0
15;Football;8671;XFL;0
15;Football;40207;NFL Regular Season Player Props;0
15;Football;40131;NFL Draft;0
15;Football;15448;NFL;0
15;Football;36561;NFL Regular Season Wins;0
15;Football;15450;CFL;0
15;Football;14179;NFL Scouting Combine;0
15;Football;41813;NFL Team Props;0
15;Football;36031;NFL PlayerÂ´s Next Team;0
15;Football;8722;NCAAF;0
17;Tennis;14915;ITF W25 Mildura Qualifiers;0
17;Tennis;14922;ITF M25 Mildura Qualifiers;0
17;Tennis;14609;WTA Monterrey Qualifiers;0
17;Tennis;22992;ITF M25 Geelong, Doubles;0
17;Tennis;14714;WTA Lyon;0
17;Tennis;23574;ITF M15 Doha;0
17;Tennis;11087;Challenger Drummondville;0
17;Tennis;15666;ITF M25 Murcia, Doubles;0
17;Tennis;12835;WTA Doha;0
17;Tennis;196671;Russia Liga Pro;0
17;Tennis;11088;Challenger Koblenz;0
17;Tennis;11081;ATP Delray Beach, Doubles;0
17;Tennis;11082;ATP Marseille;0
17;Tennis;196703;Spring Tour;0
17;Tennis;11090;ATP Rio de Janeiro;0
17;Tennis;13162;WTA Doha, Doubles;0
17;Tennis;196755;Daily Pro Tour Women;0
17;Tennis;21478;ITF M15 Toulouse Qualifiers;0
17;Tennis;15904;ITF W15 Heraklion, Doubles;0
17;Tennis;24033;Challenger Nur-Sultan, Doubles ;0
17;Tennis;2487;WTA Adelaide;0
17;Tennis;14202;ITF W25 Moscow, Doubles;0
17;Tennis;10255;WTA St. Petersburg, Doubles;0
17;Tennis;237225;GST Tours Matchplay 120 Women;0
17;Tennis;237224;GST Tours Matchplay 120;0
17;Tennis;15665;ITF M15 Faro, Doubles;0
17;Tennis;10789;Challenger Bengaluru, Doubles;0
17;Tennis;11095;ITF W25 Glasgow Qualifiers;0
17;Tennis;11096;ITF M25 Glasgow Qualifiers;0
17;Tennis;2488;ATP Auckland;0
17;Tennis;21440;ITF M15 Kazan Qualifiers;0
17;Tennis;21435;ITF W25 Potchefstroom Qualifiers;0
17;Tennis;2489;ATP Adelaide;0
17;Tennis;10626;ITF M15 Monastir, Doubles;0
17;Tennis;21431;Challenger Nur-Sultan;0
17;Tennis;2490;WTA Hobart;0
17;Tennis;255760;Smash Cup;0
17;Tennis;255759;Daily Aqua Tour Women;0
17;Tennis;21297;Challenger Almaty;0
17;Tennis;197328;Exo-Tennis USA;0
17;Tennis;8703;ITF W100 Nicholasville, Doubles;0
17;Tennis;21594;Challenger Potchefstroom;0
17;Tennis;218181;Marbello Cup Exhibition Series;0
17;Tennis;8702;ITF W15 Hamilton;0
17;Tennis;8694;WTA Hua Hin, Doubles ;0
17;Tennis;8686;WTA Hua Hin ;0
17;Tennis;210960;Belarus Masters;0
17;Tennis;3150;WTA Adelaide, Doubles;0
17;Tennis;8684;WTA St. Petersburg;0
17;Tennis;11094;WTA Dubai, Doubles;0
17;Tennis;2491;ATP Auckland, Doubles;0
17;Tennis;15561;ITF M25 Mildura, Doubles;0
17;Tennis;11092;WTA Dubai Qualifiers;0
17;Tennis;1782;Wimbledon Men;0
17;Tennis;13679;ITF M15 Vale Do Lobo, Doubles;0
17;Tennis;11078;WTA Dubai;0
17;Tennis;14859;WTA Monterrey;0
17;Tennis;10630;ITF W15 Antalya;0
17;Tennis;2492;ATP Adelaide, Doubles;0
17;Tennis;13677;ITF M15 Trnava;0
17;Tennis;10366;ITF W15 Heraklion;0
17;Tennis;15536;ITF W25 Las Vegas Qualifiers;0
17;Tennis;10365;ITF M25 Aktobe;0
17;Tennis;2496;Australian Open Women Qualifiers;0
17;Tennis;10398;ITF M15 Monastir;0
17;Tennis;8673;ATP Rotterdam, Doubles;0
17;Tennis;13651;ITF W25 Macon, Doubles;0
17;Tennis;13650;ITF W25 Sunderland, Doubles;0
17;Tennis;11093;ATP Marseille Qualifiers;0
17;Tennis;8672;ATP Rotterdam;0
17;Tennis;14875;WTA Indian Wells 125K;0
17;Tennis;15504;ITF M25 Hurlingham Qualifiers;0
17;Tennis;15499;ITF W25 Las Vegas, Doubles;0
17;Tennis;16158;Davis Cup;0
17;Tennis;16073;Davis Cup Qualifiers;0
17;Tennis;15498;ITF M25 Las Vegas Qualifiers;0
17;Tennis;8675;ATP New York, Doubles;0
17;Tennis;13644;ITF M15 Vale Do Lobo;0
17;Tennis;2497;Australian Open Men Qualifiers;0
17;Tennis;22906;ITF W25 Olimpia, Doubles;0
17;Tennis;13643;ITF W25 Altenkirchen;0
17;Tennis;10605;ITF M25 Barnstaple, Doubles;0
17;Tennis;13412;Challenger Calgary, Doubles;0
17;Tennis;8683;ATP New York;0
17;Tennis;236923;Daily Premier Tour;0
17;Tennis;14947;ITF M25 Mildura;0
17;Tennis;236922;Daily Aqua Tour;0
17;Tennis;8681;ATP Buenos Aires;0
17;Tennis;15476;ITF M25 Las Vegas;0
17;Tennis;8701;ITF M25 Naples, Doubles;0
17;Tennis;8700;ITF M15 Grenoble, Doubles;0
17;Tennis;8699;ITF W25 Trnava;0
17;Tennis;13331;ITF W25 Sunderland Qualifiers;0
17;Tennis;13640;ITF W25 Sunderland;0
17;Tennis;20432;ITF W25 Olimpia Qualifiers;0
17;Tennis;8676;Challenger Cherbourg, Doubles;0
17;Tennis;1770;WTA Auckland;0
17;Tennis;1769;WTA Brisbane, Doubles;0
17;Tennis;8698;ITF W25 Grenoble;0
17;Tennis;13290;WTA Acapulco;0
17;Tennis;8697;ITF M15 Cancun, Doubles;0
17;Tennis;13639;ITF W25 Moscow;0
17;Tennis;5137;Australian Open Mixed Doubles;0
17;Tennis;10334;ITF M15 Sharm El Sheikh;0
17;Tennis;21549;ITF M25 Geelong Qualifiers;0
17;Tennis;12898;ITF W15 Monastir, Doubles;0
17;Tennis;12857;ATP Dubai Qualifiers;0
17;Tennis;13630;ITF W25 Macon;0
17;Tennis;21500;ITF W25 Irapuato Qualifiers;0
17;Tennis;14125;ITF M25 Rio Cuarto;0
17;Tennis;8696;ITF M25 Naples;0
17;Tennis;1784;French Open Men;0
17;Tennis;3688;WTA Hobart, Doubles;0
17;Tennis;13039;WTA Acapulco Qualifiers;0
17;Tennis;222206;UTR Pro Match Series Women;0
17;Tennis;1785;Australian Open Women;0
17;Tennis;10432;ITF M15 Palmanova;0
17;Tennis;8677;Challenger Cleveland, Doubles;0
17;Tennis;15435;ITF W25 Las Vegas;0
17;Tennis;15258;WTA Indian Wells 125K, Doubles;0
17;Tennis;8678;ITF W100 Nicholasville;0
17;Tennis;15728;ITF M25 Las Vegas, Doubles;0
17;Tennis;13256;Challenger Pau;0
17;Tennis;13289;ATP Acapulco;0
17;Tennis;14984;ITF W25 Mildura;0
17;Tennis;15737;ITF M25 Hurlingham, Doubles;0
17;Tennis;8674;ATP Buenos Aires, Doubles;0
17;Tennis;3950;Australian Open Men Doubles;0
17;Tennis;13620;ITF M25 Antalya;0
17;Tennis;3951;Australian Open Women Doubles;0
17;Tennis;8679;Challenger Cherbourg;0
17;Tennis;192831;USA Pro Series Women;0
17;Tennis;15408;ITF M25 Hurlingham;0
17;Tennis;14124;ITF W25 Rancho Santa Fe;0
17;Tennis;13088;ATP Acapulco Qualifiers;0
17;Tennis;14432;WTA Lyon Qualifiers;0
17;Tennis;208228;Belarus Masters Women;0
17;Tennis;15027;Challenger Monterrey ;0
17;Tennis;13061;ATP Santiago Qualifiers;0
17;Tennis;1786;Australian Open Men;0
17;Tennis;19570;ITF W15 Amiens Qualifiers;0
17;Tennis;192830;Tennis Point Series;0
17;Tennis;11084;Challenger Bergamo;0
17;Tennis;192829;International Tennis Series;0
17;Tennis;22337;ITF M15 Toulouse;0
17;Tennis;11515;ITF M25 Punta del Este;0
17;Tennis;213406;Friendship Cup;0
17;Tennis;13507;ITF W25 Perth, Doubles;0
17;Tennis;22334;ITF W25 Cairo;0
17;Tennis;11514;ITF W60 Kyoto;0
17;Tennis;11509;ITF M15 Oberhaching;0
17;Tennis;15563;Davis Cup Qualifiers - Tie Winner;0
17;Tennis;13474;WTA Acapulco, Doubles;0
17;Tennis;21589;ITF M25 Geelong;0
17;Tennis;15216;ITF W25 Antalya Qualifiers;0
17;Tennis;13484;ITF W25 Rancho Santa Fe Qualifiers;0
17;Tennis;11518;ITF M15 Paguera Qualifiers;0
17;Tennis;11517;ITF M15 Paguera;0
17;Tennis;11516;ITF W60 Cairo;0
17;Tennis;263671;USA Pro Series;0
17;Tennis;13504;Challenger Calgary Qualifiers;0
17;Tennis;13505;ITF W25 Moscow Qualifiers;0
17;Tennis;13506;Challenger Pau, Doubles;0
17;Tennis;22338;ITF W15 Amiens;0
17;Tennis;17387;Davis Cup, Doubles Qualifiers;0
17;Tennis;8685;Challenger Bengaluru;0
17;Tennis;13349;Challenger Calgary;0
17;Tennis;13347;ITF M25 Sunderland Qualifiers;0
17;Tennis;22596;ITF M15 Heraklion, Doubles;0
17;Tennis;1790;US Open Men;0
17;Tennis;19510;ITF M15 Porec Qualifiers;0
17;Tennis;13345;ITF W25 Macon Qualifiers;0
17;Tennis;21808;ITF M15 Loule Qualifiers;0
17;Tennis;210961;Daily Pro Tour;0
17;Tennis;21811;ITF W25 Irapuato;0
17;Tennis;21498;ITF W15 Kazan Qualifiers;0
17;Tennis;12679;ITF M25 Punta del Este, Doubles;0
17;Tennis;15075;Challenger Monterrey, Doubles;0
17;Tennis;11847;ITF M15 Oberhaching, Doubles;0
17;Tennis;27344;ITF M15 Porec, Doubles;0
17;Tennis;13244;ATP Acapulco, Doubles;0
17;Tennis;11846;Challenger Bergamo, Doubles;0
17;Tennis;11845;ITF M25 Glasgow;0
17;Tennis;22558;ITF W15 Kazan;0
17;Tennis;8695;ITF M25 Barnstaple;0
17;Tennis;8693;ITF M15 Grenoble;0
17;Tennis;15095;WTA Indian Wells 125K Qualifiers;0
17;Tennis;8692;ITF W15 Monastir;0
17;Tennis;15259;WTA Monterrey, Doubles;0
17;Tennis;22552;ITF W25 Olimpia;0
17;Tennis;27433;ITF W25 Potchefstroom, Doubles;0
17;Tennis;12361;Challenger Drummondville, Doubles;0
17;Tennis;8691;ITF W15 Cancun;0
17;Tennis;13607;ITF M25 Sunderland;0
17;Tennis;15253;WTA Lyon, Doubles;0
17;Tennis;13606;ITF M25 Trento;0
17;Tennis;231105;Austrian Pro Series;0
17;Tennis;13582;ITF M25 Antalya Qualifiers;0
17;Tennis;22515;ITF W25 Cairo, Doubles;0
17;Tennis;22514;ITF M15 Loule, Doubles;0
17;Tennis;219163;Daily Challenge Tour;0
17;Tennis;22513;ITF M15 Antalya, Doubles;0
17;Tennis;15104;Challenger Indian Wells;0
17;Tennis;11735;ITF W25 Glasgow, Doubles;0
17;Tennis;15118;Challenger Monterrey Qualifiers;0
17;Tennis;262389;Daily Challenge Tour Women;0
17;Tennis;13513;ITF W25 Perth Qualifiers;0
17;Tennis;22474;ITF M15 Doha, Doubles;0
17;Tennis;13227;ATP Dubai, Doubles Qualifiers;0
17;Tennis;13508;Challenger Columbus, Doubles;0
17;Tennis;213321;Exo-Tennis USA Women;0
17;Tennis;11080;ATP Rio de Janeiro, Doubles;0
17;Tennis;11091;ATP Marseille, Doubles;0
17;Tennis;11079;ATP Delray Beach;0
17;Tennis;22446;ITF M15 Toulouse, Doubles;0
17;Tennis;22440;ITF M15 Doha Qualifiers;0
17;Tennis;11678;ITF M15 Sharm El Sheikh, Doubles;0
17;Tennis;246777;UTF Invitational Women;0
17;Tennis;12351;ITF W25 Perth;0
17;Tennis;15132;Challenger Indian Wells Qualifiers;0
17;Tennis;12350;ITF W25 Jodhpur;0
17;Tennis;11665;ITF W25 Glasgow;0
17;Tennis;22907;ITF W25 Irapuato, Doubles;0
17;Tennis;13346;ITF W25 Altenkirchen Qualifiers;0
17;Tennis;11648;ITF M15 Sharm El Sheikh Qualifiers;0
17;Tennis;11625;ITF W60 Kyoto, Doubles;0
17;Tennis;11603;Challenger Koblenz, Doubles;0
17;Tennis;1190;WTA Shenzhen;0
17;Tennis;266086;East Coast USA Pro Series;0
17;Tennis;14564;ITF M15 Trnava, Doubles;0
17;Tennis;266063;East Coast USA Pro Series Women;0
17;Tennis;1196;WTA Brisbane;0
17;Tennis;1199;ATP Cup, Doubles;0
17;Tennis;14617;ITF M25 Rio Cuarto, Doubles;0
17;Tennis;15357;ITF W25 Antalya, Doubles;0
17;Tennis;1201;ATP Cup;0
17;Tennis;15352;ITF W15 Cairo, Doubles;0
17;Tennis;15351;ITF M25 Murcia;0
17;Tennis;15743;ITF M25 Potchefstroom, Doubles;0
17;Tennis;15178;ITF W25 Yokohama;0
17;Tennis;15180;ITF M15 Faro Qualifiers;0
17;Tennis;11342;Challenger Morelos;0
17;Tennis;1209;ATP Doha;0
17;Tennis;8690;ITF M25 Lima;0
17;Tennis;8689;ITF M15 Heraklion;0
17;Tennis;13304;ATP Santiago, Doubles;0
17;Tennis;13301;ATP Santiago;0
17;Tennis;8688;ITF M15 Cancun;0
17;Tennis;8687;ITF M15 Antalya;0
17;Tennis;15301;ITF M25 Potchefstroom;0
17;Tennis;13243;ATP Dubai;0
17;Tennis;265941;LiveScore Cup Women;0
17;Tennis;15297;ITF M15 Faro;0
17;Tennis;11367;ITF W60 Cairo Qualifiers;0
17;Tennis;13246;ATP Dubai, Doubles;0
17;Tennis;15293;ITF W25 Potchefstroom;0
17;Tennis;10831;ITF W15 Cancun, Doubles;0
17;Tennis;22352;ITF M15 Porec;0
17;Tennis;22267;ITF M15 Kolkata;0
17;Tennis;13478;Challenger Columbus;0
17;Tennis;22271;ITF M15 Kazan;0
17;Tennis;12490;WTA Doha Qualifiers;0
17;Tennis;22343;ITF M15 Loule;0
17;Tennis;15279;ITF W25 Antalya;0
17;Tennis;15277;ITF W15 Cairo;0
17;Tennis;22291;Challenger Potchefstroom Qualifiers;0
17;Tennis;11375;ITF M15 Oberhaching Qualifiers;0
17;Tennis;265868;Baltic Tennis League;0
17;Tennis;8680;ITF W100 Cairo;0
17;Tennis;13482;ITF M25 Trento Qualifiers;0
17;Tennis;8682;Challenger Cleveland;0
17;Tennis;15249;ITF W25 Yokohama, Doubles;0
30;Rugby League;12789;Challenge Cup;0
30;Rugby League;8721;State Of Origin ;0
30;Rugby League;28780;NSW Cup;0
30;Rugby League;45615;World Cup;0
30;Rugby League;8730;NRL Perth Nines;0
30;Rugby League;11736;NRL All Stars;0
30;Rugby League;1262;NRL Premiership;0
30;Rugby League;28624;Queensland Cup;0
30;Rugby League;14924;RFL League 1;0
30;Rugby League;8704;World Club Challenge;0
30;Rugby League;14127;NRL Charity Shield;0
30;Rugby League;11542;RFL Championship;0
30;Rugby League;8705;Super League;0
39;Rugby Union;1773;France Pro D2;0
39;Rugby Union;1298;European Champions Cup;0
39;Rugby Union;5146;Sevens World Series;0
39;Rugby Union;15445;Lions Tour;0
39;Rugby Union;12370;Six Nations W;0
39;Rugby Union;8709;European Challenge Cup;0
39;Rugby Union;28686;RFU Championship;0
39;Rugby Union;28496;Premiership Rugby Cup;0
39;Rugby Union;1789;Super Rugby;0
39;Rugby Union;1772;Six Nations;0
39;Rugby Union;1783;World Cup;0
39;Rugby Union;204934;Super Rugby Aotearoa;0
39;Rugby Union;1778;Guinness Pro 14;0
39;Rugby Union;1774;Gallagher Premiership;0
39;Rugby Union;1777;France Top 14;0
47;Golf;1406;Ryder Cup;0
47;Golf;192823;TaylorMade Driving Relief 2020;0
47;Golf;8707;ISPS Handa Womens Australian Open;0
47;Golf;2733;Abu Dhabi HSBC Championship;0
47;Golf;21508;Race to Dubai;0
47;Golf;45727;Cactus Tour;0
47;Golf;237564;Troon North Pinnacle - Cactus Tour;0
47;Golf;22764;The Players Championship 3 Balls;0
47;Golf;1433;US Open;0
47;Golf;8708;The Genesis Invitational;0
47;Golf;13628;The Honda Classic;0
47;Golf;237651;Southern Dunes Classic - Outlaw Tour;0
47;Golf;15449;Solheim Cup;0
47;Golf;2902;The American Express;0
47;Golf;8706;Chubb Classic;0
47;Golf;21518;PGA Money List;0
47;Golf;13557;Oman Open;0
47;Golf;21527;The Players Championship;0
47;Golf;15195;Arnold Palmer Invitational;0
47;Golf;10148;The Genesis Invitational 3 Balls Betting;0
47;Golf;8723;Golf Specials;0
47;Golf;11543;Puerto Rico Open;0
47;Golf;13602;Cologuard Classic;0
47;Golf;34842;Presidents Cup;0
47;Golf;216551;Cactus Tour - Alta Mesa CC;0
47;Golf;15210;Hoag Classic;0
47;Golf;1418;The Open Championship;0
47;Golf;11544;WGC Mexico Championship;0
47;Golf;192850;Ladies Korean Tour - KLPGA Championship;0
47;Golf;15203;Qatar Masters;0
47;Golf;266121;Outlaw Tour - Lone Tree Classic;0
47;Golf;213805;Outlaw Tour - TPC Champions Classic;0
47;Golf;1422;USPGA Championship;0
47;Golf;192832;The Match;0
47;Golf;192834;Scottsdale AZ Open;0
48;Boxing;1340;Boxing;0
51;MMA;8710;UFC;0
51;MMA;8711;Bellator;0
51;MMA;253905;Babilon;0
51;MMA;41861;Submission Underground;0
51;MMA;12465;Absolute Championship Akhmat;0
51;MMA;211631;M-1 Challenge;0
51;MMA;42479;Kickboxing - K1;0
51;MMA;208878;Oktagon Undergound;0
51;MMA;45811;JFC;0
51;MMA;10273;Combate Americas;0
51;MMA;254052;Titan Fighting Championships;0
51;MMA;198265;Belarusian Fighting Championship;0
51;MMA;42005;FAME MMA;0
51;MMA;256615;Leon Warriors;0
51;MMA;17240;Cage Warriors;0
54;E-Sports;14200;League of Legends China LPL Scrims League;0
54;E-Sports;213218;Rainbow Six Benelux League;0
54;E-Sports;203701;Starcraft 2 TeamLiquid StarLeague;0
54;E-Sports;203702;Counter-Strike: GO RTP Arena Cup;0
54;E-Sports;14142;Starcraft 2 Intel Extreme Masters;0
54;E-Sports;261918;Rainbow Six Masters League;0
54;E-Sports;45619;Dota 2 ESL SEA Championship;0
54;E-Sports;36152;Counter-Strike: GO LPL Pro League;0
54;E-Sports;213187;Valorant Epulze Valorant Prodigies;0
54;E-Sports;249251;League of Legends Mid-Season Showdown;0
54;E-Sports;27889;Overwatch Contenders;0
54;E-Sports;45620;Dota 2 Stay Home Challenge;0
54;E-Sports;45621;Dota 2 Movistar LPG Promocional;0
54;E-Sports;214699;Counter-Strike: GO ESL Polish Championship;0
54;E-Sports;217260;Rainbow Six Spain Nationals;0
54;E-Sports;8720;League of Legends Vietnam Championship Series;0
54;E-Sports;12362;Dota 2 DPL;0
54;E-Sports;14512;League of Legends Oceanic League;0
54;E-Sports;12363;Starcraft 2 Intel Extreme Masters Qualifiers;0
54;E-Sports;15091;Dota 2 Arena of Blood;0
54;E-Sports;11278;Counter-Strike: GO Counter Pit;0
54;E-Sports;15087;Dota 2 SIGUL Pro League;0
54;E-Sports;10602;Dota 2 StarLadder ImbaTV Minor Qualifiers;0
54;E-Sports;8718;Rainbow Six Invitational;0
54;E-Sports;215633;Counter-Strike: GO ESL Benelux Championship;0
54;E-Sports;204482;Dota 2 Isolation Cup;0
54;E-Sports;14143;Quake Champions Pro League;0
54;E-Sports;33969;Dota 2 GG.BET Championship;0
54;E-Sports;8712;Counter-Strike: GO CLUTCH;0
54;E-Sports;12788;Dota 2 Hainan Master Invitational Qualifiers;0
54;E-Sports;24238;League of Legends Japan League;0
54;E-Sports;28953;Starcraft BroodWar Afreeca Starleague;0
54;E-Sports;11929;Counter-Strike: GO ESEA;0
54;E-Sports;27888;Dota 2 Thailand Celestial Cup;0
54;E-Sports;210159;Valorant Solary Cup;0
54;E-Sports;213032;Rainbow Six PG Nationals;0
54;E-Sports;24206;League of Legends Prime League;0
54;E-Sports;34835;Counter-Strike: GO eFire Master League;0
54;E-Sports;45843;Counter-Strike: GO NEX Invitational;0
54;E-Sports;12364;League of Legends LVP Superliga;0
54;E-Sports;39782;Rocket League The European Invitational;0
54;E-Sports;195013;Dota 2 CyberBet Cup;0
54;E-Sports;10587;Counter-Strike: GO Intel Extreme Masters;0
54;E-Sports;11257;Dota 2 WePlay Tug of War:Mad Moon;0
54;E-Sports;12412;League of Legends PG Nationals;0
54;E-Sports;68;League of Legends Championship Series;0
54;E-Sports;15659;League of Legends Continental League Cup;0
54;E-Sports;192836;Counter-Strike: GO Hellcase Cup;0
54;E-Sports;36610;Counter-Strike: GO Svenska Elitserien;0
54;E-Sports;12453;Rocket League Rival Series;0
54;E-Sports;5025;League of Legends European Championship;0
54;E-Sports;14204;Dota 2 StarLadder ImbaTV Minor;0
54;E-Sports;192837;Dota 2 China Professional League;0
54;E-Sports;192838;Counter-Strike: GO Asian Masters;0
54;E-Sports;192839;Dota 2 DPL-CDA Professional League;0
54;E-Sports;8715;Rocket League Championship Series;0
54;E-Sports;192840;Counter-Strike: GO Master League Portugal;0
54;E-Sports;192841;Counter-Strike: GO Kayzr League;0
54;E-Sports;16179;Starcraft 2 Alpha Pro Series;0
54;E-Sports;228544;Counter-Strike: GO Liga Pro;0
54;E-Sports;221355;Counter-Strike: GO Brasileirao;0
54;E-Sports;192842;Counter-Strike: GO Blast Rising;0
54;E-Sports;37627;Dota 2 No Major No Problem;0
54;E-Sports;221095;Counter-Strike: GO BLAST Premier CIS Cup;0
54;E-Sports;37626;Rainbow Six Russian Major League;0
54;E-Sports;13192;Warcraft 3 DreamHack;0
54;E-Sports;35699;League of Legends Liga Portuguesa;0
54;E-Sports;35728;Starcraft 2 GSL;0
54;E-Sports;17395;Dota 2 World Pro Invitational Qualifier;0
54;E-Sports;39033;Counter-Strike: GO Telia League;0
54;E-Sports;42229;Dota 2 Chinese Professional Association;0
54;E-Sports;39024;Starcraft 2 Gold Series;0
54;E-Sports;213543;Counter-Strike: GO Weibo Cup;0
54;E-Sports;10844;Counter-Strike: GO BESL Pro;0
54;E-Sports;208607;Counter-Strike: GO Rainmaker Open;0
54;E-Sports;199156;Dota 2 Gamers Without Borders;0
54;E-Sports;28202;Counter-Strike: GO FLASHPOINT;1
54;E-Sports;14141;Counter-Strike: GO LanTrek;0
54;E-Sports;35939;Counter-Strike: GO ESL Meisterschaft;0
54;E-Sports;26318;Counter-Strike: GO ESL Pro League;0
54;E-Sports;199075;Rainbow Six GSA League;0
54;E-Sports;246323;Counter-Strike: GO Gamers Without Borders;0
54;E-Sports;266052;League of Legends Dutch League;0
54;E-Sports;13220;League of Legends Nordic Championship;0
54;E-Sports;233134;Counter-Strike: GO Fight Night;0
54;E-Sports;221245;League of Legends Mid-Season Cup;0
54;E-Sports;213793;Counter-Strike: GO Cool League;0
54;E-Sports;41361;Dota 2 Aorus League;0
54;E-Sports;11556;League of Legends French League;0
54;E-Sports;11561;Dota 2 Epic Challenger League;0
54;E-Sports;11560;Dota 2 WESG Qualifiers;0
54;E-Sports;42511;Rainbow Six ESL Premiership;0
54;E-Sports;37479;Counter-Strike: GO 99Damage League;0
54;E-Sports;18348;League of Legends Turkish Champions League;0
54;E-Sports;209070;Dota 2 Movistar LPG;0
54;E-Sports;14867;League of Legends Hitpoint Masters;0
54;E-Sports;8714;League of Legends Challengers Korea;0
54;E-Sports;12502;Dota 2 Flame Cup;0
54;E-Sports;16782;Starcraft 2 Showmatch;0
54;E-Sports;208377;Hearthstone GrandMasters;0
54;E-Sports;247014;Rocket League Fusion;0
54;E-Sports;36042;King of Glory KPL;0
54;E-Sports;262582;Counter-Strike: GO HomeSweetHome Qualifiers;0
54;E-Sports;13457;Dota 2 Arena of Blood Qualifiers;0
54;E-Sports;8719;Overwatch OWL;0
54;E-Sports;216188;League of Legends Underdogs;0
54;E-Sports;211599;Counter-Strike: GO Swiss Esports League;0
54;E-Sports;12484;Counter-Strike: GO Liga Dell;0
54;E-Sports;27442;League of Legends Turkish Academy League;0
54;E-Sports;8717;Dota 2 ESL One Qualifiers;0
54;E-Sports;221353;StarCraft 2 Championship of Russia;0
54;E-Sports;14523;League of Legends Liga Latinoamerica;0
54;E-Sports;263204;Dota 2 HUYA League;0
54;E-Sports;40616;Counter-Strike: GO Telia Esports Series;0
54;E-Sports;27436;League of Legends Balkan League;0
54;E-Sports;224141;Counter-Strike: GO Merkur Masters;0
54;E-Sports;255893;Dota 2 BLAST Bounty Hunt;0
54;E-Sports;42568;Dota 2 ESL One;0
54;E-Sports;37506;Starcraft BroodWar CasterMuse Starleague;0
54;E-Sports;210015;Dota 2 SEA Invitational;0
54;E-Sports;8713;League of Legends UKLC;0
54;E-Sports;15667;League of Legends Ultraliga;0
54;E-Sports;15915;Overwatch Contenders Trials;0
54;E-Sports;212518;Counter-Strike: GO WINNERS League;0
54;E-Sports;15914;Dota 2 The Summit;0
54;E-Sports;45687;Counter-Strike: GO Hipfired Cup;0
54;E-Sports;45823;Counter-Strike: GO Cyberbet Cup;0
54;E-Sports;23959;Dota 2 Hot Price League;0
54;E-Sports;31389;StarCraft 2 IntoTheAlphaX Pro Circuit;0
54;E-Sports;265783;Counter-Strike: GO ESL Europe;0
54;E-Sports;40223;Warcraft 3 Gold League;0
54;E-Sports;12413;Counter-Strike: GO Assembly Winter;0
54;E-Sports;45825;Counter-Strike: GO Merkur Masters Qualifiers;0
54;E-Sports;45847;Dota 2 Amadeus Cup;0
54;E-Sports;45827;Counter-Strike: GO Elisa Viihde League;0
54;E-Sports;45845;Counter-Strike: GO ESL Premiership;0
54;E-Sports;213418;League of Legends Pulsefire Cup;0
54;E-Sports;8716;Counter-Strike: GO WESG Qualifiers ;0
54;E-Sports;39102;Rainbow Six Pro League;0
54;E-Sports;39309;Counter-Strike: GO Unity League;0
54;E-Sports;252605;Counter-Strike: GO ESL Spain;0
54;E-Sports;192843;Dota 2 Dotapit League;0
54;E-Sports;252803;Dota 2 Vulkan Fights Series;0
54;E-Sports;192845;Dota 2 OMG Cup;0
54;E-Sports;219334;Starcraft 2 aX Code CD;0
54;E-Sports;45842;Dota 2 Epic Origins;0
54;E-Sports;10609;League of Legends Circuito Brasileiro;0
54;E-Sports;36794;Dota 2 Red Star Cup;0
54;E-Sports;16086;League of Legends China Pro League;0
54;E-Sports;10610;Counter-Strike: GO Minor Championship Qualifiers;0
54;E-Sports;192846;Counter-Strike: GO LVP League;0
54;E-Sports;192847;Counter-Strike: GO Finnish Esports League;0
54;E-Sports;45710;Counter-Strike: GO LOOT.BET League Qualifiers;0
54;E-Sports;38350;Starcraft 2 Wardi Open;0
54;E-Sports;221476;StarCraft 2 AMD eQuarantine Cup;0
54;E-Sports;192848;Counter-Strike: GO Hungarian National Championship;0
54;E-Sports;197531;Dota 2 Epic Prime League;0
54;E-Sports;192844;Counter-Strike: GO ESL One Qualifiers;0
54;E-Sports;31901;Counter-Strike: GO SECTOR: MOSTBET;0
54;E-Sports;45666;Dota 2 Masters Tournament;0
54;E-Sports;221354;Starcraft 2 SC2 Royal;0
54;E-Sports;13680;Dota 2 Parimatch League;0
54;E-Sports;45840;League of Legends European Masters;0
54;E-Sports;2108;Dota 2 WESG;0
54;E-Sports;25965;League of Legends PCS;0
54;E-Sports;37053;Dota 2 WeSave! Charity Play;0
54;E-Sports;245;League of Legends Champions Korea;0
54;E-Sports;24112;Warcraft 3 Douyu Yule Cup;0
54;E-Sports;16092;League of Legends Brasillian Challenger;0
54;E-Sports;14144;Dota 2 Maxline Winter Masters;0
54;E-Sports;45836;Dota 2 Hope Development Cup;0
54;E-Sports;37438;Dota 2 Asia Challenger League;0
54;E-Sports;37062;League of Legends Continental League;0
54;E-Sports;10749;Counter-Strike: GO FLASHPOINT Qualifiers;0
54;E-Sports;45817;King of Glory Pro League Global Tour;0
54;E-Sports;5026;League of Legends NA Academy;0
54;E-Sports;3345;Dota 2 DreamLeague;0
54;E-Sports;5653;Counter-Strike: GO DreamHack;0
54;E-Sports;69;Counter-Strike: GO Blast Premier;0
54;E-Sports;6050;Call of Duty League;0
54;E-Sports;45822;Counter-Strike: GO HomeSweetHome;0
57;Formula 1;45830;Esports Formula 1 Pro Exhibition Australia;0
57;Formula 1;21761;Formula 1 Australia GP;0
57;Formula 1;8727;Formula 1 World Championship;0
61;Cycling;18563;Paris - Nice;0
61;Cycling;6408;Paris - Roubaix;0
61;Cycling;12420;Omloop Het Nieuwsblad;0
61;Cycling;12609;Ruta del Sol;0
61;Cycling;15446;Milano - San Remo;0
61;Cycling;13598;UAE Tour;0
61;Cycling;1391;Tour de France;0
61;Cycling;14263;Kuurne - Brussel - Kuurne;0
311;Soccer Aggregates;11097;France - Ligue 1 Aggregates;0
311;Soccer Aggregates;13453;Europa League Aggregates;0
311;Soccer Aggregates;21090;Italy - Serie A Aggregates;0
311;Soccer Aggregates;9891;Germany - 1.Bundesliga Aggregates;0
311;Soccer Aggregates;14961;Italy - Serie B Aggregates;0
311;Soccer Aggregates;13452;Champions League Aggregates;0
311;Soccer Aggregates;14962;Germany - 2.Bundesliga Aggregates;0
311;Soccer Aggregates;9890;Mixed Aggregates;0
311;Soccer Aggregates;9889;England - Championship Aggregates;0
311;Soccer Aggregates;33995;Mexico - Primera Div Aggregates;0
311;Soccer Aggregates;241131;Czech Republic - First League Aggregates;0
311;Soccer Aggregates;11098;England - Premier League Aggregates;0
311;Soccer Aggregates;34001;England - National League Aggregates;0
312;Ice Hockey;11849;United Kingdom Elite League;0
312;Ice Hockey;10621;Alps Hockey League;0
312;Ice Hockey;10231;Hungary Erste Liga;0
312;Ice Hockey;9900;Austria EHL;0
312;Ice Hockey;9892;Swedish Hockey League;0
312;Ice Hockey;13311;Swiss League;0
312;Ice Hockey;10737;France Ligue Magnus;0
312;Ice Hockey;11519;Denmark Metal Ligaen;0
312;Ice Hockey;11848;Latvia Premjer Liga;0
312;Ice Hockey;14799;Germany 2nd Div;0
312;Ice Hockey;45690;Russia Short Hockey [3x10 min, Excluding OT];0
312;Ice Hockey;9893;Slovakia Extraliga;0
312;Ice Hockey;9894;Czech Extraliga;0
312;Ice Hockey;9895;Germany Eishockey Liga;0
312;Ice Hockey;9896;Poland Extraliga;0
312;Ice Hockey;9897;Norway GET Ligaen;0
312;Ice Hockey;9903;Russia KHL;0
312;Ice Hockey;9909;Finnish SM Liga;0
312;Ice Hockey;9916;Sweden HockeyAllsvenskan;0
312;Ice Hockey;9918;Czech Chance Liga;0
312;Ice Hockey;9921;Russia VHL;0
312;Ice Hockey;9923;NHL;0
312;Ice Hockey;9925;Finnish Mestis ;0
312;Ice Hockey;9928;Slovakia Liga1;0
312;Ice Hockey;9930;Swiss Nationalliga;0
312;Ice Hockey;9931;AHL;0
312;Ice Hockey;41626;Russia Short Hockey [3x10 min.];0
315;Handball;12990;Croatia HR;0
315;Handball;12989;Baltic League;0
315;Handball;13634;Denmark Division 1;0
315;Handball;13633;Austria Cup;0
315;Handball;14126;Denmark Division 1 Women;0
315;Handball;12585;Austria HLA;0
315;Handball;12586;Champions League Women;0
315;Handball;11852;Slovakia Extraliga;0
315;Handball;11851;Greece A1;0
315;Handball;11850;Norway Grundigligaen Women;0
315;Handball;35226;Turkey Cup Women;0
315;Handball;13314;Poland Extraklasa Women;0
315;Handball;12587;France Division 2 ;0
315;Handball;10726;Israel Premier league;0
315;Handball;18131;France Cup;0
315;Handball;14579;EHF Cup Women;0
315;Handball;11523;Hungary NBI Women;0
315;Handball;11522;Hungary NBI;0
315;Handball;11521;France Cup Women;0
315;Handball;11520;Germany 2nd Bundesliga;0
315;Handball;10736;Swedish Elitserien;0
315;Handball;9940;Champions League;0
315;Handball;13458;Finland SM Sarja;0
315;Handball;40858;Belarus Division 2;0
315;Handball;9934;Swedish Elitserien Women;0
315;Handball;9942;EHF Cup;0
315;Handball;9948;Portugal A1;0
315;Handball;15683;Georgia Super League;0
315;Handball;9950;Norway Grundigligaen;0
315;Handball;9952;Romania Nationala;0
315;Handball;9955;France Division 1 Women;0
315;Handball;9958;SEHA League;0
315;Handball;9962;Germany Bundesliga Women;0
315;Handball;9966;Slovenia ARL;0
315;Handball;9967;Denmark Handboldligaen Women;0
315;Handball;9969;Estonia Meistriliiga;0
315;Handball;9972;Russia Super League Women;0
315;Handball;12352;Swedish Handbollsallsvenskan;0
315;Handball;9946;Spain Liga Asobal;0
315;Handball;9938;Germany Bundesliga;0
315;Handball;9961;Denmark Handboldligaen;0
315;Handball;9936;France Division 1;0
315;Handball;9944;Poland Extraklasa;0
315;Handball;11274;Iceland Urvalsdelid;0
315;Handball;16186;Spain Cup;0
315;Handball;211479;Belarus League Women;0
315;Handball;14809;Russia Super League;0
315;Handball;14808;Norway Div 1 Women;0
315;Handball;14804;Challenge Cup Women;0
315;Handball;13312;Europe MOL Liga Women;0
315;Handball;13003;Spain Division De Honor Women;0
315;Handball;13002;Romania Nationala Women;0
315;Handball;45820;Belarus Division 1;0
315;Handball;12992;Czech Extraliga;0
319;Snooker & Pool;15121;Championship League;0
319;Snooker & Pool;45611;World Championship;0
319;Snooker & Pool;9975;Welsh Open;0
319;Snooker & Pool;28344;Gibraltar Open;0
319;Snooker & Pool;214211;Six-Red Spring Cup;0
319;Snooker & Pool;12406;Snooker Shoot Out;0
319;Snooker & Pool;37007;European Amateur Championship;0
319;Snooker & Pool;13466;Players Championship;0
319;Snooker & Pool;33341;Tour Championship;0
320;Darts;32136;Players Championship;0
320;Darts;9976;Premier League;0
320;Darts;233731;ISO Darts Challenge;0
320;Darts;14275;European Tour 1;0
320;Darts;192824;Modus Icons League;0
320;Darts;192825;PDC Darts at Home;0
320;Darts;16129;UK Open;0
320;Darts;215026;Remote Darts League;0
320;Darts;260615;German Super League;0
322;Volleyball;13316;Baltic League Women ;0
322;Volleyball;10619;Poland PLS;0
322;Volleyball;15688;Turkey 2. Lig Women;0
322;Volleyball;15685;Netherlands Eredivisie Women;0
322;Volleyball;15684;Netherlands Eredivisie;0
322;Volleyball;29259;Brazil SuperLiga B;0
322;Volleyball;38481;Russia Regional League;0
322;Volleyball;24143;Romania 1st Div;0
322;Volleyball;13372;Turkey 1. Lig;0
322;Volleyball;15281;Philippines UAAP Women;0
322;Volleyball;14611;Philippines Super Liga Women;0
322;Volleyball;14618;Turkey 1. Lig Women;0
322;Volleyball;14619;Estonia Meeste Liiga;0
322;Volleyball;12447;Sweden Elitserien Women;0
322;Volleyball;11284;Kazakhstan Vyschaya League Women;0
322;Volleyball;13017;Spain Superliga Women;0
322;Volleyball;29261;Indonesia Proliga;0
322;Volleyball;11100;Turkey Efeler League;0
322;Volleyball;13013;Portugal A1 Masculino;0
322;Volleyball;11099;Poland Orlen Liga Women;0
322;Volleyball;10613;Korea V League;0
322;Volleyball;14243;Kyrgyzstan Vyschaya League;0
322;Volleyball;10615;Korea V League Women;0
322;Volleyball;29262;Indonesia Proliga Women;0
322;Volleyball;10001;Austria 1.Bundesliga;0
322;Volleyball;10003;Finland Miesten Liga;0
322;Volleyball;10005;Finland SM Liga Women;0
322;Volleyball;10007;Turkey VVS League Women;0
322;Volleyball;10009;Belarus Division A;0
322;Volleyball;13014;Russia Super League Women;0
322;Volleyball;13015;Spain Superliga;0
322;Volleyball;13004;Baltic League;0
322;Volleyball;13005;Belgium 1st League;0
322;Volleyball;13020;Sweden Elitserien;0
322;Volleyball;13006;Czech Cup;0
322;Volleyball;13008;Greece A1;0
322;Volleyball;12922;Japan V League;0
322;Volleyball;13632;Denmark Eliteserien ;0
322;Volleyball;14192;Denmark Eliteserien Women;0
322;Volleyball;13009;Greece A1 Women;0
322;Volleyball;19764;Italy Campeonato A2;0
322;Volleyball;19748;Italy A2 Women;0
322;Volleyball;15040;Argentina Serie A1 Women;0
322;Volleyball;250564;Czech Regional League;0
322;Volleyball;14290;Romania 1st Div Women;0
322;Volleyball;11854;Switzerland NLA Women;0
322;Volleyball;14819;Russia Vyscha League Women;0
322;Volleyball;14817;Russia Vyscha League B Women;0
322;Volleyball;11853;CEV Challenge Cup Women;0
322;Volleyball;28529;Tunisia National A;0
322;Volleyball;14814;Latvia Championship Women;0
322;Volleyball;12591;Russia Super League;0
322;Volleyball;12590;Italy Campeonato A1;0
322;Volleyball;12589;France Pro A Women;0
322;Volleyball;12588;Bulgaria Super League;0
322;Volleyball;24153;Thailand League Women;0
322;Volleyball;13010;Italy Cup;0
322;Volleyball;14288;Kazakhstan National League;0
322;Volleyball;11525;Champions League Women;0
322;Volleyball;11524;Kazakhstan National League Women;0
322;Volleyball;14812;Belgium 1st League Women;0
322;Volleyball;29260;Thailand League;0
322;Volleyball;11283;Kazakhstan U23 League;0
322;Volleyball;11282;Czech Extraliga;0
322;Volleyball;10561;Russia Liga Pro;0
322;Volleyball;9980;Greece League Cup;0
322;Volleyball;9981;Champions League;0
322;Volleyball;9985;Brazil Superliga;0
322;Volleyball;14690;Switzerland NLA;0
322;Volleyball;12353;Argentina Serie A1;0
322;Volleyball;9987;CEV Cup;0
322;Volleyball;9989;Poland Cup Women;0
322;Volleyball;9990;CEV Challenge Cup;0
322;Volleyball;9995;Czech Extraliga Women;0
322;Volleyball;12354;Brazil Superliga Women;0
322;Volleyball;12355;CEV Cup Women;0
322;Volleyball;9997;Germany Bundesliga;0
322;Volleyball;9998;Germany Bundesliga Women;0
322;Volleyball;12356;France Pro A ;0
322;Volleyball;9999;Italy A1 Women;0
324;Table Tennis;42288;Win Cup;0
324;Table Tennis;37714;TT Cup;0
324;Table Tennis;197486;China Liga Pro;0
324;Table Tennis;195840;Armenia ITT Cup;0
324;Table Tennis;247686;ART Cup;0
324;Table Tennis;198835;Armenia ITT Cup Women;0
324;Table Tennis;204538;Czech Republic Pro League;0
324;Table Tennis;38606;Setka Cup;0
324;Table Tennis;38340;Setka Cup Women;0
324;Table Tennis;210399;Masters League B;0
324;Table Tennis;16216;Qatar Open Women;0
324;Table Tennis;246461;TT Cup Women;0
324;Table Tennis;42213;Masters League A Women;0
324;Table Tennis;10012;Challenger Series;0
324;Table Tennis;198893;Master Tour Women;0
324;Table Tennis;208230;Master Tour;0
324;Table Tennis;45647;Masters League A;0
324;Table Tennis;39593;Russia Moscow Liga Pro Women;0
324;Table Tennis;13367;Hungary Open Women;0
324;Table Tennis;35035;Russia Moscow Liga Pro;0
324;Table Tennis;36903;Czech Republic TT Star Series;0
325;Cricket;205667;Taipei T10;0
325;Cricket;18549;Ranji Trophy;0
325;Cricket;43902;Fatehbad Premier League;0
325;Cricket;37752;Hapur Premier League;0
325;Cricket;226752;Vincy Premier League T10;0
325;Cricket;10652;Momentum One Day Cup;0
325;Cricket;11101;Pakistan Super League;0
325;Cricket;11783;Twenty20 World Cup Women;0
325;Cricket;221146;Vanuatu T10;0
325;Cricket;13529;Indian Premier League;0
325;Cricket;10790;Sheffield Shield;0
325;Cricket;11855;Warm Up Matches Women;0
325;Cricket;11705;One Day Internationals;0
325;Cricket;10013;Twenty20 International;0
325;Cricket;10015;The Ford Trophy;0
325;Cricket;10017;Twenty20 International Women;0
337;Motor Racing;45838;Esports Supercars Phillip Island;0
337;Motor Racing;10296;Nascar Xfinity - Racing Experience 300;0
337;Motor Racing;15626;Nascar Xfinity - LS Tractor 200;0
337;Motor Racing;214757;Nascar Cup Series - Toyota 500;0
337;Motor Racing;15578;Nascar Cup Series - FanShield 500;0
337;Motor Racing;15447;Nascar Cup Series Championship;0
337;Motor Racing;15444;Moto GP Championship;0
337;Motor Racing;192835;Nascar Cup Series - Race at Darlington;0
337;Motor Racing;243291;Nascar Truck Series - NC Education Lottery 200;0
337;Motor Racing;38704;Esports Virtual F1 Bahrain GP;0
337;Motor Racing;232226;Nascar Xfinity - Alsco 300;0
337;Motor Racing;254082;Nascar Xfinity - Cheddars 300;0
337;Motor Racing;257356;NASCAR Cup Series â Supermarket Heroes 500;0
337;Motor Racing;22038;Nascar Cup Series - Folds of Honor QuikTrip 500;0
337;Motor Racing;14140;Nascar Cup Series - Auto Club 400;0
337;Motor Racing;23608;WRC Rally of Mexico;0
337;Motor Racing;23654;Nascar Xfinity - EchoPark 250;0
337;Motor Racing;224247;Nascar Cup Series - Coca-Cola 600;0
337;Motor Racing;12799;Nascar Cup Series - Pennzoil 400;0
337;Motor Racing;45815;Esports Virtual F1 Australian GP;0
337;Motor Racing;45832;Esport Nascar Short Track Racing Challenge;0
337;Motor Racing;214606;Nascar Xfinity - Race at Darlington;0
337;Motor Racing;239140;Nascar Cup Series - Alsco Uniforms 500;0
342;Badminton;10698;European Team Championships;0
342;Badminton;216288;Shuttle Masters Cup Women;0
348;Futsal;234213;Belarus League;0
348;Futsal;12357;Russia Super League;0
348;Futsal;45829;Belarus Regional League;0
348;Futsal;14821;Russia Cup;0
348;Futsal;15905;Spain Cup;0
348;Futsal;11526;Spain Primera Division;0
348;Futsal;41919;Belarus Amateur League;0
348;Futsal;14168;Czech Republic 1. Liga;0
363;World Rally;15736;World Rally Championship;0
502;Aussie Rules;37767;AFL Women;1
502;Aussie Rules;36697;AFL;1
510;Bowls;38680;Grand Prix;1
547;Baseball;45834;Nicaragua GPO;0
547;Baseball;196155;Taiwan CPBL;0
547;Baseball;207296;Taiwan CPBL Minor;0
547;Baseball;196125;South Korean KBO League;0
547;Baseball;265506;Japan NPB Preseason;0
